polymer,span_L,n_repeats,oligomer,oligomer_cp_mapped,cp_span_measured,cp_span_expected,span_ok,status
*c1cc2c(s1)-c1cc3c(cc1[Si]2(C)C)-c1sc(-c2ccc(*)c4nsnc24)cc1[Si]3(C)C,13,1,C[Si]1(C)c2cc3c(cc2-c2sccc21)[Si](C)(C)c1cc(-c2cccc4nsnc24)sc1-3,C[Si]1(C)c2cc3c(cc2-c2sc(-c4cc[cH:2]c5nsnc45)cc21)[Si](C)(C)c1c[cH:1]sc1-3,13,13,True,ok
*c1ccc(-c2ccc(-c3ccc(-c4cc5c(s4)-c4cc6c(cc4[Si]5(C)C)-c4sc(*)cc4[Si]6(C)C)s3)c3nsnc23)s1,19,1,C[Si]1(C)c2cc3c(cc2-c2sccc21)[Si](C)(C)c1cc(-c2ccc(-c4ccc(-c5cccs5)c5nsnc45)s2)sc1-3,C[Si]1(C)c2cc3c(cc2-c2sc(-c4ccc(-c5ccc(-c6cc[cH:1]s6)c6nsnc56)s4)cc21)[Si](C)(C)c1c[cH:2]sc1-3,19,19,True,ok
*c1cc2c(s1)-c1cc3c(cc1[Si]2(C)C)-c1sc(-c2c(F)c(F)c(*)c4nsnc24)cc1[Si]3(C)C,13,1,C[Si]1(C)c2cc3c(cc2-c2sccc21)[Si](C)(C)c1cc(-c2c(F)c(F)cc4nsnc24)sc1-3,C[Si]1(C)c2cc3c(cc2-c2sc(-c4c(F)c(F)[cH:2]c5nsnc45)cc21)[Si](C)(C)c1c[cH:1]sc1-3,13,13,True,ok
*c1ccc(-c2cc3c(s2)/C(=C2\C(=O)N(C)c4cc(*)sc42)C(=O)N3C)s1,10,2,CN1C(=O)/C(=C2/C(=O)N(C)c3cc(-c4ccc(-c5cc6c(s5)/C(=C5\C(=O)N(C)c7cc(-c8cccs8)sc75)C(=O)N6C)s4)sc32)c2sccc21,CN1C(=O)/C(=C2/C(=O)N(C)c3cc(-c4cc[cH:1]s4)sc32)c2sc(-c3ccc(-c4cc5c(s4)/C(=C4\C(=O)N(C)c6c[cH:2]sc64)C(=O)N5C)s3)cc21,21,21,True,ok
*c1cc2c(s1)/C(=C1\C(=O)N(C)c3cc(-c4ccc(*)[se]4)sc31)C(=O)N2C,10,2,CN1C(=O)/C(=C2/C(=O)N(C)c3cc(-c4ccc(-c5cc6c(s5)/C(=C5\C(=O)N(C)c7cc(-c8ccc[se]8)sc75)C(=O)N6C)[se]4)sc32)c2sccc21,CN1C(=O)/C(=C2/C(=O)N(C)c3cc(-c4cc[cH:2][se]4)sc32)c2sc(-c3ccc(-c4cc5c(s4)/C(=C4\C(=O)N(C)c6c[cH:1]sc64)C(=O)N5C)[se]3)cc21,21,21,True,ok
*c1ccc(/C(OCC)=C(\OCC)c2ccc(-c3cc4c5c(c(*)cc6c5c3C(=O)N(C)C6=O)C(=O)N(C)C4=O)s2)s1,13,1,CCO/C(=C(/OCC)c1ccc(-c2cc3c4c(ccc5c4c2C(=O)N(C)C5=O)C(=O)N(C)C3=O)s1)c1cccs1,CCO/C(=C(/OCC)c1cc[cH:1]s1)c1ccc(-c2cc3c4c([cH:2]cc5c4c2C(=O)N(C)C5=O)C(=O)N(C)C3=O)s1,13,13,True,ok
*c1ccc(/C(OCC)=C(\OCC)c2ccc(-c3sc(-c4cc(C)c(*)s4)cc3C)s2)s1,13,1,CCO/C(=C(/OCC)c1ccc(-c2sc(-c3cc(C)cs3)cc2C)s1)c1cccs1,CCO/C(=C(/OCC)c1cc[cH:1]s1)c1ccc(-c2sc(-c3cc(C)[cH:2]s3)cc2C)s1,13,13,True,ok
*c1ccc(/C(OCC)=C(\OCC)c2ccc(-c3cc(OC)c(-c4sc(*)cc4OC)s3)s2)s1,13,1,CCO/C(=C(/OCC)c1ccc(-c2cc(OC)c(-c3sccc3OC)s2)s1)c1cccs1,CCO/C(=C(/OCC)c1cc[cH:1]s1)c1ccc(-c2cc(OC)c(-c3s[cH:2]cc3OC)s2)s1,13,13,True,ok
*c1ccc(/C(OCC)=C(\OCC)c2ccc(-c3cc4c(C)c5sc(*)cc5c(C)c4s3)s2)s1,14,1,CCO/C(=C(/OCC)c1ccc(-c2cc3c(C)c4sccc4c(C)c3s2)s1)c1cccs1,CCO/C(=C(/OCC)c1cc[cH:1]s1)c1ccc(-c2cc3c(C)c4s[cH:2]cc4c(C)c3s2)s1,14,14,True,ok
*c1ccc(-c2ccc(-c3cc4sc5c(c4s3)N(C)C(=O)/C5=C3/C(=O)N(C)c4c3sc3cc(*)sc43)s2)s1,17,1,CN1C(=O)/C(=C2/C(=O)N(C)c3c2sc2cc(-c4ccc(-c5cccs5)s4)sc32)c2sc3ccsc3c21,CN1C(=O)/C(=C2/C(=O)N(C)c3c2sc2c[cH:2]sc32)c2sc3cc(-c4ccc(-c5cc[cH:1]s5)s4)sc3c21,17,17,True,ok
*c1cc2sc3c(c2s1)N(C)C(=O)/C3=C1/C(=O)N(C)c2c1sc1cc(-c3ccc(*)c4nsnc34)sc21,15,1,CN1C(=O)/C(=C2/C(=O)N(C)c3c2sc2cc(-c4cccc5nsnc45)sc32)c2sc3ccsc3c21,CN1C(=O)/C(=C2/C(=O)N(C)c3c2sc2c[cH:1]sc32)c2sc3cc(-c4cc[cH:2]c5nsnc45)sc3c21,15,15,True,ok
*c1ccc(C2=C3C(=O)N(C)C(c4ccc(-c5ccc(*)s5)s4)=C3C(=O)N2C)s1,12,2,CN1C(=O)C2=C(c3ccc(-c4ccc(-c5ccc(C6=C7C(=O)N(C)C(c8ccc(-c9cccs9)s8)=C7C(=O)N6C)s5)s4)s3)N(C)C(=O)C2=C1c1cccs1,CN1C(=O)C2=C(c3ccc(-c4cc[cH:2]s4)s3)N(C)C(=O)C2=C1c1ccc(-c2ccc(-c3ccc(C4=C5C(=O)N(C)C(c6cc[cH:1]s6)=C5C(=O)N4C)s3)s2)s1,25,25,True,ok
*c1ccc(C2=C3C(=O)N(C)C(c4ccc(-c5sc(*)c(F)c5F)s4)=C3C(=O)N2C)s1,12,2,CN1C(=O)C2=C(c3ccc(-c4sc(-c5ccc(C6=C7C(=O)N(C)C(c8ccc(-c9scc(F)c9F)s8)=C7C(=O)N6C)s5)c(F)c4F)s3)N(C)C(=O)C2=C1c1cccs1,CN1C(=O)C2=C(c3ccc(-c4s[cH:2]c(F)c4F)s3)N(C)C(=O)C2=C1c1ccc(-c2sc(-c3ccc(C4=C5C(=O)N(C)C(c6cc[cH:1]s6)=C5C(=O)N4C)s3)c(F)c2F)s1,25,25,True,ok
*c1ccc(C2=C3C(=O)N(C)C(c4ccc(-c5ccc(*)s5)cn4)=C3C(=O)N2C)nc1,14,1,CN1C(=O)C2=C(c3ccc(-c4cccs4)cn3)N(C)C(=O)C2=C1c1ccccn1,CN1C(=O)C2=C(c3cc[cH:1]cn3)N(C)C(=O)C2=C1c1ccc(-c2cc[cH:2]s2)cn1,14,14,True,ok
*c1ccc(C2=C3C(=O)N(C)C(c4ccc(-c5sc(*)c(F)c5F)cn4)=C3C(=O)N2C)nc1,14,1,CN1C(=O)C2=C(c3ccc(-c4scc(F)c4F)cn3)N(C)C(=O)C2=C1c1ccccn1,CN1C(=O)C2=C(c3cc[cH:1]cn3)N(C)C(=O)C2=C1c1ccc(-c2s[cH:2]c(F)c2F)cn1,14,14,True,ok
*c1ccc(C2=C3C(=O)N(C)C(c4ccc(-c5ccc(*)s5)cc4)=C3C(=O)N2C)cc1,14,1,CN1C(=O)C2=C(c3ccc(-c4cccs4)cc3)N(C)C(=O)C2=C1c1ccccc1,CN1C(=O)C2=C(c3cc[cH:1]cc3)N(C)C(=O)C2=C1c1ccc(-c2cc[cH:2]s2)cc1,14,14,True,ok
*c1cc2cc(C)c3c4sc(-c5sc(-c6cc7c(cc(-c8cc(C)c(*)s8)c8nsnc87)c7nsnc67)cc5C)cc4cc(C)c3c2s1,19,1,Cc1csc(-c2cc3c(cc(-c4cc(C)c(-c5cc6cc(C)c7c8sccc8cc(C)c7c6s5)s4)c4nsnc43)c3nsnc23)c1,Cc1cc(-c2cc3c(cc(-c4cc(C)[cH:2]s4)c4nsnc43)c3nsnc23)sc1-c1cc2cc(C)c3c4s[cH:1]cc4cc(C)c3c2s1,19,19,True,ok
*c1cc2sc(-c3sc(-c4cc(C)c(*)s4)cc3C)cc2s1,10,2,Cc1csc(-c2cc(C)c(-c3cc4sc(-c5sc(-c6cc(C)c(-c7cc8sccc8s7)s6)cc5C)cc4s3)s2)c1,Cc1cc(-c2cc(C)c(-c3cc4s[cH:1]cc4s3)s2)sc1-c1cc2sc(-c3sc(-c4cc(C)[cH:2]s4)cc3C)cc2s1,21,21,True,ok
*c1ccc2c(c1)N(C)C(=O)/C2=C1/C(=O)N(C)c2cc(-c3ccc4cc(*)ccc4c3)ccc21,15,1,CN1C(=O)/C(=C2/C(=O)N(C)c3cc(-c4ccc5ccccc5c4)ccc32)c2ccccc21,CN1C(=O)/C(=C2/C(=O)N(C)c3c[cH:1]ccc32)c2ccc(-c3ccc4c[cH:2]ccc4c3)cc21,15,15,True,ok
*c1ccc2c(c1)N(C)C(=O)/C2=C1/C(=O)N(C)c2cc(-c3ccc(-c4ccc(*)s4)s3)ccc21,15,1,CN1C(=O)/C(=C2/C(=O)N(C)c3cc(-c4ccc(-c5cccs5)s4)ccc32)c2ccccc21,CN1C(=O)/C(=C2/C(=O)N(C)c3c[cH:1]ccc32)c2ccc(-c3ccc(-c4cc[cH:2]s4)s3)cc21,15,15,True,ok
*c1ccc(-c2ccc(-c3ccc(-c4sc(-c5sc(*)c6c5C(=O)N(C)C6=O)c5c4C(=O)N(C)C5=O)s3)c3nsnc23)s1,15,1,CN1C(=O)c2csc(-c3sc(-c4ccc(-c5ccc(-c6cccs6)c6nsnc56)s4)c4c3C(=O)N(C)C4=O)c2C1=O,CN1C(=O)c2c(-c3ccc(-c4ccc(-c5cc[cH:1]s5)c5nsnc45)s3)sc(-c3s[cH:2]c4c3C(=O)N(C)C4=O)c2C1=O,15,15,True,ok
*c1ccc(/C=C/c2ccc(-c3sc(-c4c5c(c(-c6cc(C)c(*)s6)c6nn(C)nc46)N=S=N5)cc3C)s2)s1,17,1,Cc1csc(-c2c3c(c(-c4cc(C)c(-c5ccc(/C=C/c6cccs6)s5)s4)c4nn(C)nc24)N=S=N3)c1,Cc1cc(-c2c3c(c(-c4cc(C)[cH:2]s4)c4nn(C)nc24)N=S=N3)sc1-c1ccc(/C=C/c2cc[cH:1]s2)s1,17,17,True,ok
*c1ccc(/C=C/c2ccc(-c3sc(-c4c5c(c(-c6cc(C)c(*)s6)c6nn(C)nc46)N=S=N5)cc3C)o2)o1,17,1,Cc1csc(-c2c3c(c(-c4cc(C)c(-c5ccc(/C=C/c6ccco6)o5)s4)c4nn(C)nc24)N=S=N3)c1,Cc1cc(-c2c3c(c(-c4cc(C)[cH:2]s4)c4nn(C)nc24)N=S=N3)sc1-c1ccc(/C=C/c2cc[cH:1]o2)o1,17,17,True,ok
*c1cc2c3c(c(-c4sc(-c5c6c(c(-c7cc(C)c(*)s7)c7nn(C)nc57)N=S=N6)cc4C)cc4c3c1C(=O)N(C)C4=O)C(=O)N(C)C2=O,15,1,Cc1csc(-c2c3c(c(-c4cc(C)c(-c5cc6c7c(ccc8c7c5C(=O)N(C)C8=O)C(=O)N(C)C6=O)s4)c4nn(C)nc24)N=S=N3)c1,Cc1cc(-c2c3c(c(-c4cc(C)[cH:2]s4)c4nn(C)nc24)N=S=N3)sc1-c1cc2c3c([cH:1]cc4c3c1C(=O)N(C)C4=O)C(=O)N(C)C2=O,15,15,True,ok
*c1cc2c3c(c(-c4sc(-c5c6c(c(-c7cc(C)c(*)s7)c7nn(C)nc57)N=[Se]=N6)cc4C)cc4c3c1C(=O)N(C)C4=O)C(=O)N(C)C2=O,15,1,Cc1csc(-c2c3c(c(-c4cc(C)c(-c5cc6c7c(ccc8c7c5C(=O)N(C)C8=O)C(=O)N(C)C6=O)s4)c4nn(C)nc24)N=[Se]=N3)c1,Cc1cc(-c2c3c(c(-c4cc(C)[cH:2]s4)c4nn(C)nc24)N=[Se]=N3)sc1-c1cc2c3c([cH:1]cc4c3c1C(=O)N(C)C4=O)C(=O)N(C)C2=O,15,15,True,ok
*c1cc2c3c(c(-c4sc(-c5c6c(c(-c7cc(C)c(*)s7)c7nsnc57)N=S=N6)cc4C)cc4c3c1C(=O)N(C)C4=O)C(=O)N(C)C2=O,15,1,Cc1csc(-c2c3c(c(-c4cc(C)c(-c5cc6c7c(ccc8c7c5C(=O)N(C)C8=O)C(=O)N(C)C6=O)s4)c4nsnc24)N=S=N3)c1,Cc1cc(-c2c3c(c(-c4cc(C)[cH:2]s4)c4nsnc24)N=S=N3)sc1-c1cc2c3c([cH:1]cc4c3c1C(=O)N(C)C4=O)C(=O)N(C)C2=O,15,15,True,ok
*c1ccc(C2=C3C(=O)N(C)C(c4ccc(-c5ccc(-c6ccc(*)s6)s5)cn4)=C3C(=O)N2C)nc1,17,1,CN1C(=O)C2=C(c3ccc(-c4ccc(-c5cccs5)s4)cn3)N(C)C(=O)C2=C1c1ccccn1,CN1C(=O)C2=C(c3cc[cH:1]cn3)N(C)C(=O)C2=C1c1ccc(-c2ccc(-c3cc[cH:2]s3)s2)cn1,17,17,True,ok
*c1ccc(C2=C3C(=O)N(C)C(c4ccc(-c5sc(-c6sc(*)c(F)c6F)c(F)c5F)cn4)=C3C(=O)N2C)nc1,17,1,CN1C(=O)C2=C(c3ccc(-c4sc(-c5scc(F)c5F)c(F)c4F)cn3)N(C)C(=O)C2=C1c1ccccn1,CN1C(=O)C2=C(c3cc[cH:1]cn3)N(C)C(=O)C2=C1c1ccc(-c2sc(-c3s[cH:2]c(F)c3F)c(F)c2F)cn1,17,17,True,ok
*/C=C/c1sc(-c2ccc(-c3c(=O)n4c5ccccc5c5c(-c6ccc(-c7cc(C)c(*)s7)s6)c(=O)n6c7ccccc7c3c6c54)s2)cc1C,19,1,C=Cc1sc(-c2ccc(-c3c(=O)n4c5ccccc5c5c(-c6ccc(-c7cc(C)cs7)s6)c(=O)n6c7ccccc7c3c6c54)s2)cc1C,Cc1cc(-c2ccc(-c3c(=O)n4c5ccccc5c5c(-c6ccc(-c7cc(C)[cH:2]s7)s6)c(=O)n6c7ccccc7c3c6c54)s2)sc1C=[CH2:1],19,19,True,ok
*/C=C/c1sc(-c2ccc(-c3c(=O)n4c5ccc(F)cc5c5c(-c6ccc(-c7cc(C)c(*)s7)s6)c(=O)n6c7ccc(F)cc7c3c6c54)s2)cc1C,19,1,C=Cc1sc(-c2ccc(-c3c(=O)n4c5ccc(F)cc5c5c(-c6ccc(-c7cc(C)cs7)s6)c(=O)n6c7ccc(F)cc7c3c6c54)s2)cc1C,Cc1cc(-c2ccc(-c3c(=O)n4c5ccc(F)cc5c5c(-c6ccc(-c7cc(C)[cH:2]s7)s6)c(=O)n6c7ccc(F)cc7c3c6c54)s2)sc1C=[CH2:1],19,19,True,ok
*/C=C/c1sc(-c2ccc(-c3c(=O)n4c5ccc(Cl)cc5c5c(-c6ccc(-c7cc(C)c(*)s7)s6)c(=O)n6c7ccc(Cl)cc7c3c6c54)s2)cc1C,19,1,C=Cc1sc(-c2ccc(-c3c(=O)n4c5ccc(Cl)cc5c5c(-c6ccc(-c7cc(C)cs7)s6)c(=O)n6c7ccc(Cl)cc7c3c6c54)s2)cc1C,Cc1cc(-c2ccc(-c3c(=O)n4c5ccc(Cl)cc5c5c(-c6ccc(-c7cc(C)[cH:2]s7)s6)c(=O)n6c7ccc(Cl)cc7c3c6c54)s2)sc1C=[CH2:1],19,19,True,ok
*c1ccc2c(c1)N(C)C(=O)/C2=C1/C(=O)N(C)c2cc(-c3cc(F)c(-c4sc(*)cc4F)s3)ccc21,15,1,CN1C(=O)/C(=C2/C(=O)N(C)c3cc(-c4cc(F)c(-c5sccc5F)s4)ccc32)c2ccccc21,CN1C(=O)/C(=C2/C(=O)N(C)c3c[cH:1]ccc32)c2ccc(-c3cc(F)c(-c4s[cH:2]cc4F)s3)cc21,15,15,True,ok
*c1cc(F)c(-c2sc(-c3ccc(C4=C5C(=O)N(C)C(c6ccc(*)[se]6)=C5C(=O)N4C)[se]3)cc2F)s1,15,1,CN1C(=O)C2=C(c3ccc(-c4cc(F)c(-c5sccc5F)s4)[se]3)N(C)C(=O)C2=C1c1ccc[se]1,CN1C(=O)C2=C(c3cc[cH:2][se]3)N(C)C(=O)C2=C1c1ccc(-c2cc(F)c(-c3s[cH:1]cc3F)s2)[se]1,15,15,True,ok
*c1ccc(C2=C3C(=O)N(C)C(c4ccc(-c5cc(F)c(-c6sc(*)cc6F)s5)o4)=C3C(=O)N2C)o1,15,1,CN1C(=O)C2=C(c3ccc(-c4cc(F)c(-c5sccc5F)s4)o3)N(C)C(=O)C2=C1c1ccco1,CN1C(=O)C2=C(c3cc[cH:1]o3)N(C)C(=O)C2=C1c1ccc(-c2cc(F)c(-c3s[cH:2]cc3F)s2)o1,15,15,True,ok
*c1ccc2c(c1)C(C)(C)c1cc(-c3ccc4c(c3F)N(C)C(=O)/C4=C3/C(=O)Oc4cc5c(cc43)OC(=O)/C5=C3/C(=O)N(C)c4c3ccc(*)c4F)ccc1-2,22,1,CN1C(=O)/C(=C2/C(=O)Oc3cc4c(cc32)OC(=O)/C4=C2/C(=O)N(C)c3c2ccc(-c2ccc4c(c2)C(C)(C)c2ccccc2-4)c3F)c2cccc(F)c21,CN1C(=O)/C(=C2/C(=O)Oc3cc4c(cc32)OC(=O)/C4=C2/C(=O)N(C)c3c2cc[cH:2]c3F)c2ccc(-c3ccc4c(c3)C(C)(C)c3c[cH:1]ccc3-4)c(F)c21,22,22,True,ok
*c1ccc(-c2ccc(-c3cc4c5c(c(*)cc6c5c3C(=O)N6C)C(=O)N4C)s2)s1,11,2,CN1C(=O)c2ccc3c4c(c(-c5ccc(-c6ccc(-c7cc8c9c(c(-c%10ccc(-c%11cccs%11)s%10)cc%10c9c7C(=O)N%10C)C(=O)N8C)s6)s5)cc1c24)C(=O)N3C,CN1C(=O)c2c(-c3ccc(-c4ccc(-c5cc6c7c([cH:2]cc8c7c5C(=O)N8C)C(=O)N6C)s4)s3)cc3c4c(c(-c5ccc(-c6cc[cH:1]s6)s5)cc1c24)C(=O)N3C,23,23,True,ok
*c1ccc(/C=C/c2ccc(-c3cc4c5c(c(*)cc6c5c3C(=O)N6C)C(=O)N4C)s2)s1,13,1,CN1C(=O)c2ccc3c4c(c(-c5ccc(/C=C/c6cccs6)s5)cc1c24)C(=O)N3C,CN1C(=O)c2c(-c3ccc(/C=C/c4cc[cH:1]s4)s3)cc3c4c([cH:2]cc1c24)C(=O)N3C,13,13,True,ok
*c1ccc(-c2ccc(-c3ccc(-c4cc5c6c(c(*)cc7c6c4C(=O)N7C)C(=O)N5C)s3)c3nsnc23)s1,15,1,CN1C(=O)c2ccc3c4c(c(-c5ccc(-c6ccc(-c7cccs7)c7nsnc67)s5)cc1c24)C(=O)N3C,CN1C(=O)c2c(-c3ccc(-c4ccc(-c5cc[cH:1]s5)c5nsnc45)s3)cc3c4c([cH:2]cc1c24)C(=O)N3C,15,15,True,ok
*c1ccc(C2=C3C(=O)N(C)C(c4ccc(-c5ccc(*)o5)o4)=C3C(=O)N2C)o1,12,2,CN1C(=O)C2=C(c3ccc(-c4ccc(-c5ccc(C6=C7C(=O)N(C)C(c8ccc(-c9ccco9)o8)=C7C(=O)N6C)o5)o4)o3)N(C)C(=O)C2=C1c1ccco1,CN1C(=O)C2=C(c3ccc(-c4cc[cH:2]o4)o3)N(C)C(=O)C2=C1c1ccc(-c2ccc(-c3ccc(C4=C5C(=O)N(C)C(c6cc[cH:1]o6)=C5C(=O)N4C)o3)o2)o1,25,25,True,ok
*c1ccc(C2=C3C(=O)N(C)C(c4ccc(-c5ccc(*)s5)o4)=C3C(=O)N2C)o1,12,2,CN1C(=O)C2=C(c3ccc(-c4ccc(-c5ccc(C6=C7C(=O)N(C)C(c8ccc(-c9cccs9)o8)=C7C(=O)N6C)o5)s4)o3)N(C)C(=O)C2=C1c1ccco1,CN1C(=O)C2=C(c3ccc(-c4cc[cH:2]s4)o3)N(C)C(=O)C2=C1c1ccc(-c2ccc(-c3ccc(C4=C5C(=O)N(C)C(c6cc[cH:1]o6)=C5C(=O)N4C)o3)s2)o1,25,25,True,ok
*c1ccc(C2=C3C(=O)N(C)C(c4ccc(-c5ccc(*)[se]5)o4)=C3C(=O)N2C)o1,12,2,CN1C(=O)C2=C(c3ccc(-c4ccc(-c5ccc(C6=C7C(=O)N(C)C(c8ccc(-c9ccc[se]9)o8)=C7C(=O)N6C)o5)[se]4)o3)N(C)C(=O)C2=C1c1ccco1,CN1C(=O)C2=C(c3ccc(-c4cc[cH:2][se]4)o3)N(C)C(=O)C2=C1c1ccc(-c2ccc(-c3ccc(C4=C5C(=O)N(C)C(c6cc[cH:1]o6)=C5C(=O)N4C)o3)[se]2)o1,25,25,True,ok
*c1ccc(-c2ccc(C3=C4C(=O)N(C)C(c5ccc(*)s5)=C4C(=O)N3C)s2)o1,12,2,CN1C(=O)C2=C(c3ccc(-c4ccc(-c5ccc(C6=C7C(=O)N(C)C(c8ccc(-c9ccco9)s8)=C7C(=O)N6C)s5)o4)s3)N(C)C(=O)C2=C1c1cccs1,CN1C(=O)C2=C(c3ccc(-c4cc[cH:1]o4)s3)N(C)C(=O)C2=C1c1ccc(-c2ccc(-c3ccc(C4=C5C(=O)N(C)C(c6cc[cH:2]s6)=C5C(=O)N4C)s3)o2)s1,25,25,True,ok
*c1ccc(C2=C3C(=O)N(C)C(c4ccc(-c5ccc(*)[se]5)s4)=C3C(=O)N2C)s1,12,2,CN1C(=O)C2=C(c3ccc(-c4ccc(-c5ccc(C6=C7C(=O)N(C)C(c8ccc(-c9ccc[se]9)s8)=C7C(=O)N6C)s5)[se]4)s3)N(C)C(=O)C2=C1c1cccs1,CN1C(=O)C2=C(c3ccc(-c4cc[cH:2][se]4)s3)N(C)C(=O)C2=C1c1ccc(-c2ccc(-c3ccc(C4=C5C(=O)N(C)C(c6cc[cH:1]s6)=C5C(=O)N4C)s3)[se]2)s1,25,25,True,ok
*c1ccc(-c2ccc(C3=C4C(=O)N(C)C(c5ccc(*)[se]5)=C4C(=O)N3C)[se]2)o1,12,2,CN1C(=O)C2=C(c3ccc(-c4ccc(-c5ccc(C6=C7C(=O)N(C)C(c8ccc(-c9ccco9)[se]8)=C7C(=O)N6C)[se]5)o4)[se]3)N(C)C(=O)C2=C1c1ccc[se]1,CN1C(=O)C2=C(c3ccc(-c4cc[cH:1]o4)[se]3)N(C)C(=O)C2=C1c1ccc(-c2ccc(-c3ccc(C4=C5C(=O)N(C)C(c6cc[cH:2][se]6)=C5C(=O)N4C)[se]3)o2)[se]1,25,25,True,ok
*c1ccc(-c2ccc(C3=C4C(=O)N(C)C(c5ccc(*)[se]5)=C4C(=O)N3C)[se]2)s1,12,2,CN1C(=O)C2=C(c3ccc(-c4ccc(-c5ccc(C6=C7C(=O)N(C)C(c8ccc(-c9cccs9)[se]8)=C7C(=O)N6C)[se]5)s4)[se]3)N(C)C(=O)C2=C1c1ccc[se]1,CN1C(=O)C2=C(c3ccc(-c4cc[cH:1]s4)[se]3)N(C)C(=O)C2=C1c1ccc(-c2ccc(-c3ccc(C4=C5C(=O)N(C)C(c6cc[cH:2][se]6)=C5C(=O)N4C)[se]3)s2)[se]1,25,25,True,ok
*c1ccc(/C=c2\nc(OC)/c(=C/c3ccc(-c4c(F)c(F)c(*)c5nn(C)nc45)s3)nc2OC)s1,15,1,COc1n/c(=C\c2ccc(-c3c(F)c(F)cc4nn(C)nc34)s2)c(OC)n/c1=C\c1cccs1,COc1n/c(=C\c2cc[cH:1]s2)c(OC)n/c1=C\c1ccc(-c2c(F)c(F)[cH:2]c3nn(C)nc23)s1,15,15,True,ok
*c1ccc(/C=c2\nc(OC)/c(=C/c3ccc(-c4sc(*)c5c4C(=O)N(C)C5=O)s3)nc2OC)s1,14,1,COc1n/c(=C\c2ccc(-c3scc4c3C(=O)N(C)C4=O)s2)c(OC)n/c1=C\c1cccs1,COc1n/c(=C\c2cc[cH:1]s2)c(OC)n/c1=C\c1ccc(-c2s[cH:2]c3c2C(=O)N(C)C3=O)s1,14,14,True,ok
*c1ccc(/C=c2\nc(OC)/c(=C/c3ccc(-c4ccc(*)c5nsnc45)s3)nc2OC)s1,15,1,COc1n/c(=C\c2ccc(-c3cccc4nsnc34)s2)c(OC)n/c1=C\c1cccs1,COc1n/c(=C\c2cc[cH:1]s2)c(OC)n/c1=C\c1ccc(-c2cc[cH:2]c3nsnc23)s1,15,15,True,ok
*c1ccc(/C=c2\nc(OC)/c(=C/c3ccc(-c4ccc(*)c5n[se]nc45)s3)nc2OC)s1,15,1,COc1n/c(=C\c2ccc(-c3cccc4n[se]nc34)s2)c(OC)n/c1=C\c1cccs1,COc1n/c(=C\c2cc[cH:1]s2)c(OC)n/c1=C\c1ccc(-c2cc[cH:2]c3n[se]nc23)s1,15,15,True,ok
*c1ccc(/C=c2\nc(OC)/c(=C/c3ccc(-c4c(F)c(F)c(*)c5nsnc45)s3)nc2OC)s1,15,1,COc1n/c(=C\c2ccc(-c3c(F)c(F)cc4nsnc34)s2)c(OC)n/c1=C\c1cccs1,COc1n/c(=C\c2cc[cH:1]s2)c(OC)n/c1=C\c1ccc(-c2c(F)c(F)[cH:2]c3nsnc23)s1,15,15,True,ok
*c1ccc(-c2sc3c(c2C)c(=O)c2c(F)c4c(c(F)c23)c(=O)c2c(C)c(*)sc24)s1,12,2,Cc1csc2c1c(=O)c1c(F)c3c(c(F)c12)c(=O)c1c(C)c(-c2ccc(-c4sc5c(c4C)c(=O)c4c(F)c6c(c(F)c45)c(=O)c4c(C)c(-c5cccs5)sc46)s2)sc13,Cc1c(-c2ccc(-c3sc4c(c3C)c(=O)c3c(F)c5c(c(F)c34)c(=O)c3c(C)[cH:2]sc35)s2)sc2c1c(=O)c1c(F)c3c(c(F)c12)c(=O)c1c(C)c(-c2cc[cH:1]s2)sc13,25,25,True,ok
*c1cc(C#N)c(-c2sc(-c3ccc4c(c3F)N(C)C(=O)C4=c3cc/c(=C4C5=C(C(=O)N\4C)/C(=c4\ccc(=C6C(=O)N(C)c7c6ccc(*)c7F)s4)N(C)C5=O)s3)cc2C#N)s1,25,1,CN1C(=O)C2=C(C(=O)N(C)/C2=c2/ccc(=C3C(=O)N(C)c4c3ccc(-c3cc(C#N)c(-c5sccc5C#N)s3)c4F)s2)/C1=c1\ccc(=C2C(=O)N(C)c3c(F)cccc32)s1,CN1C(=O)C2=C(C(=O)N(C)/C2=c2/ccc(=C3C(=O)N(C)c4c3cc[cH:2]c4F)s2)/C1=c1\ccc(=C2C(=O)N(C)c3c2ccc(-c2cc(C#N)c(-c4s[cH:1]cc4C#N)s2)c3F)s1,25,25,True,ok
*c1cc(C#N)c(-c2sc(-c3ccc4c(c3F)N(C)C(=O)/C4=c3\s/c(=C4C5=C(C(=O)N/4C)/C(=c4\cc(F)/c(=C6/C(=O)N(C)c7c6ccc(*)c7F)s4)N(C)C5=O)cc3F)cc2C#N)s1,25,1,CN1C(=O)C2=C(C(=O)N(C)/C2=c2/cc(F)/c(=C3/C(=O)N(C)c4c3ccc(-c3cc(C#N)c(-c5sccc5C#N)s3)c4F)s2)/C1=c1\cc(F)/c(=C2/C(=O)N(C)c3c(F)cccc32)s1,CN1C(=O)C2=C(C(=O)N(C)/C2=c2/cc(F)/c(=C3/C(=O)N(C)c4c3cc[cH:2]c4F)s2)/C1=c1\cc(F)/c(=C2/C(=O)N(C)c3c2ccc(-c2cc(C#N)c(-c4s[cH:1]cc4C#N)s2)c3F)s1,25,25,True,ok
*c1ccc(/C=C/C2=C3C(=O)N(C)C(/C=C/c4ccc(-c5c(F)c(F)c(/C=C/C6=C7C(=O)N(C)C(/C=C/c8c(F)c(F)c(*)c(F)c8F)=C7C(=O)N6C)c(F)c5F)s4)=C3C(=O)N2C)s1,29,1,CN1C(=O)C2=C(/C=C/c3ccc(-c4c(F)c(F)c(/C=C/C5=C6C(=O)N(C)C(/C=C/c7c(F)c(F)cc(F)c7F)=C6C(=O)N5C)c(F)c4F)s3)N(C)C(=O)C2=C1/C=C/c1cccs1,CN1C(=O)C2=C(/C=C/c3cc[cH:1]s3)N(C)C(=O)C2=C1/C=C/c1ccc(-c2c(F)c(F)c(/C=C/C3=C4C(=O)N(C)C(/C=C/c5c(F)c(F)[cH:2]c(F)c5F)=C4C(=O)N3C)c(F)c2F)s1,29,29,True,ok
*c1ccc(C2=C3C(=O)N(C)C(c4ccc(-c5c(F)c(F)c(/C=C/C6=C7C(=O)N(C)C(/C=C/c8c(F)c(F)c(*)c(F)c8F)=C7C(=O)N6C)c(F)c5F)s4)=C3C(=O)N2C)s1,25,1,CN1C(=O)C2=C(/C=C/c3c(F)c(F)c(-c4ccc(C5=C6C(=O)N(C)C(c7cccs7)=C6C(=O)N5C)s4)c(F)c3F)N(C)C(=O)C2=C1/C=C/c1c(F)c(F)cc(F)c1F,CN1C(=O)C2=C(/C=C/c3c(F)c(F)[cH:2]c(F)c3F)N(C)C(=O)C2=C1/C=C/c1c(F)c(F)c(-c2ccc(C3=C4C(=O)N(C)C(c5cc[cH:1]s5)=C4C(=O)N3C)s2)c(F)c1F,25,25,True,ok
*c1ccc(-c2sc(-c3nc4cc5sc(-c6cc(C)c(*)s6)nc5cc4s3)cc2C)s1,15,1,Cc1csc(-c2nc3cc4sc(-c5cc(C)c(-c6cccs6)s5)nc4cc3s2)c1,Cc1cc(-c2nc3cc4sc(-c5cc(C)[cH:2]s5)nc4cc3s2)sc1-c1cc[cH:1]s1,15,15,True,ok
*c1ccc(C2=C3C(=O)N(C)C(c4ccc(-c5ccc(*)c6nsnc56)[se]4)=C3C(=O)N2C)[se]1,13,1,CN1C(=O)C2=C(c3ccc(-c4cccc5nsnc45)[se]3)N(C)C(=O)C2=C1c1ccc[se]1,CN1C(=O)C2=C(c3cc[cH:1][se]3)N(C)C(=O)C2=C1c1ccc(-c2cc[cH:2]c3nsnc23)[se]1,13,13,True,ok
*c1ccc(-c2ccc(C3=C4C(=O)N(C)C(c5ccc(*)s5)=C4C(=O)N3C)s2)cc1,13,1,CN1C(=O)C2=C(c3ccc(-c4ccccc4)s3)N(C)C(=O)C2=C1c1cccs1,CN1C(=O)C2=C(c3cc[cH:2]s3)N(C)C(=O)C2=C1c1ccc(-c2cc[cH:1]cc2)s1,13,13,True,ok
*c1ccc(C2=C3C(=O)N(C)C(c4ccc(-c5ccc(*)c(F)c5)s4)=C3C(=O)N2C)s1,13,1,CN1C(=O)C2=C(c3ccc(-c4cccc(F)c4)s3)N(C)C(=O)C2=C1c1cccs1,CN1C(=O)C2=C(c3cc[cH:1]s3)N(C)C(=O)C2=C1c1ccc(-c2cc[cH:2]c(F)c2)s1,13,13,True,ok
*c1ccc(C2=C3C(=O)N(C)C(c4ccc(-c5cc(F)c(*)cc5F)s4)=C3C(=O)N2C)s1,13,1,CN1C(=O)C2=C(c3ccc(-c4cc(F)ccc4F)s3)N(C)C(=O)C2=C1c1cccs1,CN1C(=O)C2=C(c3cc[cH:1]s3)N(C)C(=O)C2=C1c1ccc(-c2cc(F)[cH:2]cc2F)s1,13,13,True,ok
*c1ccc(C2=C3C(=O)N(C)C(c4ccc(-c5cc6c7cscc7c7cc(*)sc7c6s5)s4)=C3C(=O)N2C)s1,15,1,CN1C(=O)C2=C(c3ccc(-c4cc5c6cscc6c6ccsc6c5s4)s3)N(C)C(=O)C2=C1c1cccs1,CN1C(=O)C2=C(c3cc[cH:1]s3)N(C)C(=O)C2=C1c1ccc(-c2cc3c4cscc4c4c[cH:2]sc4c3s2)s1,15,15,True,ok
*c1ccc(/C=C/c2ccc(-c3ccc(C4=C5C(=O)N(C)C(c6ccc(*)s6)=C5C(=O)N4C)s3)s2)s1,17,1,CN1C(=O)C2=C(c3ccc(-c4ccc(/C=C/c5cccs5)s4)s3)N(C)C(=O)C2=C1c1cccs1,CN1C(=O)C2=C(c3cc[cH:2]s3)N(C)C(=O)C2=C1c1ccc(-c2ccc(/C=C/c3cc[cH:1]s3)s2)s1,17,17,True,ok
*c1ccc(-c2ccc(-c3c(F)cc4c(c3F)N(C)C(=O)/C4=C3/C(=O)Oc4cc5c(cc43)OC(=O)/C5=C3/C(=O)N(C)c4c3cc(F)c(*)c4F)s2)s1,21,1,CN1C(=O)/C(=C2/C(=O)Oc3cc4c(cc32)OC(=O)/C4=C2/C(=O)N(C)c3c2cc(F)c(-c2ccc(-c4cccs4)s2)c3F)c2cc(F)cc(F)c21,CN1C(=O)/C(=C2/C(=O)Oc3cc4c(cc32)OC(=O)/C4=C2/C(=O)N(C)c3c2cc(F)[cH:2]c3F)c2cc(F)c(-c3ccc(-c4cc[cH:1]s4)s3)c(F)c21,21,21,True,ok
*c1cc2sc(-c3cc4c(=O)n(C)c(=O)c5c(sc6c5sc5c7sc(*)cc7c(=O)n(C)c(=O)c56)c4s3)cc2s1,15,1,Cn1c(=O)c2ccsc2c2sc3c(sc4c5sc(-c6cc7sccc7s6)cc5c(=O)n(C)c(=O)c43)c2c1=O,Cn1c(=O)c2cc(-c3cc4s[cH:1]cc4s3)sc2c2sc3c(sc4c5s[cH:2]cc5c(=O)n(C)c(=O)c43)c2c1=O,15,15,True,ok
*c1ccc(-c2ccc(-c3cc4c(=O)n(C)c(=O)c5c(sc6c5sc5c7sc(*)cc7c(=O)n(C)c(=O)c56)c4s3)s2)s1,16,1,Cn1c(=O)c2ccsc2c2sc3c(sc4c5sc(-c6ccc(-c7cccs7)s6)cc5c(=O)n(C)c(=O)c43)c2c1=O,Cn1c(=O)c2cc(-c3ccc(-c4cc[cH:1]s4)s3)sc2c2sc3c(sc4c5s[cH:2]cc5c(=O)n(C)c(=O)c43)c2c1=O,16,16,True,ok
*c1cc2c(=O)n(C)c(=O)c3c(sc4c3sc3c5sc(-c6sc(-c7cc(C)c(*)s7)cc6C)cc5c(=O)n(C)c(=O)c34)c2s1,16,1,Cc1csc(-c2cc(C)c(-c3cc4c(=O)n(C)c(=O)c5c(sc6c5sc5c7sccc7c(=O)n(C)c(=O)c56)c4s3)s2)c1,Cc1cc(-c2cc(C)[cH:2]s2)sc1-c1cc2c(=O)n(C)c(=O)c3c(sc4c3sc3c5s[cH:1]cc5c(=O)n(C)c(=O)c34)c2s1,16,16,True,ok
*c1ccc(-c2ccc(-c3ccc(-c4cc5c6c(c(*)cc7c6c4C(=O)N(C)C7=O)C(=O)N(C)C5=O)[se]3)c3nsnc23)[se]1,15,1,CN1C(=O)c2ccc3c4c(c(-c5ccc(-c6ccc(-c7ccc[se]7)c7nsnc67)[se]5)cc(c24)C1=O)C(=O)N(C)C3=O,CN1C(=O)c2c[cH:2]c3c4c(cc(-c5ccc(-c6ccc(-c7cc[cH:1][se]7)c7nsnc67)[se]5)c(c24)C1=O)C(=O)N(C)C3=O,15,15,True,ok
*c1ccc(-c2c(F)c(F)c(-c3ccc(-c4cc5c6c(c(*)cc7c6c4C(=O)N(C)C7=O)C(=O)N(C)C5=O)[se]3)c3nsnc23)[se]1,15,1,CN1C(=O)c2ccc3c4c(c(-c5ccc(-c6c(F)c(F)c(-c7ccc[se]7)c7nsnc67)[se]5)cc(c24)C1=O)C(=O)N(C)C3=O,CN1C(=O)c2c[cH:2]c3c4c(cc(-c5ccc(-c6c(F)c(F)c(-c7cc[cH:1][se]7)c7nsnc67)[se]5)c(c24)C1=O)C(=O)N(C)C3=O,15,15,True,ok
*c1ccc(-c2ccc(-c3ccc(-c4cc5c6c(c(*)cc7c6c4C(=O)N(C)C7=O)C(=O)N(C)C5=O)s3)c3nsnc23)s1,15,1,CN1C(=O)c2ccc3c4c(c(-c5ccc(-c6ccc(-c7cccs7)c7nsnc67)s5)cc(c24)C1=O)C(=O)N(C)C3=O,CN1C(=O)c2c[cH:2]c3c4c(cc(-c5ccc(-c6ccc(-c7cc[cH:1]s7)c7nsnc67)s5)c(c24)C1=O)C(=O)N(C)C3=O,15,15,True,ok
*c1ccc(C2=C3C(=O)N(C)C(c4ccc(-c5ccc(/C(OCC)=C(\OCC)c6ccc(*)[se]6)[se]5)s4)=C3C(=O)N2C)s1,17,1,CCO/C(=C(/OCC)c1ccc(-c2ccc(C3=C4C(=O)N(C)C(c5cccs5)=C4C(=O)N3C)s2)[se]1)c1ccc[se]1,CCO/C(=C(/OCC)c1cc[cH:2][se]1)c1ccc(-c2ccc(C3=C4C(=O)N(C)C(c5cc[cH:1]s5)=C4C(=O)N3C)s2)[se]1,17,17,True,ok
*c1ccc(/C(OCC)=C(\OCC)c2ccc(-c3cc4c5c(c(*)cc6c5c3C(=O)N(C)C6=O)C(=O)N(C)C4=O)[se]2)[se]1,13,1,CCO/C(=C(/OCC)c1ccc(-c2cc3c4c(ccc5c4c2C(=O)N(C)C5=O)C(=O)N(C)C3=O)[se]1)c1ccc[se]1,CCO/C(=C(/OCC)c1cc[cH:1][se]1)c1ccc(-c2cc3c4c([cH:2]cc5c4c2C(=O)N(C)C5=O)C(=O)N(C)C3=O)[se]1,13,13,True,ok
*c1ccc(/C(OCC)=C(\OCC)c2ccc(-c3sc(-c4c(F)c(F)c(-c5cc(C)c(*)s5)c5nsnc45)cc3C)[se]2)[se]1,17,1,CCO/C(=C(/OCC)c1ccc(-c2sc(-c3c(F)c(F)c(-c4cc(C)cs4)c4nsnc34)cc2C)[se]1)c1ccc[se]1,CCO/C(=C(/OCC)c1cc[cH:1][se]1)c1ccc(-c2sc(-c3c(F)c(F)c(-c4cc(C)[cH:2]s4)c4nsnc34)cc2C)[se]1,17,17,True,ok
*c1ccc(C2=C3C(=O)N(C)C(c4ccc(-c5ccc(C6=C7C(=O)N(C)C(c8ccc(-c9ccc(-c%10ccc(*)s%10)s9)s8)=C7C(=O)N6C)s5)s4)=C3C(=O)N2C)s1,25,1,CN1C(=O)C2=C(c3ccc(-c4ccc(C5=C6C(=O)N(C)C(c7ccc(-c8ccc(-c9cccs9)s8)s7)=C6C(=O)N5C)s4)s3)N(C)C(=O)C2=C1c1cccs1,CN1C(=O)C2=C(c3ccc(-c4ccc(-c5cc[cH:2]s5)s4)s3)N(C)C(=O)C2=C1c1ccc(-c2ccc(C3=C4C(=O)N(C)C(c5cc[cH:1]s5)=C4C(=O)N3C)s2)s1,25,25,True,ok
*c1ccc(C2=C3C(=O)N(C)C(c4ccc(-c5ccc(C6=C7C(=O)N(C)C(c8ccc(-c9cc%10sc(*)cc%10s9)s8)=C7C(=O)N6C)s5)s4)=C3C(=O)N2C)s1,24,1,CN1C(=O)C2=C(c3ccc(-c4ccc(C5=C6C(=O)N(C)C(c7ccc(-c8cc9sccc9s8)s7)=C6C(=O)N5C)s4)s3)N(C)C(=O)C2=C1c1cccs1,CN1C(=O)C2=C(c3ccc(-c4cc5s[cH:2]cc5s4)s3)N(C)C(=O)C2=C1c1ccc(-c2ccc(C3=C4C(=O)N(C)C(c5cc[cH:1]s5)=C4C(=O)N3C)s2)s1,24,24,True,ok
*c1ccc(/C=C/c2ccc(-c3ccc(C4=C5C(=O)N(C)C(c6ccc(-c7ccc(C8=C9C(=O)N(C)C(c%10ccc(*)s%10)=C9C(=O)N8C)s7)s6)=C5C(=O)N4C)s3)s2)s1,27,1,CN1C(=O)C2=C(c3ccc(-c4ccc(C5=C6C(=O)N(C)C(c7ccc(-c8ccc(/C=C/c9cccs9)s8)s7)=C6C(=O)N5C)s4)s3)N(C)C(=O)C2=C1c1cccs1,CN1C(=O)C2=C(c3ccc(-c4ccc(C5=C6C(=O)N(C)C(c7cc[cH:2]s7)=C6C(=O)N5C)s4)s3)N(C)C(=O)C2=C1c1ccc(-c2ccc(/C=C/c3cc[cH:1]s3)s2)s1,27,27,True,ok
*c1ccc2c(c1F)N(C)C(=O)/C2=C1/C(=O)N(C)c2c1ccc(-c1sc(/C=C/c3sc(*)c(F)c3F)c(F)c1F)c2F,17,1,CN1C(=O)/C(=C2/C(=O)N(C)c3c2ccc(-c2sc(/C=C/c4scc(F)c4F)c(F)c2F)c3F)c2cccc(F)c21,CN1C(=O)/C(=C2/C(=O)N(C)c3c2cc[cH:1]c3F)c2ccc(-c3sc(/C=C/c4s[cH:2]c(F)c4F)c(F)c3F)c(F)c21,17,17,True,ok
*c1ccc2c(c1)N(C)C(=O)/C2=C1/C(=O)N(C)c2cc(-c3ccc(/C=C/c4ccc(*)s4)s3)ccc21,17,1,CN1C(=O)/C(=C2/C(=O)N(C)c3cc(-c4ccc(/C=C/c5cccs5)s4)ccc32)c2ccccc21,CN1C(=O)/C(=C2/C(=O)N(C)c3c[cH:1]ccc32)c2ccc(-c3ccc(/C=C/c4cc[cH:2]s4)s3)cc21,17,17,True,ok
*c1ccc(/C=C/c2ccc(-c3ccc4c(c3F)N(C)C(=O)/C4=C3/C(=O)N(C)c4c3ccc(*)c4F)s2)s1,17,1,CN1C(=O)/C(=C2/C(=O)N(C)c3c2ccc(-c2ccc(/C=C/c4cccs4)s2)c3F)c2cccc(F)c21,CN1C(=O)/C(=C2/C(=O)N(C)c3c2cc[cH:2]c3F)c2ccc(-c3ccc(/C=C/c4cc[cH:1]s4)s3)c(F)c21,17,17,True,ok
*c1ccc2c(c1)N(C)C(=O)/C2=C1/C(=O)N(C)c2c1ccc(-c1cc(F)c(-c3sc(*)cc3F)s1)c2F,15,1,CN1C(=O)/C(=C2/C(=O)N(C)c3c2ccc(-c2cc(F)c(-c4sccc4F)s2)c3F)c2ccccc21,CN1C(=O)/C(=C2/C(=O)N(C)c3c2ccc(-c2cc(F)c(-c4s[cH:2]cc4F)s2)c3F)c2cc[cH:1]cc21,15,15,True,ok
*c1cc2cc3c(cc2s1)-c1cc2c(cc1C3(C)C)-c1cc3sc(-c4ccc(*)c5nsnc45)cc3cc1C2(C)C,17,1,CC1(C)c2cc3c(cc2-c2cc4sccc4cc21)C(C)(C)c1cc2cc(-c4cccc5nsnc45)sc2cc1-3,CC1(C)c2cc3c(cc2-c2cc4sc(-c5cc[cH:2]c6nsnc56)cc4cc21)C(C)(C)c1cc2c[cH:1]sc2cc1-3,17,17,True,ok
*c1cc2cc3c(cc2s1)-c1cc2c(cc1C3(C)C)-c1cc3sc(-c4cc(F)c(*)c5nsnc45)cc3cc1C2(C)C,17,1,CC1(C)c2cc3c(cc2-c2cc4sccc4cc21)C(C)(C)c1cc2cc(-c4cc(F)cc5nsnc45)sc2cc1-3,CC1(C)c2cc3c(cc2-c2cc4sc(-c5cc(F)[cH:2]c6nsnc56)cc4cc21)C(C)(C)c1cc2c[cH:1]sc2cc1-3,17,17,True,ok
*c1cc2cc3c(cc2s1)-c1cc2c(cc1C3(C)C)-c1cc3sc(-c4c(F)c(F)c(*)c5nsnc45)cc3cc1C2(C)C,17,1,CC1(C)c2cc3c(cc2-c2cc4sccc4cc21)C(C)(C)c1cc2cc(-c4c(F)c(F)cc5nsnc45)sc2cc1-3,CC1(C)c2cc3c(cc2-c2cc4sc(-c5c(F)c(F)[cH:2]c6nsnc56)cc4cc21)C(C)(C)c1cc2c[cH:1]sc2cc1-3,17,17,True,ok
*c1ccc2nc(C3=C4C(=O)N(C)C(c5ccc6cc(-c7ccc(*)s7)ccc6n5)=C4C(=O)N3C)ccc2c1,18,1,CN1C(=O)C2=C(c3ccc4cc(-c5cccs5)ccc4n3)N(C)C(=O)C2=C1c1ccc2ccccc2n1,CN1C(=O)C2=C(c3ccc4c[cH:1]ccc4n3)N(C)C(=O)C2=C1c1ccc2cc(-c3cc[cH:2]s3)ccc2n1,18,18,True,ok
*c1ccc2c(c1)N(C)C(=O)/C2=c1/cc/c(=C2\C(=O)N(C)c3cc(-c4ccc(*)s4)ccc32)s1,15,1,CN1C(=O)/C(=c2/cc/c(=C3\C(=O)N(C)c4cc(-c5cccs5)ccc43)s2)c2ccccc21,CN1C(=O)/C(=c2/cc/c(=C3\C(=O)N(C)c4cc(-c5cc[cH:2]s5)ccc43)s2)c2cc[cH:1]cc21,15,15,True,ok
*c1cnc(-c2ccc(-c3ncc(-c4cc5c6c(c(*)cc7c6c4C(=O)N(C)C7=O)C(=O)N(C)C5=O)s3)c3nsnc23)s1,15,1,CN1C(=O)c2ccc3c4c(c(-c5cnc(-c6ccc(-c7nccs7)c7nsnc67)s5)cc(c24)C1=O)C(=O)N(C)C3=O,CN1C(=O)c2c[cH:2]c3c4c(cc(-c5cnc(-c6ccc(-c7nc[cH:1]s7)c7nsnc67)s5)c(c24)C1=O)C(=O)N(C)C3=O,15,15,True,ok
*c1ccc(-c2ncc(-c3ccc(-c4cc5c6c(c(*)cc7c6c4C(=O)N(C)C7=O)C(=O)N(C)C5=O)s3)c3nsnc23)s1,15,1,CN1C(=O)c2ccc3c4c(c(-c5ccc(-c6cnc(-c7cccs7)c7nsnc67)s5)cc(c24)C1=O)C(=O)N(C)C3=O,CN1C(=O)c2c[cH:2]c3c4c(cc(-c5ccc(-c6cnc(-c7cc[cH:1]s7)c7nsnc67)s5)c(c24)C1=O)C(=O)N(C)C3=O,15,15,True,ok
*c1ccc(C2=C3C(=O)N(C)C(c4ccc(-c5ccc(-c6ccc(C7=C8C(=O)N(C)C(c9ccc(-c%10ccc(*)s%10)s9)=C8C(=O)N7C)s6)c6nsnc56)s4)=C3C(=O)N2C)s1,26,1,CN1C(=O)C2=C(c3ccc(-c4ccc(-c5ccc(C6=C7C(=O)N(C)C(c8ccc(-c9cccs9)s8)=C7C(=O)N6C)s5)c5nsnc45)s3)N(C)C(=O)C2=C1c1cccs1,CN1C(=O)C2=C(c3ccc(-c4ccc(-c5ccc(C6=C7C(=O)N(C)C(c8cc[cH:1]s8)=C7C(=O)N6C)s5)c5nsnc45)s3)N(C)C(=O)C2=C1c1ccc(-c2cc[cH:2]s2)s1,26,26,True,ok
*c1cc2c(s1)-c1cc3c(cc1OC2(C)C)-c1sc(-c2c(C#N)c(C#N)c(*)c4nsnc24)cc1C(C)(C)O3,13,1,CC1(C)Oc2cc3c(cc2-c2sccc21)OC(C)(C)c1cc(-c2c(C#N)c(C#N)cc4nsnc24)sc1-3,CC1(C)Oc2cc3c(cc2-c2sc(-c4c(C#N)c(C#N)[cH:2]c5nsnc45)cc21)OC(C)(C)c1c[cH:1]sc1-3,13,13,True,ok
*c1ccc(C2=C3C(=O)N(C)C(c4ccc(-c5c(F)c(F)c(-c6ccc(C7=C8C(=O)N(C)C(c9ccc(-c%10ccc(*)s%10)s9)=C8C(=O)N7C)s6)c6nsnc56)s4)=C3C(=O)N2C)s1,26,1,CN1C(=O)C2=C(c3ccc(-c4c(F)c(F)c(-c5ccc(C6=C7C(=O)N(C)C(c8ccc(-c9cccs9)s8)=C7C(=O)N6C)s5)c5nsnc45)s3)N(C)C(=O)C2=C1c1cccs1,CN1C(=O)C2=C(c3ccc(-c4c(F)c(F)c(-c5ccc(C6=C7C(=O)N(C)C(c8cc[cH:1]s8)=C7C(=O)N6C)s5)c5nsnc45)s3)N(C)C(=O)C2=C1c1ccc(-c2cc[cH:2]s2)s1,26,26,True,ok
*c1ccc(C2=C3C(=O)N(C)C(c4ccc(-c5c(F)c(F)c(-c6ccc(C7=C8C(=O)N(C)C(c9ccc(-c%10sc(*)c(F)c%10F)s9)=C8C(=O)N7C)s6)c6nsnc56)s4)=C3C(=O)N2C)s1,26,1,CN1C(=O)C2=C(c3ccc(-c4c(F)c(F)c(-c5ccc(C6=C7C(=O)N(C)C(c8ccc(-c9scc(F)c9F)s8)=C7C(=O)N6C)s5)c5nsnc45)s3)N(C)C(=O)C2=C1c1cccs1,CN1C(=O)C2=C(c3ccc(-c4c(F)c(F)c(-c5ccc(C6=C7C(=O)N(C)C(c8cc[cH:1]s8)=C7C(=O)N6C)s5)c5nsnc45)s3)N(C)C(=O)C2=C1c1ccc(-c2s[cH:2]c(F)c2F)s1,26,26,True,ok
*c1ccc(C2=C3C(=O)N(C)C(c4ccc(-c5c(F)c(F)c(-c6ccc(C7=C8C(=O)N(C)C(c9ccc(-c%10ccc(-c%11ccc(*)s%11)s%10)s9)=C8C(=O)N7C)s6)c6nsnc56)s4)=C3C(=O)N2C)s1,29,1,CN1C(=O)C2=C(c3ccc(-c4c(F)c(F)c(-c5ccc(C6=C7C(=O)N(C)C(c8ccc(-c9ccc(-c%10cccs%10)s9)s8)=C7C(=O)N6C)s5)c5nsnc45)s3)N(C)C(=O)C2=C1c1cccs1,CN1C(=O)C2=C(c3ccc(-c4c(F)c(F)c(-c5ccc(C6=C7C(=O)N(C)C(c8cc[cH:1]s8)=C7C(=O)N6C)s5)c5nsnc45)s3)N(C)C(=O)C2=C1c1ccc(-c2ccc(-c3cc[cH:2]s3)s2)s1,29,29,True,ok
*c1ccc2c(n1)N(C)C(=O)/C2=C1/C(=O)N(C)c2c1ccc(/C=C/c1ccc3c(c1F)N(C)C(=O)/C3=C1/C(=O)N(C)c3nc(-c4cc(F)c(/C=C/c5sc(*)cc5F)s4)ccc31)c2F,29,1,CN1C(=O)/C(=C2/C(=O)N(C)c3c2ccc(/C=C/c2ccc4c(c2F)N(C)C(=O)/C4=C2/C(=O)N(C)c4nc(-c5cc(F)c(/C=C/c6sccc6F)s5)ccc42)c3F)c2cccnc21,CN1C(=O)/C(=C2/C(=O)N(C)c3c2ccc(/C=C/c2ccc4c(c2F)N(C)C(=O)/C4=C2/C(=O)N(C)c4n[cH:1]ccc42)c3F)c2ccc(-c3cc(F)c(/C=C/c4s[cH:2]cc4F)s3)nc21,29,29,True,ok
*c1cc2sc(-c3cnc(-c4cc5sc(-c6ncc(*)c7nn(C)nc67)cc5s4)c4nn(C)nc34)cc2s1,17,1,Cn1nc2ccnc(-c3cc4sc(-c5ncc(-c6cc7sccc7s6)c6nn(C)nc56)cc4s3)c2n1,Cn1nc2c(-c3cc4s[cH:1]cc4s3)cnc(-c3cc4sc(-c5nc[cH:2]c6nn(C)nc56)cc4s3)c2n1,17,17,True,ok
*c1cc2sc(-c3cnc(-c4cc(F)c(-c5sc(-c6ncc(*)c7nn(C)nc67)cc5F)s4)c4nn(C)nc34)cc2s1,18,1,Cn1nc2ccnc(-c3cc(F)c(-c4sc(-c5ncc(-c6cc7sccc7s6)c6nn(C)nc56)cc4F)s3)c2n1,Cn1nc2c(-c3cc4s[cH:1]cc4s3)cnc(-c3cc(F)c(-c4sc(-c5nc[cH:2]c6nn(C)nc56)cc4F)s3)c2n1,18,18,True,ok
*c1ccc(C2=C3C(=O)N(C)C(c4ccc(-c5cnc(-c6cc7sc(-c8ncc(*)c9nn(C)nc89)cc7s6)c6nn(C)nc56)s4)=C3C(=O)N2C)s1,22,1,CN1C(=O)C2=C(c3ccc(-c4cnc(-c5cc6sc(-c7nccc8nn(C)nc78)cc6s5)c5nn(C)nc45)s3)N(C)C(=O)C2=C1c1cccs1,CN1C(=O)C2=C(c3cc[cH:1]s3)N(C)C(=O)C2=C1c1ccc(-c2cnc(-c3cc4sc(-c5nc[cH:2]c6nn(C)nc56)cc4s3)c3nn(C)nc23)s1,22,22,True,ok
*c1ccc(C2=C3C(=O)N(C)C(c4ccc(-c5cc6c(s5)-c5cc7c(cc5C6(C)C)-c5sc(*)cc5C7(C)C)s4)=C3C(=O)N2C)s1,19,1,CN1C(=O)C2=C(c3ccc(-c4cc5c(s4)-c4cc6c(cc4C5(C)C)-c4sccc4C6(C)C)s3)N(C)C(=O)C2=C1c1cccs1,CN1C(=O)C2=C(c3cc[cH:1]s3)N(C)C(=O)C2=C1c1ccc(-c2cc3c(s2)-c2cc4c(cc2C3(C)C)-c2s[cH:2]cc2C4(C)C)s1,19,19,True,ok
*c1ccc(-c2ncc(-c3ccc(-c4cnc(-c5ccc(-c6cc(F)c(-c7sc(*)cc7F)s6)s5)c5nn(C)nc45)c4nsnc34)c3nn(C)nc23)s1,23,1,Cn1nc2c(-c3ccc(-c4cnc(-c5ccc(-c6cc(F)c(-c7sccc7F)s6)s5)c5nn(C)nc45)c4nsnc34)cnc(-c3cccs3)c2n1,Cn1nc2c(-c3ccc(-c4cnc(-c5cc[cH:1]s5)c5nn(C)nc45)c4nsnc34)cnc(-c3ccc(-c4cc(F)c(-c5s[cH:2]cc5F)s4)s3)c2n1,23,23,True,ok
*c1cc(F)c(-c2sc(-c3cnc(-c4cc5sc(-c6ncc(*)c7nn(C)nc67)cc5s4)c4nn(C)nc34)cc2F)s1,18,1,Cn1nc2ccnc(-c3cc4sc(-c5ncc(-c6cc(F)c(-c7sccc7F)s6)c6nn(C)nc56)cc4s3)c2n1,Cn1nc2c(-c3cc(F)c(-c4s[cH:1]cc4F)s3)cnc(-c3cc4sc(-c5nc[cH:2]c6nn(C)nc56)cc4s3)c2n1,18,18,True,ok
*c1ccc(-c2c(F)c(F)c(-c3ccc(-c4sc(-c5ccc(-c6cc(C)c(*)s6)c6c5C(=O)N(C)C6=O)cc4C)s3)c3nsnc23)s1,19,1,Cc1csc(-c2ccc(-c3cc(C)c(-c4ccc(-c5c(F)c(F)c(-c6cccs6)c6nsnc56)s4)s3)c3c2C(=O)N(C)C3=O)c1,Cc1cc(-c2ccc(-c3cc(C)[cH:2]s3)c3c2C(=O)N(C)C3=O)sc1-c1ccc(-c2c(F)c(F)c(-c3cc[cH:1]s3)c3nsnc23)s1,19,19,True,ok
*/C=C/c1sc(C2=C3SC(=O)C(c4cc(C)c(*)s4)=C3SC2=O)cc1C,11,2,C=Cc1sc(C2=C3SC(=O)C(c4cc(C)c(C=Cc5sc(C6=C7SC(=O)C(c8cc(C)cs8)=C7SC6=O)cc5C)s4)=C3SC2=O)cc1C,Cc1cc(C2=C3SC(=O)C(c4cc(C)c(C=[CH2:1])s4)=C3SC2=O)sc1C=Cc1sc(C2=C3SC(=O)C(c4cc(C)[cH:2]s4)=C3SC2=O)cc1C,23,23,True,ok
*c1cc2sc(-c3sc(C4=C5SC(=O)C(c6cc(C)c(*)s6)=C5SC4=O)cc3C)cc2s1,14,1,Cc1csc(C2=C3SC(=O)C(c4cc(C)c(-c5cc6sccc6s5)s4)=C3SC2=O)c1,Cc1cc(C2=C3SC(=O)C(c4cc(C)[cH:2]s4)=C3SC2=O)sc1-c1cc2s[cH:1]cc2s1,14,14,True,ok
*c1ccc(-c2ccc(-c3sc(C4=C5SC(=O)C(c6cc(C)c(*)s6)=C5SC4=O)cc3C)s2)s1,15,1,Cc1csc(C2=C3SC(=O)C(c4cc(C)c(-c5ccc(-c6cccs6)s5)s4)=C3SC2=O)c1,Cc1cc(C2=C3SC(=O)C(c4cc(C)[cH:2]s4)=C3SC2=O)sc1-c1ccc(-c2cc[cH:1]s2)s1,15,15,True,ok
*c1ccc(-c2cc3c(s2)/C(=C2\C(=O)N(C)c4cc(-c5ccc6c(c5)N(C)C(=O)/C6=C5/C(=O)N(C)c6cc(*)sc65)ccc42)C(=O)N3C)s1,20,1,CN1C(=O)/C(=C2/C(=O)N(C)c3ccsc32)c2ccc(-c3ccc4c(c3)N(C)C(=O)/C4=C3/C(=O)N(C)c4cc(-c5cccs5)sc43)cc21,CN1C(=O)/C(=C2/C(=O)N(C)c3cc(-c4cc[cH:1]s4)sc32)c2ccc(-c3ccc4c(c3)N(C)C(=O)/C4=C3/C(=O)N(C)c4c[cH:2]sc43)cc21,20,20,True,ok
*c1ccc2c(n1)N(C)C(=O)/C2=C1/C(=O)N(C)c2nc(-c3ccc(-c4ccc(*)[se]4)[se]3)ccc21,15,1,CN1C(=O)/C(=C2/C(=O)N(C)c3nc(-c4ccc(-c5ccc[se]5)[se]4)ccc32)c2cccnc21,CN1C(=O)/C(=C2/C(=O)N(C)c3n[cH:1]ccc32)c2ccc(-c3ccc(-c4cc[cH:2][se]4)[se]3)nc21,15,15,True,ok
*c1ccc2c(n1)N(C)C(=O)/C2=C1/C(=O)N(C)c2nc(-c3ccc(/C=C/c4ccc(*)[se]4)[se]3)ccc21,17,1,CN1C(=O)/C(=C2/C(=O)N(C)c3nc(-c4ccc(/C=C/c5ccc[se]5)[se]4)ccc32)c2cccnc21,CN1C(=O)/C(=C2/C(=O)N(C)c3n[cH:1]ccc32)c2ccc(-c3ccc(/C=C/c4cc[cH:2][se]4)[se]3)nc21,17,17,True,ok
*c1ccc2c(n1)N(C)C(=O)/C2=C1/C(=O)N(C)c2nc(-c3ccc(/C=C/c4ccc(*)s4)s3)ccc21,17,1,CN1C(=O)/C(=C2/C(=O)N(C)c3nc(-c4ccc(/C=C/c5cccs5)s4)ccc32)c2cccnc21,CN1C(=O)/C(=C2/C(=O)N(C)c3n[cH:1]ccc32)c2ccc(-c3ccc(/C=C/c4cc[cH:2]s4)s3)nc21,17,17,True,ok
*c1ccc2c(n1)N(C)C(=O)/C2=C1/C(=O)N(C)c2nc(-c3cc4sc(*)cc4s3)ccc21,14,1,CN1C(=O)/C(=C2/C(=O)N(C)c3nc(-c4cc5sccc5s4)ccc32)c2cccnc21,CN1C(=O)/C(=C2/C(=O)N(C)c3n[cH:1]ccc32)c2ccc(-c3cc4s[cH:2]cc4s3)nc21,14,14,True,ok
*c1ccc(-c2ccc(-c3sc(-c4c(F)c(F)c(-c5cc(C)c(*)s5)c5nonc45)cc3C)s2)s1,15,1,Cc1csc(-c2c(F)c(F)c(-c3cc(C)c(-c4ccc(-c5cccs5)s4)s3)c3nonc23)c1,Cc1cc(-c2c(F)c(F)c(-c3cc(C)[cH:2]s3)c3nonc23)sc1-c1ccc(-c2cc[cH:1]s2)s1,15,15,True,ok
*c1cc(F)c(-c2sc(-c3sc(-c4c(F)c(F)c(-c5cc(C)c(*)s5)c5nonc45)cc3C)cc2F)s1,15,1,Cc1csc(-c2c(F)c(F)c(-c3cc(C)c(-c4cc(F)c(-c5sccc5F)s4)s3)c3nonc23)c1,Cc1cc(-c2c(F)c(F)c(-c3cc(C)[cH:2]s3)c3nonc23)sc1-c1cc(F)c(-c2s[cH:1]cc2F)s1,15,15,True,ok
*c1cnc(-c2ccc(-c3sc(-c4c(F)c(F)c(-c5cc(C)c(*)s5)c5nonc45)cc3C)s2)s1,15,1,Cc1csc(-c2c(F)c(F)c(-c3cc(C)c(-c4ccc(-c5nccs5)s4)s3)c3nonc23)c1,Cc1cc(-c2c(F)c(F)c(-c3cc(C)[cH:2]s3)c3nonc23)sc1-c1ccc(-c2nc[cH:1]s2)s1,15,15,True,ok
*c1cc2c(s1)-c1cc3c(cc1C2(C)C)-c1sc(-c2ccc(*)c4nsnc24)cc1C3(C)C,13,1,CC1(C)c2cc3c(cc2-c2sccc21)C(C)(C)c1cc(-c2cccc4nsnc24)sc1-3,CC1(C)c2cc3c(cc2-c2sc(-c4cc[cH:2]c5nsnc45)cc21)C(C)(C)c1c[cH:1]sc1-3,13,13,True,ok
*c1cc2c(s1)-c1cc3c(cc1C2(C)C)-c1sc(-c2cc4c5nsnc5c5cc(*)sc5c4s2)cc1C3(C)C,15,1,CC1(C)c2cc3c(cc2-c2sccc21)C(C)(C)c1cc(-c2cc4c5nsnc5c5ccsc5c4s2)sc1-3,CC1(C)c2cc3c(cc2-c2sc(-c4cc5c6nsnc6c6c[cH:2]sc6c5s4)cc21)C(C)(C)c1c[cH:1]sc1-3,15,15,True,ok
*c1ccc(-c2ccc(-c3c(F)c(F)c(*)c4nn(C)nc34)s2)s1,9,2,Cn1nc2cc(F)c(F)c(-c3ccc(-c4ccc(-c5c(F)c(F)c(-c6ccc(-c7cccs7)s6)c6nn(C)nc56)s4)s3)c2n1,Cn1nc2c(-c3ccc(-c4ccc(-c5c(F)c(F)[cH:2]c6nn(C)nc56)s4)s3)c(F)c(F)c(-c3ccc(-c4cc[cH:1]s4)s3)c2n1,19,19,True,ok
*c1ccc2c(c1)N(C)C(=O)/C2=C1/C(=O)N(C)c2cc(-c3cc(C(F)(F)F)c(/C=C/c4sc(*)cc4C(F)(F)F)s3)ccc21,17,1,CN1C(=O)/C(=C2/C(=O)N(C)c3cc(-c4cc(C(F)(F)F)c(/C=C/c5sccc5C(F)(F)F)s4)ccc32)c2ccccc21,CN1C(=O)/C(=C2/C(=O)N(C)c3c[cH:1]ccc32)c2ccc(-c3cc(C(F)(F)F)c(/C=C/c4s[cH:2]cc4C(F)(F)F)s3)cc21,17,17,True,ok
*c1cc(C(F)(F)F)c(/C=C/c2sc(-c3ccc4c(c3F)N(C)C(=O)/C4=C3/C(=O)N(C)c4c3ccc(*)c4F)cc2C(F)(F)F)s1,17,1,CN1C(=O)/C(=C2/C(=O)N(C)c3c2ccc(-c2cc(C(F)(F)F)c(/C=C/c4sccc4C(F)(F)F)s2)c3F)c2cccc(F)c21,CN1C(=O)/C(=C2/C(=O)N(C)c3c2cc[cH:2]c3F)c2ccc(-c3cc(C(F)(F)F)c(/C=C/c4s[cH:1]cc4C(F)(F)F)s3)c(F)c21,17,17,True,ok
*c1cc(SC(F)(F)F)c(/C=C/c2sc(-c3ccc4c(c3F)N(C)C(=O)/C4=C3/C(=O)N(C)c4c3ccc(*)c4F)cc2SC(F)(F)F)s1,17,1,CN1C(=O)/C(=C2/C(=O)N(C)c3c2ccc(-c2cc(SC(F)(F)F)c(/C=C/c4sccc4SC(F)(F)F)s2)c3F)c2cccc(F)c21,CN1C(=O)/C(=C2/C(=O)N(C)c3c2cc[cH:2]c3F)c2ccc(-c3cc(SC(F)(F)F)c(/C=C/c4s[cH:1]cc4SC(F)(F)F)s3)c(F)c21,17,17,True,ok
*c1cnc(-c2ncc(-c3ccc4c(c3F)N(C)C(=O)/C4=C3/C(=O)N(C)c4c3ccc(*)c4F)s2)s1,15,1,CN1C(=O)/C(=C2/C(=O)N(C)c3c2ccc(-c2cnc(-c4nccs4)s2)c3F)c2cccc(F)c21,CN1C(=O)/C(=C2/C(=O)N(C)c3c2cc[cH:2]c3F)c2ccc(-c3cnc(-c4nc[cH:1]s4)s3)c(F)c21,15,15,True,ok
*c1ccc(-c2ccc(-c3cc4c(s3)/C(=C3\C(=O)N(C)c5cc(-c6cc7c(s6)/C(=C6\C(=O)N(C)c8cc(*)sc86)C(=O)N7C)sc53)C(=O)N4C)s2)s1,21,1,CN1C(=O)/C(=C2/C(=O)N(C)c3cc(-c4cc5c(s4)/C(=C4\C(=O)N(C)c6cc(-c7ccc(-c8cccs8)s7)sc64)C(=O)N5C)sc32)c2sccc21,CN1C(=O)/C(=C2/C(=O)N(C)c3cc(-c4cc5c(s4)/C(=C4\C(=O)N(C)c6c[cH:2]sc64)C(=O)N5C)sc32)c2sc(-c3ccc(-c4cc[cH:1]s4)s3)cc21,21,21,True,ok
*c1cc2c(s1)/C(=C1\C(=O)N(C)c3cc(-c4cc5c(s4)/C(=C4\C(=O)N(C)c6cc(-c7cc(F)c(-c8sc(*)cc8F)s7)sc64)C(=O)N5C)sc31)C(=O)N2C,21,1,CN1C(=O)/C(=C2/C(=O)N(C)c3cc(-c4cc5c(s4)/C(=C4\C(=O)N(C)c6cc(-c7cc(F)c(-c8sccc8F)s7)sc64)C(=O)N5C)sc32)c2sccc21,CN1C(=O)/C(=C2/C(=O)N(C)c3cc(-c4cc(F)c(-c5s[cH:2]cc5F)s4)sc32)c2sc(-c3cc4c(s3)/C(=C3\C(=O)N(C)c5c[cH:1]sc53)C(=O)N4C)cc21,21,21,True,ok
*c1ccc2c(c1)N(C)C(=O)/C2=C1/C(=O)N(C)c2cc(-c3cc4c(s3)/C(=C3\C(=O)N(C)c5cc(-c6ccc(-c7ccc(*)s7)s6)ccc53)C(=O)N4C)sc21,23,1,CN1C(=O)/C(=C2/C(=O)N(C)c3cc(-c4cc5c(s4)/C(=C4\C(=O)N(C)c6cc(-c7ccc(-c8cccs8)s7)ccc64)C(=O)N5C)sc32)c2ccccc21,CN1C(=O)/C(=C2/C(=O)N(C)c3cc(-c4cc5c(s4)/C(=C4\C(=O)N(C)c6c[cH:1]ccc64)C(=O)N5C)sc32)c2ccc(-c3ccc(-c4cc[cH:2]s4)s3)cc21,23,23,True,ok
*c1ccc2c(c1)N(C)C(=O)/C2=C1/C(=O)N(C)c2cc(-c3cc4c(s3)/C(=C3\C(=O)N(C)c5cc(-c6cc(F)c(-c7sc(*)cc7F)s6)ccc53)C(=O)N4C)sc21,23,1,CN1C(=O)/C(=C2/C(=O)N(C)c3cc(-c4cc5c(s4)/C(=C4\C(=O)N(C)c6cc(-c7cc(F)c(-c8sccc8F)s7)ccc64)C(=O)N5C)sc32)c2ccccc21,CN1C(=O)/C(=C2/C(=O)N(C)c3cc(-c4cc5c(s4)/C(=C4\C(=O)N(C)c6c[cH:1]ccc64)C(=O)N5C)sc32)c2ccc(-c3cc(F)c(-c4s[cH:2]cc4F)s3)cc21,23,23,True,ok
*c1ccc(-c2ccc(-c3cc4c(s3)/C(=C3\C(=O)N(C)c5cc(*)sc53)C(=O)N4C)s2)s1,13,1,CN1C(=O)/C(=C2/C(=O)N(C)c3cc(-c4ccc(-c5cccs5)s4)sc32)c2sccc21,CN1C(=O)/C(=C2/C(=O)N(C)c3c[cH:2]sc32)c2sc(-c3ccc(-c4cc[cH:1]s4)s3)cc21,13,13,True,ok
*c1cc2c(=O)n(C)c(=O)c3cc(-c4cc5c(=O)n(C)c(=O)c6cc(-c7sc(*)c(F)c7F)sc6c5s4)sc3c2s1,14,1,Cn1c(=O)c2ccsc2c2sc(-c3cc4c(=O)n(C)c(=O)c5cc(-c6scc(F)c6F)sc5c4s3)cc2c1=O,Cn1c(=O)c2cc(-c3cc4c(=O)n(C)c(=O)c5c[cH:1]sc5c4s3)sc2c2sc(-c3s[cH:2]c(F)c3F)cc2c1=O,14,14,True,ok
*c1ccc(-c2ccc3c4c(=O)n(C)c(=O)c5c6ccc(-c7ccc(-c8sc(*)c9c8C(=O)N(C)C9=O)s7)ccc-6c6c(=O)n(C)c(=O)c(c-3cc2)c4c56)s1,20,1,CN1C(=O)c2csc(-c3ccc(-c4ccc5c6c(=O)n(C)c(=O)c7c8ccc(-c9cccs9)ccc-8c8c(=O)n(C)c(=O)c(c-5cc4)c6c78)s3)c2C1=O,CN1C(=O)c2c(-c3ccc(-c4ccc5c6c(=O)n(C)c(=O)c7c8ccc(-c9cc[cH:1]s9)ccc-8c8c(=O)n(C)c(=O)c(c-5cc4)c6c78)s3)s[cH:2]c2C1=O,20,20,True,ok
*c1cc2c(=O)n(C)c(=O)c3cc(*)sc3c2s1,5,3,Cn1c(=O)c2ccsc2c2sc(-c3cc4c(=O)n(C)c(=O)c5cc(-c6cc7c(=O)n(C)c(=O)c8ccsc8c7s6)sc5c4s3)cc2c1=O,Cn1c(=O)c2cc(-c3cc4c(=O)n(C)c(=O)c5c[cH:1]sc5c4s3)sc2c2sc(-c3cc4c(=O)n(C)c(=O)c5c[cH:2]sc5c4s3)cc2c1=O,17,17,True,ok
*c1cc2c3[n+](c1)[B-](F)(F)N(C)c1cc(-c4c5c(c(*)c6nsnc46)N=S=N5)c[n+](c1-3)[B-](F)(F)N2C,11,2,CN1c2cc(-c3c4c(c(-c5cc6c7[n+](c5)[B-](F)(F)N(C)c5cc(-c8c9c(cc%10nsnc8%10)N=S=N9)c[n+](c5-7)[B-](F)(F)N6C)c5nsnc35)N=S=N4)c[n+]3c2-c2c(ccc[n+]2[B-]1(F)F)N(C)[B-]3(F)F,CN1c2cc(-c3c4c([cH:2]c5nsnc35)N=S=N4)c[n+]3c2-c2c(cc(-c4c5c(c(-c6cc7c8[n+](c6)[B-](F)(F)N(C)c6c[cH:1]c[n+](c6-8)[B-](F)(F)N7C)c6nsnc46)N=S=N5)c[n+]2[B-]1(F)F)N(C)[B-]3(F)F,23,23,True,ok
*/C=C/c1cc2c(=O)c3cc(*)cc4c(=O)n(C)c(=O)c(c1)c2c34,8,2,C=Cc1cc2c(=O)c3cc(C=Cc4cc5c(=O)c6cccc7c(=O)n(C)c(=O)c(c4)c5c67)cc4c(=O)n(C)c(=O)c(c1)c2c34,Cn1c(=O)c2cc(C=Cc3cc4c(=O)c5c[cH:2]cc6c(=O)n(C)c(=O)c(c3)c4c56)cc3c(=O)c4cc(C=[CH2:1])cc(c1=O)c4c32,17,17,True,ok
*c1cc2c(=O)c3cc(-c4nc(OC)c(-c5sc(*)nc5OC)s4)cc4c(=O)n(C)c(=O)c(c1)c2c34,12,2,COc1ncsc1-c1sc(-c2cc3c(=O)c4cc(-c5nc(OC)c(-c6sc(-c7cc8c(=O)c9cccc%10c(=O)n(C)c(=O)c(c7)c8c9%10)nc6OC)s5)cc5c(=O)n(C)c(=O)c(c2)c3c45)nc1OC,COc1nc(-c2cc3c(=O)c4cc(-c5nc(OC)c(-c6s[cH:2]nc6OC)s5)cc5c(=O)n(C)c(=O)c(c2)c3c45)sc1-c1sc(-c2cc3c(=O)c4c[cH:1]cc5c(=O)n(C)c(=O)c(c2)c3c45)nc1OC,25,25,True,ok
*c1ccc(-c2ccc(-c3cc4c5c(c(*)cc6c5c3C(=O)N(C)C6=O)C(=O)N(C)C4=O)s2)s1,11,2,CN1C(=O)c2ccc3c4c(c(-c5ccc(-c6ccc(-c7cc8c9c(c(-c%10ccc(-c%11cccs%11)s%10)cc%10c9c7C(=O)N(C)C%10=O)C(=O)N(C)C8=O)s6)s5)cc(c24)C1=O)C(=O)N(C)C3=O,CN1C(=O)c2cc(-c3ccc(-c4cc[cH:1]s4)s3)c3c4c(cc(-c5ccc(-c6ccc(-c7cc8c9c([cH:2]cc%10c9c7C(=O)N(C)C%10=O)C(=O)N(C)C8=O)s6)s5)c(c24)C1=O)C(=O)N(C)C3=O,23,23,True,ok
*c1ccc(-c2ccc(-c3cc4c5c(c(*)cc6c5c3C(=O)N(C)C6=O)N(C)C4=O)s2)s1,11,2,CN1C(=O)c2ccc3c4c(cc(-c5ccc(-c6ccc(-c7cc8c9c(c(-c%10ccc(-c%11cccs%11)s%10)cc%10c9c7N(C)C%10=O)C(=O)N(C)C8=O)s6)s5)c(c24)C1=O)C(=O)N3C,CN1C(=O)c2cc(-c3ccc(-c4ccc(-c5cc6c7c([cH:2]cc8c7c5C(=O)N(C)C8=O)N(C)C6=O)s4)s3)c3c4c(cc(-c5ccc(-c6cc[cH:1]s6)s5)c(c24)C1=O)C(=O)N3C,23,23,True,ok
*c1ccc(-c2ccc(-c3cc4c5c(c(*)cc6c5c3C(=O)N6C)C(=O)N(C)C4=O)s2)s1,11,2,CN1C(=O)c2ccc3c4c(c(-c5ccc(-c6ccc(-c7cc8c9c(c(-c%10ccc(-c%11cccs%11)s%10)cc%10c9c7C(=O)N(C)C%10=O)C(=O)N8C)s6)s5)cc(c24)C1=O)C(=O)N3C,CN1C(=O)c2cc(-c3ccc(-c4cc[cH:1]s4)s3)c3c4c(cc(-c5ccc(-c6ccc(-c7cc8c9c([cH:2]cc%10c9c7C(=O)N%10C)C(=O)N(C)C8=O)s6)s5)c(c24)C1=O)N(C)C3=O,23,23,True,ok
*/C(C#N)=C\C=C(\C#N)c1ccc(C2=C3C(=O)N(C)C(c4ccc(*)s4)=C3C(=O)N2C)s1,13,1,CN1C(=O)C2=C(c3ccc(/C(C#N)=C\C=CC#N)s3)N(C)C(=O)C2=C1c1cccs1,CN1C(=O)C2=C(c3cc[cH:2]s3)N(C)C(=O)C2=C1c1ccc(/C(C#N)=C\C=[CH:1]C#N)s1,13,13,True,ok
*/C(C#N)=C(F)\C=C(\C#N)c1ccc(C2=C3C(=O)N(C)C(c4ccc(*)s4)=C3C(=O)N2C)s1,13,1,CN1C(=O)C2=C(c3ccc(/C(C#N)=C\C(F)=CC#N)s3)N(C)C(=O)C2=C1c1cccs1,CN1C(=O)C2=C(c3cc[cH:2]s3)N(C)C(=O)C2=C1c1ccc(/C(C#N)=C\C(F)=[CH:1]C#N)s1,13,13,True,ok
*c1cc2c(=O)c3cc(-c4nc(OC)c(-c5sc(*)nc5OC)s4)cc4c5c(=O)n(C)c(=O)c5c(c1)c2c34,12,2,COc1ncsc1-c1sc(-c2cc3c(=O)c4cc(-c5nc(OC)c(-c6sc(-c7cc8c(=O)c9cccc%10c%11c(=O)n(C)c(=O)c%11c(c7)c8c9%10)nc6OC)s5)cc5c6c(=O)n(C)c(=O)c6c(c2)c3c45)nc1OC,COc1nc(-c2cc3c(=O)c4cc(-c5nc(OC)c(-c6s[cH:2]nc6OC)s5)cc5c6c(=O)n(C)c(=O)c6c(c2)c3c45)sc1-c1sc(-c2cc3c(=O)c4c[cH:1]cc5c6c(=O)n(C)c(=O)c6c(c2)c3c45)nc1OC,25,25,True,ok
*c1ccc(C2=C3C(=O)N(C)C(c4ccc(-c5cnc(*)c(C#N)n5)s4)=C3C(=O)N2C)s1,13,1,CN1C(=O)C2=C(c3ccc(-c4cncc(C#N)n4)s3)N(C)C(=O)C2=C1c1cccs1,CN1C(=O)C2=C(c3cc[cH:1]s3)N(C)C(=O)C2=C1c1ccc(-c2cn[cH:2]c(C#N)n2)s1,13,13,True,ok
*c1cc2c3c4c(c5sc(-c6sc(-c7ccc(/C=C/c8ccc(-c9cc(C)c(*)s9)c9nsnc89)c8nsnc78)cc6C)cc5c5c4c(c2s1)C(=O)N(C)C5=O)C(=O)N(C)C3=O,24,1,Cc1csc(-c2ccc(/C=C/c3ccc(-c4cc(C)c(-c5cc6c7c8c(c9sccc9c9c8c(c6s5)C(=O)N(C)C9=O)C(=O)N(C)C7=O)s4)c4nsnc34)c3nsnc23)c1,Cc1cc(-c2ccc(/C=C/c3ccc(-c4cc(C)[cH:2]s4)c4nsnc34)c3nsnc23)sc1-c1cc2c3c4c(c5s[cH:1]cc5c5c4c(c2s1)C(=O)N(C)C5=O)C(=O)N(C)C3=O,24,24,True,ok
*c1ccc(C2=C3C(=O)N(C)C(c4ccc(-c5ccc(-c6ccc(-c7ccc(*)s7)c7c6C=[N+](C)[B-](F)(F)O7)s5)s4)=C3C(=O)N2C)s1,19,1,CN1C(=O)C2=C(c3ccc(-c4ccc(-c5ccc(-c6cccs6)c6c5C=[N+](C)[B-](F)(F)O6)s4)s3)N(C)C(=O)C2=C1c1cccs1,CN1C(=O)C2=C(c3cc[cH:1]s3)N(C)C(=O)C2=C1c1ccc(-c2ccc(-c3ccc(-c4cc[cH:2]s4)c4c3C=[N+](C)[B-](F)(F)O4)s2)s1,19,19,True,ok
*c1ccc(C2=C3C(=O)N(C)C(c4ccc(-c5ccc(-c6ccc(-c7ccc(*)s7)c7c6C=[N+](C)[B-](C#N)(C#N)O7)s5)s4)=C3C(=O)N2C)s1,19,1,CN1C(=O)C2=C(c3ccc(-c4ccc(-c5ccc(-c6cccs6)c6c5C=[N+](C)[B-](C#N)(C#N)O6)s4)s3)N(C)C(=O)C2=C1c1cccs1,CN1C(=O)C2=C(c3cc[cH:1]s3)N(C)C(=O)C2=C1c1ccc(-c2ccc(-c3ccc(-c4cc[cH:2]s4)c4c3C=[N+](C)[B-](C#N)(C#N)O4)s2)s1,19,19,True,ok
*c1ccc(C2=C3C(=O)N(C)C(c4ccc(-c5ccc(-c6c7c(c(-c8ccc(*)s8)c8c6O[B-](F)(F)[N+](C)=C8)O[B-](F)(F)[N+](C)=C7)s5)s4)=C3C(=O)N2C)s1,19,1,CN1C(=O)C2=C(c3ccc(-c4ccc(-c5c6c(c(-c7cccs7)c7c5O[B-](F)(F)[N+](C)=C7)O[B-](F)(F)[N+](C)=C6)s4)s3)N(C)C(=O)C2=C1c1cccs1,CN1C(=O)C2=C(c3cc[cH:1]s3)N(C)C(=O)C2=C1c1ccc(-c2ccc(-c3c4c(c(-c5cc[cH:2]s5)c5c3O[B-](F)(F)[N+](C)=C5)O[B-](F)(F)[N+](C)=C4)s2)s1,19,19,True,ok
*c1cc2cc3c(cc2s1)C1=C(c2cc4sc(-c5ccc(*)c6nsnc56)cc4cc2C1(C)C)C3(C)C,15,1,CC1(C)C2=C(c3cc4sccc4cc31)C(C)(C)c1cc3cc(-c4cccc5nsnc45)sc3cc12,CC1(C)C2=C(c3cc4sc(-c5cc[cH:2]c6nsnc56)cc4cc31)C(C)(C)c1cc3c[cH:1]sc3cc12,15,15,True,ok
*c1ccc(C2=C3C(=O)N(C)C(c4ccc(-c5sc(-c6ccc(-c7cc(C)c(*)s7)c7nsnc67)cc5C)s4)=C3C(=O)N2C)s1,19,1,Cc1csc(-c2ccc(-c3cc(C)c(-c4ccc(C5=C6C(=O)N(C)C(c7cccs7)=C6C(=O)N5C)s4)s3)c3nsnc23)c1,Cc1cc(-c2ccc(-c3cc(C)[cH:2]s3)c3nsnc23)sc1-c1ccc(C2=C3C(=O)N(C)C(c4cc[cH:1]s4)=C3C(=O)N2C)s1,19,19,True,ok
*c1ccc(C2=C3C(=O)N(C)C(c4ccc(-c5sc(-c6c(F)c(F)c(-c7cc(C)c(*)s7)c7nsnc67)cc5C)s4)=C3C(=O)N2C)s1,19,1,Cc1csc(-c2c(F)c(F)c(-c3cc(C)c(-c4ccc(C5=C6C(=O)N(C)C(c7cccs7)=C6C(=O)N5C)s4)s3)c3nsnc23)c1,Cc1cc(-c2c(F)c(F)c(-c3cc(C)[cH:2]s3)c3nsnc23)sc1-c1ccc(C2=C3C(=O)N(C)C(c4cc[cH:1]s4)=C3C(=O)N2C)s1,19,19,True,ok
*c1ccc(C2=C3C(=O)N(C)C(c4ccc(-c5sc(-c6ccc7c8c6ns[n+]8[B-](C)(C)c6c-7sc(*)c6C)cc5C)s4)=C3C(=O)N2C)s1,19,1,Cc1cc(-c2ccc3c4c2ns[n+]4[B-](C)(C)c2c(C)csc2-3)sc1-c1ccc(C2=C3C(=O)N(C)C(c4cccs4)=C3C(=O)N2C)s1,Cc1cc(-c2ccc3c4c2ns[n+]4[B-](C)(C)c2c-3s[cH:2]c2C)sc1-c1ccc(C2=C3C(=O)N(C)C(c4cc[cH:1]s4)=C3C(=O)N2C)s1,19,19,True,ok
*c1ccc2c(c1)C(=O)c1ccc(-c3ccc(C4=C5C(=O)N(C)C(c6ccc(*)s6)=C5C(=O)N4C)s3)cc1C2=O,17,1,CN1C(=O)C2=C(c3ccc(-c4ccc5c(c4)C(=O)c4ccccc4C5=O)s3)N(C)C(=O)C2=C1c1cccs1,CN1C(=O)C2=C(c3cc[cH:2]s3)N(C)C(=O)C2=C1c1ccc(-c2ccc3c(c2)C(=O)c2cc[cH:1]cc2C3=O)s1,17,17,True,ok
*c1ccc(C2=C3C(=O)N(C)C(c4ccc(-c5cc6c(s5)C(=O)c5cc(*)sc5C6=O)s4)=C3C(=O)N2C)s1,16,1,CN1C(=O)C2=C(c3ccc(-c4cc5c(s4)C(=O)c4ccsc4C5=O)s3)N(C)C(=O)C2=C1c1cccs1,CN1C(=O)C2=C(c3cc[cH:1]s3)N(C)C(=O)C2=C1c1ccc(-c2cc3c(s2)C(=O)c2c[cH:2]sc2C3=O)s1,16,16,True,ok
*c1cc2c(o1)C(=O)c1cc(-c3ccc(C4=C5C(=O)N(C)C(c6ccc(*)s6)=C5C(=O)N4C)s3)oc1C2=O,16,1,CN1C(=O)C2=C(c3ccc(-c4cc5c(o4)C(=O)c4ccoc4C5=O)s3)N(C)C(=O)C2=C1c1cccs1,CN1C(=O)C2=C(c3cc[cH:2]s3)N(C)C(=O)C2=C1c1ccc(-c2cc3c(o2)C(=O)c2c[cH:1]oc2C3=O)s1,16,16,True,ok
*c1ccc(C2=C3C(=O)N(C)C(c4ccc(-c5cc6c(s5)-c5sc(*)cc5C6=O)s4)=C3C(=O)N2C)s1,15,1,CN1C(=O)C2=C(c3ccc(-c4cc5c(s4)-c4sccc4C5=O)s3)N(C)C(=O)C2=C1c1cccs1,CN1C(=O)C2=C(c3cc[cH:1]s3)N(C)C(=O)C2=C1c1ccc(-c2cc3c(s2)-c2s[cH:2]cc2C3=O)s1,15,15,True,ok
*c1ccc(-c2ccc(-c3cc4c(=O)n(C)c(=O)c5cc6c(cc5c4s3)c(=O)n(C)c(=O)c3cc(*)sc36)s2)s1,15,1,Cn1c(=O)c2cc3c(cc2c2sccc2c1=O)c(=O)n(C)c(=O)c1cc(-c2ccc(-c4cccs4)s2)sc13,Cn1c(=O)c2cc3c(cc2c2sc(-c4ccc(-c5cc[cH:1]s5)s4)cc2c1=O)c(=O)n(C)c(=O)c1c[cH:2]sc13,15,15,True,ok
*c1cnc(/C=C/c2ncc(-c3cc4c(-c5cc(C)c(C)s5)c5sc(*)cc5c(-c5cc(C)c(C)s5)c4s3)s2)s1,14,1,Cc1cc(-c2c3cc(-c4cnc(/C=C/c5nccs5)s4)sc3c(-c3cc(C)c(C)s3)c3ccsc23)sc1C,Cc1cc(-c2c3c[cH:2]sc3c(-c3cc(C)c(C)s3)c3cc(-c4cnc(/C=C/c5nc[cH:1]s5)s4)sc23)sc1C,14,14,True,ok
*c1ccc(C2=C/C(=C3/C=C(c4ccc(-c5cc(C)c(/C=C/c6sc(*)cc6C)s5)s4)N(C)C3=O)C(=O)N2C)s1,19,1,Cc1ccsc1/C=C/c1sc(-c2ccc(C3=C/C(=C4/C=C(c5cccs5)N(C)C4=O)C(=O)N3C)s2)cc1C,Cc1cc(-c2ccc(C3=C/C(=C4/C=C(c5cc[cH:1]s5)N(C)C4=O)C(=O)N3C)s2)sc1/C=C/c1s[cH:2]cc1C,19,19,True,ok
*c1ccc(C2=C3C(=O)N(C)C(c4ccc(-c5sc(*)c(F)c5F)[se]4)=C3C(=O)N2C)[se]1,12,2,CN1C(=O)C2=C(c3ccc(-c4sc(-c5ccc(C6=C7C(=O)N(C)C(c8ccc(-c9scc(F)c9F)[se]8)=C7C(=O)N6C)[se]5)c(F)c4F)[se]3)N(C)C(=O)C2=C1c1ccc[se]1,CN1C(=O)C2=C(c3ccc(-c4s[cH:2]c(F)c4F)[se]3)N(C)C(=O)C2=C1c1ccc(-c2sc(-c3ccc(C4=C5C(=O)N(C)C(c6cc[cH:1][se]6)=C5C(=O)N4C)[se]3)c(F)c2F)[se]1,25,25,True,ok
*c1ccc(C2=C3C(=O)N(C)C(c4ccc(-c5sc(/C(C#N)=C/c6cc(Cl)c(*)s6)cc5Cl)s4)=C3C(=O)N2C)s1,17,1,CN1C(=O)C2=C(c3ccc(-c4sc(/C(C#N)=C/c5cc(Cl)cs5)cc4Cl)s3)N(C)C(=O)C2=C1c1cccs1,CN1C(=O)C2=C(c3cc[cH:1]s3)N(C)C(=O)C2=C1c1ccc(-c2sc(/C(C#N)=C/c3cc(Cl)[cH:2]s3)cc2Cl)s1,17,17,True,ok
*c1ccc(C2=C3C(=O)N(C)C(c4ccc(-c5sc(/C(C#N)=C/c6sc(*)c(Cl)c6Cl)c(Cl)c5Cl)s4)=C3C(=O)N2C)s1,17,1,CN1C(=O)C2=C(c3ccc(-c4sc(/C(C#N)=C/c5scc(Cl)c5Cl)c(Cl)c4Cl)s3)N(C)C(=O)C2=C1c1cccs1,CN1C(=O)C2=C(c3cc[cH:1]s3)N(C)C(=O)C2=C1c1ccc(-c2sc(/C(C#N)=C/c3s[cH:2]c(Cl)c3Cl)c(Cl)c2Cl)s1,17,17,True,ok
*c1ccc(-c2cc3c(s2)c2c4nsnc4c(/C=C/c4cc5c(c6nsnc46)c4sc(*)cc4n5C)cc2n3C)s1,18,1,Cn1c2ccsc2c2c3nsnc3c(/C=C/c3cc4c(c5nsnc35)c3sc(-c5cccs5)cc3n4C)cc21,Cn1c2cc(-c3cc[cH:1]s3)sc2c2c3nsnc3c(/C=C/c3cc4c(c5nsnc35)c3s[cH:2]cc3n4C)cc21,18,18,True,ok
*c1ccc(-c2ccc(-c3cc4c(s3)c3c5nsnc5c(/C=C/c5cc6c(c7nsnc57)c5sc(*)cc5n6C)cc3n4C)s2)s1,21,1,Cn1c2ccsc2c2c3nsnc3c(/C=C/c3cc4c(c5nsnc35)c3sc(-c5ccc(-c6cccs6)s5)cc3n4C)cc21,Cn1c2cc(-c3ccc(-c4cc[cH:1]s4)s3)sc2c2c3nsnc3c(/C=C/c3cc4c(c5nsnc35)c3s[cH:2]cc3n4C)cc21,21,21,True,ok
*c1ccc(-c2cc3c(c4nsnc24)c2sc(/C=C/c4cc5c(s4)c4c6nsnc6c(*)cc4n5C)cc2n3C)s1,18,1,Cn1c2cc(/C=C/c3cc4c(s3)c3c5nsnc5c(-c5cccs5)cc3n4C)sc2c2c3nsnc3ccc21,Cn1c2cc(/C=C/c3cc4c(s3)c3c5nsnc5[cH:2]cc3n4C)sc2c2c3nsnc3c(-c3cc[cH:1]s3)cc21,18,18,True,ok
*c1cc2sc3c(c2s1)C(c1ccc(C)cc1)(c1ccc(C)cc1)c1cc2c(cc1-3)C(c1ccc(C)cc1)(c1ccc(C)cc1)c1c-2sc2cc(-c3c(F)cc(-c4cc5sc6c(c5s4)C(c4ccc(C)cc4)(c4ccc(C)cc4)c4cc5c(cc4-6)C(c4ccc(C)cc4)(c4ccc(C)cc4)c4c-5sc5cc(-c6cc(F)c(*)c7nsnc67)sc45)c4nsnc34)sc12,33,1,Cc1ccc(C2(c3ccc(C)cc3)c3cc4c(cc3-c3sc5ccsc5c32)C(c2ccc(C)cc2)(c2ccc(C)cc2)c2c-4sc3cc(-c4c(F)cc(-c5cc6sc7c(c6s5)C(c5ccc(C)cc5)(c5ccc(C)cc5)c5cc6c(cc5-7)C(c5ccc(C)cc5)(c5ccc(C)cc5)c5c-6sc6cc(-c7cc(F)cc8nsnc78)sc56)c5nsnc45)sc23)cc1,Cc1ccc(C2(c3ccc(C)cc3)c3cc4c(cc3-c3sc5cc(-c6cc(F)c(-c7cc8sc9c(c8s7)C(c7ccc(C)cc7)(c7ccc(C)cc7)c7cc8c(cc7-9)C(c7ccc(C)cc7)(c7ccc(C)cc7)c7c-8sc8c[cH:1]sc78)c7nsnc67)sc5c32)C(c2ccc(C)cc2)(c2ccc(C)cc2)c2c-4sc3cc(-c4cc(F)[cH:2]c5nsnc45)sc23)cc1,33,33,True,ok
*c1ccc2c(c1)N(C)C(=O)/C2=C\c1ccc(-c2ccc(/C=C3\C(=O)N(C)c4cc(-c5ccc(*)s5)ccc43)s2)s1,20,1,CN1C(=O)/C(=C\c2ccc(-c3ccc(/C=C4\C(=O)N(C)c5cc(-c6cccs6)ccc54)s3)s2)c2ccccc21,CN1C(=O)/C(=C\c2ccc(-c3ccc(/C=C4\C(=O)N(C)c5c[cH:1]ccc54)s3)s2)c2ccc(-c3cc[cH:2]s3)cc21,20,20,True,ok
*c1ccc(C2=C3C(=O)N(C)C(c4ccc(-c5cc6c(=O)n(C)c(=O)c7cc(*)sc7c6s5)s4)=C3C(=O)N2C)s1,15,1,CN1C(=O)C2=C(c3ccc(-c4cc5c(=O)n(C)c(=O)c6ccsc6c5s4)s3)N(C)C(=O)C2=C1c1cccs1,CN1C(=O)C2=C(c3cc[cH:1]s3)N(C)C(=O)C2=C1c1ccc(-c2cc3c(=O)n(C)c(=O)c4c[cH:2]sc4c3s2)s1,15,15,True,ok
*c1ccc(C2=C3C(=O)N(C)C(c4ccc(-c5cc6c(=O)n(C)c(=O)c7c(sc8c7sc7c9sc(*)cc9c(=O)n(C)c(=O)c78)c6s5)s4)=C3C(=O)N2C)s1,20,1,CN1C(=O)C2=C(c3ccc(-c4cc5c(=O)n(C)c(=O)c6c(sc7c6sc6c8sccc8c(=O)n(C)c(=O)c67)c5s4)s3)N(C)C(=O)C2=C1c1cccs1,CN1C(=O)C2=C(c3cc[cH:1]s3)N(C)C(=O)C2=C1c1ccc(-c2cc3c(=O)n(C)c(=O)c4c(sc5c4sc4c6s[cH:2]cc6c(=O)n(C)c(=O)c45)c3s2)s1,20,20,True,ok
*c1ccc(-c2ccc(-c3c(Cl)cc4c(c3Cl)N(C)C(=O)/C4=C3/C(=O)Oc4cc5c(cc43)OC(=O)/C5=C3/C(=O)N(C)c4c3cc(Cl)c(*)c4Cl)s2)s1,21,1,CN1C(=O)/C(=C2/C(=O)Oc3cc4c(cc32)OC(=O)/C4=C2/C(=O)N(C)c3c2cc(Cl)c(-c2ccc(-c4cccs4)s2)c3Cl)c2cc(Cl)cc(Cl)c21,CN1C(=O)/C(=C2/C(=O)Oc3cc4c(cc32)OC(=O)/C4=C2/C(=O)N(C)c3c2cc(Cl)[cH:2]c3Cl)c2cc(Cl)c(-c3ccc(-c4cc[cH:1]s4)s3)c(Cl)c21,21,21,True,ok
*c1cc(F)c(-c2sc(-c3c(Cl)cc4c(c3Cl)N(C)C(=O)/C4=C3/C(=O)Oc4cc5c(cc43)OC(=O)/C5=C3/C(=O)N(C)c4c3cc(Cl)c(*)c4Cl)cc2F)s1,21,1,CN1C(=O)/C(=C2/C(=O)Oc3cc4c(cc32)OC(=O)/C4=C2/C(=O)N(C)c3c2cc(Cl)c(-c2cc(F)c(-c4sccc4F)s2)c3Cl)c2cc(Cl)cc(Cl)c21,CN1C(=O)/C(=C2/C(=O)Oc3cc4c(cc32)OC(=O)/C4=C2/C(=O)N(C)c3c2cc(Cl)[cH:2]c3Cl)c2cc(Cl)c(-c3cc(F)c(-c4s[cH:1]cc4F)s3)c(Cl)c21,21,21,True,ok
*c1ccc(-c2c3c(c(*)c4c2=Nc2cc5c(cc2O4)n(C)c(=O)n5C)=Nc2cc4c(cc2O3)n(C)c(=O)n4C)s1,6,2,Cn1c(=O)n(C)c2cc3c(cc21)N=c1cc2c(c(-c4ccc(-c5c6c(c(-c7cccs7)c7c5=Nc5cc8c(cc5O7)n(C)c(=O)n8C)=Nc5cc7c(cc5O6)n(C)c(=O)n7C)s4)c1O3)=Nc1cc3c(cc1O2)n(C)c(=O)n3C,Cn1c(=O)n(C)c2cc3c(cc21)N=c1c(c(-c2cc[cH:1]s2)c2c(c1-c1ccc(-c4c5c([cH:2]c6c4=Nc4cc7c(cc4O6)n(C)c(=O)n7C)=Nc4cc6c(cc4O5)n(C)c(=O)n6C)s1)Oc1cc4c(cc1N=2)n(C)c(=O)n4C)O3,13,13,True,ok
*c1ccc(-c2ccc(-c3c4c(c(*)c5c3=Nc3cc6c(cc3O5)n(C)c(=O)n6C)=Nc3cc5c(cc3O4)n(C)c(=O)n5C)s2)s1,9,2,Cn1c(=O)n(C)c2cc3c(cc21)N=c1cc2c(c(-c4ccc(-c5ccc(-c6c7c(c(-c8ccc(-c9cccs9)s8)c8c6=Nc6cc9c(cc6O8)n(C)c(=O)n9C)=Nc6cc8c(cc6O7)n(C)c(=O)n8C)s5)s4)c1O3)=Nc1cc3c(cc1O2)n(C)c(=O)n3C,Cn1c(=O)n(C)c2cc3c(cc21)N=c1c(c(-c2ccc(-c4cc[cH:1]s4)s2)c2c(c1-c1ccc(-c4ccc(-c5c6c([cH:2]c7c5=Nc5cc8c(cc5O7)n(C)c(=O)n8C)=Nc5cc7c(cc5O6)n(C)c(=O)n7C)s4)s1)Oc1cc4c(cc1N=2)n(C)c(=O)n4C)O3,19,19,True,ok
*c1ccc(-c2ccc(-c3c4c(c(-c5ccc(*)s5)c5c3=Nc3cc6c(cc3O5)n(C)c(=O)n6C)=Nc3cc5c(cc3O4)n(C)c(=O)n5C)s2)s1,12,2,Cn1c(=O)n(C)c2cc3c(cc21)N=c1c(c(-c2ccc(-c4ccc(-c5ccc(-c6c7c(c(-c8ccc(-c9cccs9)s8)c8c6=Nc6cc9c(cc6O8)n(C)c(=O)n9C)=Nc6cc8c(cc6O7)n(C)c(=O)n8C)s5)s4)s2)c2c(c1-c1cccs1)Oc1cc4c(cc1N=2)n(C)c(=O)n4C)O3,Cn1c(=O)n(C)c2cc3c(cc21)N=c1c(c(-c2ccc(-c4cc[cH:1]s4)s2)c2c(c1-c1ccc(-c4ccc(-c5ccc(-c6c7c(c(-c8cc[cH:2]s8)c8c6=Nc6cc9c(cc6O8)n(C)c(=O)n9C)=Nc6cc8c(cc6O7)n(C)c(=O)n8C)s5)s4)s1)Oc1cc4c(cc1N=2)n(C)c(=O)n4C)O3,25,25,True,ok
*c1ccc(-c2ccc(-c3ccc(-c4c5c(c(-c6ccc(*)s6)c6c4=Nc4cc7c(cc4O6)n(C)c(=O)n7C)=Nc4cc6c(cc4O5)n(C)c(=O)n6C)s3)s2)s1,15,1,Cn1c(=O)n(C)c2cc3c(cc21)N=c1c(c(-c2ccc(-c4ccc(-c5cccs5)s4)s2)c2c(c1-c1cccs1)Oc1cc4c(cc1N=2)n(C)c(=O)n4C)O3,Cn1c(=O)n(C)c2cc3c(cc21)N=c1c(c(-c2cc[cH:2]s2)c2c(c1-c1ccc(-c4ccc(-c5cc[cH:1]s5)s4)s1)Oc1cc4c(cc1N=2)n(C)c(=O)n4C)O3,15,15,True,ok
*c1ccc(-c2ccc(-c3ccc(-c4c5c(c(-c6ccc(-c7ccc(*)s7)s6)c6c4=Nc4cc7c(cc4O6)n(C)c(=O)n7C)=Nc4cc6c(cc4O5)n(C)c(=O)n6C)s3)s2)s1,18,1,Cn1c(=O)n(C)c2cc3c(cc21)N=c1c(c(-c2ccc(-c4ccc(-c5cccs5)s4)s2)c2c(c1-c1ccc(-c4cccs4)s1)Oc1cc4c(cc1N=2)n(C)c(=O)n4C)O3,Cn1c(=O)n(C)c2cc3c(cc21)N=c1c(c(-c2ccc(-c4cc[cH:2]s4)s2)c2c(c1-c1ccc(-c4ccc(-c5cc[cH:1]s5)s4)s1)Oc1cc4c(cc1N=2)n(C)c(=O)n4C)O3,18,18,True,ok
*c1cc2c(s1)/C(=C1\C(=O)N(C)c3cc(-c4sc(/C=C/c5sc(*)c(F)c5F)c(F)c4F)sc31)C(=O)N2C,15,1,CN1C(=O)/C(=C2/C(=O)N(C)c3cc(-c4sc(/C=C/c5scc(F)c5F)c(F)c4F)sc32)c2sccc21,CN1C(=O)/C(=C2/C(=O)N(C)c3c[cH:1]sc32)c2sc(-c3sc(/C=C/c4s[cH:2]c(F)c4F)c(F)c3F)cc21,15,15,True,ok
*c1cc2c(s1)/C(=C1\C(=O)N(C)c3cc(-c4sc(/C=C/c5sc(*)c(Cl)c5Cl)c(Cl)c4Cl)sc31)C(=O)N2C,15,1,CN1C(=O)/C(=C2/C(=O)N(C)c3cc(-c4sc(/C=C/c5scc(Cl)c5Cl)c(Cl)c4Cl)sc32)c2sccc21,CN1C(=O)/C(=C2/C(=O)N(C)c3c[cH:1]sc32)c2sc(-c3sc(/C=C/c4s[cH:2]c(Cl)c4Cl)c(Cl)c3Cl)cc21,15,15,True,ok
*c1cc2c(s1)/C(=C1\C(=O)N(C)c3cc(-c4sc(-c5sc(*)c(F)c5F)c(F)c4F)sc31)C(=O)N2C,13,1,CN1C(=O)/C(=C2/C(=O)N(C)c3cc(-c4sc(-c5scc(F)c5F)c(F)c4F)sc32)c2sccc21,CN1C(=O)/C(=C2/C(=O)N(C)c3c[cH:1]sc32)c2sc(-c3sc(-c4s[cH:2]c(F)c4F)c(F)c3F)cc21,13,13,True,ok
*c1ccc(C2=C3C(=O)N(C)C(c4ccc(-c5sc(-c6ccc(-c7sc(*)c(F)c7F)cc6)c(F)c5F)s4)=C3C(=O)N2C)s1,19,1,CN1C(=O)C2=C(c3ccc(-c4sc(-c5ccc(-c6scc(F)c6F)cc5)c(F)c4F)s3)N(C)C(=O)C2=C1c1cccs1,CN1C(=O)C2=C(c3cc[cH:1]s3)N(C)C(=O)C2=C1c1ccc(-c2sc(-c3ccc(-c4s[cH:2]c(F)c4F)cc3)c(F)c2F)s1,19,19,True,ok
*c1ccc(C2=C3C(=O)N(C)C(c4ccc(-c5sc(-c6cc(F)c(-c7sc(*)c(F)c7F)cc6F)c(F)c5F)s4)=C3C(=O)N2C)s1,19,1,CN1C(=O)C2=C(c3ccc(-c4sc(-c5cc(F)c(-c6scc(F)c6F)cc5F)c(F)c4F)s3)N(C)C(=O)C2=C1c1cccs1,CN1C(=O)C2=C(c3cc[cH:1]s3)N(C)C(=O)C2=C1c1ccc(-c2sc(-c3cc(F)c(-c4s[cH:2]c(F)c4F)cc3F)c(F)c2F)s1,19,19,True,ok
*c1ccc(C2=C3C(=O)N(C)C(c4ccc(-c5sc(-c6ccc(-c7sc(*)c(F)c7F)c7nsnc67)c(F)c5F)s4)=C3C(=O)N2C)s1,19,1,CN1C(=O)C2=C(c3ccc(-c4sc(-c5ccc(-c6scc(F)c6F)c6nsnc56)c(F)c4F)s3)N(C)C(=O)C2=C1c1cccs1,CN1C(=O)C2=C(c3cc[cH:1]s3)N(C)C(=O)C2=C1c1ccc(-c2sc(-c3ccc(-c4s[cH:2]c(F)c4F)c4nsnc34)c(F)c2F)s1,19,19,True,ok
*c1ccc2c(c1F)N(C)C(=O)/C2=C1/C(=O)N(C)c2c1ccc(-c1sc(-c3ccc(-c4sc(*)c(F)c4F)cc3)c(F)c1F)c2F,19,1,CN1C(=O)/C(=C2/C(=O)N(C)c3c2ccc(-c2sc(-c4ccc(-c5scc(F)c5F)cc4)c(F)c2F)c3F)c2cccc(F)c21,CN1C(=O)/C(=C2/C(=O)N(C)c3c2cc[cH:1]c3F)c2ccc(-c3sc(-c4ccc(-c5s[cH:2]c(F)c5F)cc4)c(F)c3F)c(F)c21,19,19,True,ok
*c1ccc2c(c1F)N(C)C(=O)/C2=C1/C(=O)N(C)c2c1ccc(-c1sc(-c3cc(F)c(-c4sc(*)c(F)c4F)cc3F)c(F)c1F)c2F,19,1,CN1C(=O)/C(=C2/C(=O)N(C)c3c2ccc(-c2sc(-c4cc(F)c(-c5scc(F)c5F)cc4F)c(F)c2F)c3F)c2cccc(F)c21,CN1C(=O)/C(=C2/C(=O)N(C)c3c2cc[cH:1]c3F)c2ccc(-c3sc(-c4cc(F)c(-c5s[cH:2]c(F)c5F)cc4F)c(F)c3F)c(F)c21,19,19,True,ok
*c1sc(-c2c3nsnc3c(-c3cc(C)c(*)s3)c3nc(C)c(C)nc23)cc1C,9,2,Cc1csc(-c2c3nsnc3c(-c3cc(C)c(-c4sc(-c5c6nsnc6c(-c6cc(C)cs6)c6nc(C)c(C)nc56)cc4C)s3)c3nc(C)c(C)nc23)c1,Cc1cc(-c2c3nsnc3c(-c3cc(C)[cH:1]s3)c3nc(C)c(C)nc23)sc1-c1sc(-c2c3nsnc3c(-c3cc(C)[cH:2]s3)c3nc(C)c(C)nc23)cc1C,19,19,True,ok
*c1ccc(-c2sc(-c3c4nsnc4c(-c4cc(C)c(*)s4)c4nc(C)c(C)nc34)cc2C)s1,12,2,Cc1csc(-c2c3nsnc3c(-c3cc(C)c(-c4ccc(-c5sc(-c6c7nsnc7c(-c7cc(C)c(-c8cccs8)s7)c7nc(C)c(C)nc67)cc5C)s4)s3)c3nc(C)c(C)nc23)c1,Cc1cc(-c2c3nsnc3c(-c3cc(C)c(-c4cc[cH:1]s4)s3)c3nc(C)c(C)nc23)sc1-c1ccc(-c2sc(-c3c4nsnc4c(-c4cc(C)[cH:2]s4)c4nc(C)c(C)nc34)cc2C)s1,25,25,True,ok
*C#Cc1ccc2c(C#Cc3ccc(C)cc3)c3cc(C#Cc4ccc(C5=C6C(=O)N(C)C(c7ccc(*)s7)=C6C(=O)N5C)s4)ccc3c(C#Cc3ccc(C)cc3)c2c1,21,1,C#Cc1ccc2c(C#Cc3ccc(C)cc3)c3cc(C#Cc4ccc(C5=C6C(=O)N(C)C(c7cccs7)=C6C(=O)N5C)s4)ccc3c(C#Cc3ccc(C)cc3)c2c1,Cc1ccc(C#Cc2c3ccc(C#[CH:1])cc3c(C#Cc3ccc(C)cc3)c3ccc(C#Cc4ccc(C5=C6C(=O)N(C)C(c7cc[cH:2]s7)=C6C(=O)N5C)s4)cc23)cc1,21,21,True,ok
*c1cc2sc(-c3cc4c5c(c(*)cc6c5c3C(=O)N(C)C6=O)C(=O)N(C)C4=O)cc2s1,10,2,CN1C(=O)c2ccc3c4c(c(-c5cc6sc(-c7cc8c9c(c(-c%10cc%11sccc%11s%10)cc%10c9c7C(=O)N(C)C%10=O)C(=O)N(C)C8=O)cc6s5)cc(c24)C1=O)C(=O)N(C)C3=O,CN1C(=O)c2cc(-c3cc4s[cH:1]cc4s3)c3c4c(cc(-c5cc6sc(-c7cc8c9c([cH:2]cc%10c9c7C(=O)N(C)C%10=O)C(=O)N(C)C8=O)cc6s5)c(c24)C1=O)C(=O)N(C)C3=O,21,21,True,ok
*c1cc2sc3cc(-c4cc5c6c(c(*)cc7c6c4C(=O)N(C)C7=O)C(=O)N(C)C5=O)sc3c2s1,11,2,CN1C(=O)c2ccc3c4c(c(-c5cc6sc7cc(-c8cc9c%10c(c(-c%11cc%12sc%13ccsc%13c%12s%11)cc%11c%10c8C(=O)N(C)C%11=O)C(=O)N(C)C9=O)sc7c6s5)cc(c24)C1=O)C(=O)N(C)C3=O,CN1C(=O)c2cc(-c3cc4sc5c[cH:1]sc5c4s3)c3c4c(cc(-c5cc6sc7cc(-c8cc9c%10c([cH:2]cc%11c%10c8C(=O)N(C)C%11=O)C(=O)N(C)C9=O)sc7c6s5)c(c24)C1=O)C(=O)N(C)C3=O,23,23,True,ok
*c1cc(C#N)c(-c2sc(-c3cc4c5c(c(*)cc6c5c3C(=O)N(C)C6=O)C(=O)N(C)C4=O)cc2C#N)s1,11,2,CN1C(=O)c2ccc3c4c(c(-c5cc(C#N)c(-c6sc(-c7cc8c9c(c(-c%10cc(C#N)c(-c%11sccc%11C#N)s%10)cc%10c9c7C(=O)N(C)C%10=O)C(=O)N(C)C8=O)cc6C#N)s5)cc(c24)C1=O)C(=O)N(C)C3=O,CN1C(=O)c2cc(-c3cc(C#N)c(-c4s[cH:1]cc4C#N)s3)c3c4c(cc(-c5cc(C#N)c(-c6sc(-c7cc8c9c([cH:2]cc%10c9c7C(=O)N(C)C%10=O)C(=O)N(C)C8=O)cc6C#N)s5)c(c24)C1=O)C(=O)N(C)C3=O,23,23,True,ok
*c1cc(C#N)c(/C=C/c2sc(-c3cc4c5c(c(*)cc6c5c3C(=O)N(C)C6=O)C(=O)N(C)C4=O)cc2C#N)s1,13,1,CN1C(=O)c2ccc3c4c(c(-c5cc(C#N)c(/C=C/c6sccc6C#N)s5)cc(c24)C1=O)C(=O)N(C)C3=O,CN1C(=O)c2c[cH:2]c3c4c(cc(-c5cc(C#N)c(/C=C/c6s[cH:1]cc6C#N)s5)c(c24)C1=O)C(=O)N(C)C3=O,13,13,True,ok
*c1cc2c(s1)-c1sc(-c3ccc(*)c4nsnc34)cc1C(C)(C)O2,9,2,CC1(C)Oc2cc(-c3ccc(-c4cc5c(s4)-c4sccc4OC5(C)C)c4nsnc34)sc2-c2sc(-c3cccc4nsnc34)cc21,CC1(C)Oc2c[cH:1]sc2-c2sc(-c3ccc(-c4cc5c(s4)-c4sc(-c6cc[cH:2]c7nsnc67)cc4C(C)(C)O5)c4nsnc34)cc21,19,19,True,ok
*c1cc2c(s1)-c1sc(-c3cc(F)c(*)c4nsnc34)cc1C(C)(C)O2,9,2,CC1(C)Oc2cc(-c3c(F)cc(-c4cc5c(s4)-c4sccc4OC5(C)C)c4nsnc34)sc2-c2sc(-c3cc(F)cc4nsnc34)cc21,CC1(C)Oc2c[cH:1]sc2-c2sc(-c3cc(F)c(-c4cc5c(s4)-c4sc(-c6cc(F)[cH:2]c7nsnc67)cc4C(C)(C)O5)c4nsnc34)cc21,19,19,True,ok
*c1ccc(-c2ccc(-c3cc4c(s3)-c3sc(*)cc3OC4(C)C)s2)s1,11,2,CC1(C)Oc2ccsc2-c2sc(-c3ccc(-c4ccc(-c5cc6c(s5)-c5sc(-c7ccc(-c8cccs8)s7)cc5C(C)(C)O6)s4)s3)cc21,CC1(C)Oc2cc(-c3ccc(-c4ccc(-c5cc6c(s5)-c5s[cH:2]cc5OC6(C)C)s4)s3)sc2-c2sc(-c3ccc(-c4cc[cH:1]s4)s3)cc21,23,23,True,ok
*C#Cc1cc2c(cc(C#Cc3ccc(*)c4nsnc34)c3c(=O)n(C)c(=O)c32)c2c(=O)n(C)c(=O)c12,13,1,C#Cc1cc2c(cc(C#Cc3cccc4nsnc34)c3c(=O)n(C)c(=O)c32)c2c(=O)n(C)c(=O)c12,Cn1c(=O)c2c(C#Cc3cc[cH:2]c4nsnc34)cc3c(cc(C#[CH:1])c4c(=O)n(C)c(=O)c43)c2c1=O,13,13,True,ok
*c1ccc(-c2ccc(-c3nc4c(s3)/C(=C3\C(=O)N(C)c5nc(-c6ccc(*)s6)sc53)C(=O)N4C)s2)s1,16,1,CN1C(=O)/C(=C2/C(=O)N(C)c3nc(-c4ccc(-c5cccs5)s4)sc32)c2sc(-c3cccs3)nc21,CN1C(=O)/C(=C2/C(=O)N(C)c3nc(-c4cc[cH:2]s4)sc32)c2sc(-c3ccc(-c4cc[cH:1]s4)s3)nc21,16,16,True,ok
*c1ccc(-c2nc3c(s2)/C(=C2\C(=O)N(C)c4nc(-c5ccc(-c6ccc(*)[se]6)s5)sc42)C(=O)N3C)s1,16,1,CN1C(=O)/C(=C2/C(=O)N(C)c3nc(-c4ccc(-c5ccc[se]5)s4)sc32)c2sc(-c3cccs3)nc21,CN1C(=O)/C(=C2/C(=O)N(C)c3nc(-c4cc[cH:1]s4)sc32)c2sc(-c3ccc(-c4cc[cH:2][se]4)s3)nc21,16,16,True,ok
*c1ccc(-c2nc3c(s2)/C(=C2\C(=O)N(C)c4nc(-c5ccc(-c6ccc(*)[te]6)s5)sc42)C(=O)N3C)s1,16,1,CN1C(=O)/C(=C2/C(=O)N(C)c3nc(-c4ccc(-c5ccc[te]5)s4)sc32)c2sc(-c3cccs3)nc21,CN1C(=O)/C(=C2/C(=O)N(C)c3nc(-c4cc[cH:1]s4)sc32)c2sc(-c3ccc(-c4cc[cH:2][te]4)s3)nc21,16,16,True,ok
*c1ccc(-c2ccc(-c3nc4c(s3)/C(=C3\C(=O)N(C)c5nc(-c6ccc(*)[se]6)sc53)C(=O)N4C)[se]2)s1,16,1,CN1C(=O)/C(=C2/C(=O)N(C)c3nc(-c4ccc(-c5cccs5)[se]4)sc32)c2sc(-c3ccc[se]3)nc21,CN1C(=O)/C(=C2/C(=O)N(C)c3nc(-c4cc[cH:2][se]4)sc32)c2sc(-c3ccc(-c4cc[cH:1]s4)[se]3)nc21,16,16,True,ok
*c1ccc(-c2nc3c(s2)/C(=C2\C(=O)N(C)c4nc(-c5ccc(-c6ccc(*)[se]6)[se]5)sc42)C(=O)N3C)[se]1,16,1,CN1C(=O)/C(=C2/C(=O)N(C)c3nc(-c4ccc(-c5ccc[se]5)[se]4)sc32)c2sc(-c3ccc[se]3)nc21,CN1C(=O)/C(=C2/C(=O)N(C)c3nc(-c4cc[cH:1][se]4)sc32)c2sc(-c3ccc(-c4cc[cH:2][se]4)[se]3)nc21,16,16,True,ok
*c1ccc(-c2cnc(-c3nc4c(s3)/C(=C3\C(=O)N(C)c5nc(-c6ncc(*)s6)sc53)C(=O)N4C)s2)s1,16,1,CN1C(=O)/C(=C2/C(=O)N(C)c3nc(-c4ncc(-c5cccs5)s4)sc32)c2sc(-c3nccs3)nc21,CN1C(=O)/C(=C2/C(=O)N(C)c3nc(-c4nc[cH:2]s4)sc32)c2sc(-c3ncc(-c4cc[cH:1]s4)s3)nc21,16,16,True,ok
*c1ccc(-c2ccc(-c3ccc(-c4nc5c(s4)/C(=C4\C(=O)N(C)c6nc(-c7ccc(*)s7)sc64)C(=O)N5C)s3)s2)s1,19,1,CN1C(=O)/C(=C2/C(=O)N(C)c3nc(-c4ccc(-c5ccc(-c6cccs6)s5)s4)sc32)c2sc(-c3cccs3)nc21,CN1C(=O)/C(=C2/C(=O)N(C)c3nc(-c4cc[cH:2]s4)sc32)c2sc(-c3ccc(-c4ccc(-c5cc[cH:1]s5)s4)s3)nc21,19,19,True,ok
*c1ccc2c(c1)N(C)C(=O)/C2=C/c1c(F)c(F)c(/C=C2/C(=O)N(C)c3cc(-c4ccc(-c5ccc(*)s5)s4)ccc32)c(F)c1F,21,1,CN1C(=O)/C(=C/c2c(F)c(F)c(/C=C3/C(=O)N(C)c4cc(-c5ccc(-c6cccs6)s5)ccc43)c(F)c2F)c2ccccc21,CN1C(=O)/C(=C/c2c(F)c(F)c(/C=C3/C(=O)N(C)c4c[cH:1]ccc43)c(F)c2F)c2ccc(-c3ccc(-c4cc[cH:2]s4)s3)cc21,21,21,True,ok
*c1ccc2c(c1)N(C)C(=O)/C2=C/c1c(F)c(F)c(/C=C2/C(=O)N(C)c3cc(-c4ccc(/C=C/c5ccc(*)s5)s4)ccc32)c(F)c1F,23,1,CN1C(=O)/C(=C/c2c(F)c(F)c(/C=C3/C(=O)N(C)c4cc(-c5ccc(/C=C/c6cccs6)s5)ccc43)c(F)c2F)c2ccccc21,CN1C(=O)/C(=C/c2c(F)c(F)c(/C=C3/C(=O)N(C)c4c[cH:1]ccc43)c(F)c2F)c2ccc(-c3ccc(/C=C/c4cc[cH:2]s4)s3)cc21,23,23,True,ok
*c1ccc2c(c1)N(C)C(=O)/C2=C/c1cnc(/C=C2/C(=O)N(C)c3cc(-c4ccc(-c5ccc(*)s5)s4)ccc32)cn1,21,1,CN1C(=O)/C(=C/c2cnc(/C=C3/C(=O)N(C)c4cc(-c5ccc(-c6cccs6)s5)ccc43)cn2)c2ccccc21,CN1C(=O)/C(=C/c2cnc(/C=C3/C(=O)N(C)c4c[cH:1]ccc43)cn2)c2ccc(-c3ccc(-c4cc[cH:2]s4)s3)cc21,21,21,True,ok
*c1cc(F)c(-c2sc(-c3sc(C4=c5cc6c(cc5N(C)C4=O)=C(c4cc(C)c(*)s4)C(=O)N6C)cc3C)cc2F)s1,17,1,Cc1csc(C2=c3cc4c(cc3N(C)C2=O)=C(c2cc(C)c(-c3cc(F)c(-c5sccc5F)s3)s2)C(=O)N4C)c1,Cc1cc(C2=c3cc4c(cc3N(C)C2=O)=C(c2cc(C)[cH:2]s2)C(=O)N4C)sc1-c1cc(F)c(-c2s[cH:1]cc2F)s1,17,17,True,ok
*c1ccc2c(c1)N(C)C(=O)/C2=C1/C(=O)N(C)c2c1sc1c3c(sc21)/C(=C1\C(=O)N(C)c2cc(-c4ccc(/C=C/c5ccc(*)s5)s4)ccc21)C(=O)N3C,24,1,CN1C(=O)/C(=C2/C(=O)N(C)c3c2sc2c4c(sc32)/C(=C2\C(=O)N(C)c3cc(-c5ccc(/C=C/c6cccs6)s5)ccc32)C(=O)N4C)c2ccccc21,CN1C(=O)/C(=C2/C(=O)N(C)c3c2sc2c4c(sc32)/C(=C2\C(=O)N(C)c3c[cH:1]ccc32)C(=O)N4C)c2ccc(-c3ccc(/C=C/c4cc[cH:2]s4)s3)cc21,24,24,True,ok
*c1ccc(/C=C/c2ccc(-c3ccc4c(c3F)N(C)C(=O)/C4=C3/C(=O)N(C)c4c3sc3c5c(sc43)/C(=C3\C(=O)N(C)c4c3ccc(*)c4F)C(=O)N5C)s2)s1,24,1,CN1C(=O)/C(=C2/C(=O)N(C)c3c2sc2c4c(sc32)/C(=C2\C(=O)N(C)c3c2ccc(-c2ccc(/C=C/c5cccs5)s2)c3F)C(=O)N4C)c2cccc(F)c21,CN1C(=O)/C(=C2/C(=O)N(C)c3c2sc2c4c(sc32)/C(=C2\C(=O)N(C)c3c2cc[cH:2]c3F)C(=O)N4C)c2ccc(-c3ccc(/C=C/c4cc[cH:1]s4)s3)c(F)c21,24,24,True,ok
*c1cc2c(s1)c1c(=O)n(C)c3cc(-c4sc(/C=C/c5sc(*)c(F)c5F)c(F)c4F)sc3c1c(=O)n2C,15,1,Cn1c(=O)c2c3sc(-c4sc(/C=C/c5scc(F)c5F)c(F)c4F)cc3n(C)c(=O)c2c2sccc21,Cn1c(=O)c2c3s[cH:1]cc3n(C)c(=O)c2c2sc(-c3sc(/C=C/c4s[cH:2]c(F)c4F)c(F)c3F)cc21,15,15,True,ok
*c1ccc2c(c1)N(C)C(=O)/C2=C1/C(=O)N(C)c2cc(-c3ccc(-c4c(F)c(F)c(-c5ccc(*)s5)c5nsnc45)s3)ccc21,19,1,CN1C(=O)/C(=C2/C(=O)N(C)c3cc(-c4ccc(-c5c(F)c(F)c(-c6cccs6)c6nsnc56)s4)ccc32)c2ccccc21,CN1C(=O)/C(=C2/C(=O)N(C)c3c[cH:1]ccc32)c2ccc(-c3ccc(-c4c(F)c(F)c(-c5cc[cH:2]s5)c5nsnc45)s3)cc21,19,19,True,ok
*c1ccc2c(n1)N(C)C(=O)/C2=C1/C(=O)N(C)c2cc3c(cc21)N(C)C(=O)/C3=C1/C(=O)N(C)c2nc(-c3cc4sc(*)cc4s3)ccc21,20,1,CN1C(=O)/C(=C2/C(=O)N(C)c3ncccc32)c2cc3c(cc21)/C(=C1\C(=O)N(C)c2nc(-c4cc5sccc5s4)ccc21)C(=O)N3C,CN1C(=O)/C(=C2/C(=O)N(C)c3nc(-c4cc5s[cH:2]cc5s4)ccc32)c2cc3c(cc21)/C(=C1\C(=O)N(C)c2n[cH:1]ccc21)C(=O)N3C,20,20,True,ok
*c1ccc(/C=C/c2ccc(-c3cc(C)c(/C=C4\C(=O)Oc5cc6c(cc54)OC(=O)/C6=C\c4sc(*)cc4C)s3)s2)s1,21,1,Cc1ccsc1/C=C1\C(=O)Oc2cc3c(cc21)OC(=O)/C3=C\c1sc(-c2ccc(/C=C/c3cccs3)s2)cc1C,Cc1cc(-c2ccc(/C=C/c3cc[cH:1]s3)s2)sc1/C=C1\C(=O)Oc2cc3c(cc21)OC(=O)/C3=C\c1s[cH:2]cc1C,21,21,True,ok
*c1ccc(-c2ccc(-c3ccc(-c4cc5c6c(c(*)cc7c6c4C(=O)N(C)C7=O)C(=O)N(C)C5=O)s3)nn2)s1,15,1,CN1C(=O)c2ccc3c4c(c(-c5ccc(-c6ccc(-c7cccs7)nn6)s5)cc(c24)C1=O)C(=O)N(C)C3=O,CN1C(=O)c2c[cH:2]c3c4c(cc(-c5ccc(-c6ccc(-c7cc[cH:1]s7)nn6)s5)c(c24)C1=O)C(=O)N(C)C3=O,15,15,True,ok
*c1ccc(-c2cnc(-c3ccc(-c4cc5c6c(c(*)cc7c6c4C(=O)N(C)C7=O)C(=O)N(C)C5=O)s3)cn2)s1,15,1,CN1C(=O)c2ccc3c4c(c(-c5ccc(-c6cnc(-c7cccs7)cn6)s5)cc(c24)C1=O)C(=O)N(C)C3=O,CN1C(=O)c2c[cH:2]c3c4c(cc(-c5ccc(-c6cnc(-c7cc[cH:1]s7)cn6)s5)c(c24)C1=O)C(=O)N(C)C3=O,15,15,True,ok
*c1ccc(-c2cc3c4c(ccc5/c(=c6\c(=O)c7c(*)cc8c9c(ccc6c97)C(=O)N(C)C8=O)c(=O)c2c45)C(=O)N(C)C3=O)s1,10,2,CN1C(=O)c2ccc3c(=O)/c(=c4/c(=O)c5c(-c6ccc(-c7cc8c9c(ccc%10/c(=c%11\c(=O)c%12c(-c%13cccs%13)cc%13c%14c(ccc%11c%14%12)C(=O)N(C)C%13=O)c(=O)c7c9%10)C(=O)N(C)C8=O)s6)cc6c7c(ccc4c75)C(=O)N(C)C6=O)c4ccc(c2c34)C1=O,CN1C(=O)c2ccc3/c(=c4\c(=O)c5c(-c6cc[cH:1]s6)cc6c7c(ccc4c75)C(=O)N(C)C6=O)c(=O)c4c(-c5ccc(-c6cc7c8c(ccc9/c(=c%10\c(=O)c%11c%12c%13c(ccc%10%12)C(=O)N(C)C(=O)c%13c[cH:2]%11)c(=O)c6c89)C(=O)N(C)C7=O)s5)cc(c2c43)C1=O,21,21,True,ok
*c1ccc(/C=C/c2ccc(-c3ccc4c(c3)N(C)C(=O)/C4=C3/C(=O)N(C)c4cc(*)ccc43)cc2)cc1,19,1,CN1C(=O)/C(=C2/C(=O)N(C)c3cc(-c4ccc(/C=C/c5ccccc5)cc4)ccc32)c2ccccc21,CN1C(=O)/C(=C2/C(=O)N(C)c3c[cH:2]ccc32)c2ccc(-c3ccc(/C=C/c4cc[cH:1]cc4)cc3)cc21,19,19,True,ok
*c1ccc(/C(C#N)=C/c2ccc(-c3ccc4c(c3)N(C)C(=O)/C4=C3/C(=O)N(C)c4cc(*)ccc43)cc2)cc1,19,1,CN1C(=O)/C(=C2/C(=O)N(C)c3cc(-c4ccc(/C=C(\C#N)c5ccccc5)cc4)ccc32)c2ccccc21,CN1C(=O)/C(=C2/C(=O)N(C)c3c[cH:2]ccc32)c2ccc(-c3ccc(/C=C(\C#N)c4cc[cH:1]cc4)cc3)cc21,19,19,True,ok
*c1ccc(-c2cc3c(=O)n(C)c(=O)c4cc(C5=C6C(=O)N(C)C(c7cc8c(=O)n(C)c(=O)c9cc(*)sc9c8s7)=C6C(=O)N5C)sc4c3s2)s1,18,1,CN1C(=O)C2=C(c3cc4c(=O)n(C)c(=O)c5cc(-c6cccs6)sc5c4s3)N(C)C(=O)C2=C1c1cc2c(=O)n(C)c(=O)c3ccsc3c2s1,CN1C(=O)C2=C(c3cc4c(=O)n(C)c(=O)c5c[cH:2]sc5c4s3)N(C)C(=O)C2=C1c1cc2c(=O)n(C)c(=O)c3cc(-c4cc[cH:1]s4)sc3c2s1,18,18,True,ok
*c1cc2c(=O)n(C)c(=O)c3cc(C4=C5C(=O)N(C)C(c6cc7c(=O)n(C)c(=O)c8cc(-c9sc(*)c(F)c9F)sc8c7s6)=C5C(=O)N4C)sc3c2s1,18,1,CN1C(=O)C2=C(c3cc4c(=O)n(C)c(=O)c5cc(-c6scc(F)c6F)sc5c4s3)N(C)C(=O)C2=C1c1cc2c(=O)n(C)c(=O)c3ccsc3c2s1,CN1C(=O)C2=C(c3cc4c(=O)n(C)c(=O)c5c[cH:1]sc5c4s3)N(C)C(=O)C2=C1c1cc2c(=O)n(C)c(=O)c3cc(-c4s[cH:2]c(F)c4F)sc3c2s1,18,18,True,ok
*c1ccc(-c2nc3c(=O)n(C)c(=O)c4cc(C5=C6C(=O)N(C)C(c7cc8c(=O)n(C)c(=O)c9nc(*)sc9c8s7)=C6C(=O)N5C)sc4c3s2)s1,18,1,CN1C(=O)C2=C(c3cc4c(=O)n(C)c(=O)c5nc(-c6cccs6)sc5c4s3)N(C)C(=O)C2=C1c1cc2c(=O)n(C)c(=O)c3ncsc3c2s1,CN1C(=O)C2=C(c3cc4c(=O)n(C)c(=O)c5n[cH:2]sc5c4s3)N(C)C(=O)C2=C1c1cc2c(=O)n(C)c(=O)c3nc(-c4cc[cH:1]s4)sc3c2s1,18,18,True,ok
*c1ccc(/C=C(\C#N)c2ccc(-c3ccc(C4=C5C(=O)N(C)C(c6ccc(*)s6)=C5C(=O)N4C)s3)s2)s1,17,1,CN1C(=O)C2=C(c3ccc(-c4ccc(/C(C#N)=C/c5cccs5)s4)s3)N(C)C(=O)C2=C1c1cccs1,CN1C(=O)C2=C(c3cc[cH:2]s3)N(C)C(=O)C2=C1c1ccc(-c2ccc(/C(C#N)=C/c3cc[cH:1]s3)s2)s1,17,17,True,ok
*c1ccc(C2=C3C(=O)N(C)C(c4ccc(-c5ccc(-c6ccc(C7=C8C(=O)N(C)C(c9ccc(-c%10ccc(*)c%11nsnc%10%11)s9)=C8C(=O)N7C)s6)s5)s4)=C3C(=O)N2C)s1,26,1,CN1C(=O)C2=C(c3ccc(-c4ccc(-c5ccc(C6=C7C(=O)N(C)C(c8ccc(-c9cccc%10nsnc9%10)s8)=C7C(=O)N6C)s5)s4)s3)N(C)C(=O)C2=C1c1cccs1,CN1C(=O)C2=C(c3ccc(-c4cc[cH:2]c5nsnc45)s3)N(C)C(=O)C2=C1c1ccc(-c2ccc(-c3ccc(C4=C5C(=O)N(C)C(c6cc[cH:1]s6)=C5C(=O)N4C)s3)s2)s1,26,26,True,ok
*c1ccc(C2=C3C(=O)N(C)C(c4ccc(-c5sc(-c6ccc(C7=C8C(=O)N(C)C(c9ccc(-c%10ccc(*)c%11nsnc%10%11)s9)=C8C(=O)N7C)s6)c(F)c5F)s4)=C3C(=O)N2C)s1,26,1,CN1C(=O)C2=C(c3ccc(-c4sc(-c5ccc(C6=C7C(=O)N(C)C(c8ccc(-c9cccc%10nsnc9%10)s8)=C7C(=O)N6C)s5)c(F)c4F)s3)N(C)C(=O)C2=C1c1cccs1,CN1C(=O)C2=C(c3ccc(-c4cc[cH:2]c5nsnc45)s3)N(C)C(=O)C2=C1c1ccc(-c2sc(-c3ccc(C4=C5C(=O)N(C)C(c6cc[cH:1]s6)=C5C(=O)N4C)s3)c(F)c2F)s1,26,26,True,ok
*c1ccc(C2=C3C(=O)N(C)C(c4ccc(-c5ccc(-c6ccc(C7=C8C(=O)N(C)C(c9ccc(-c%10ccc(*)c%11nonc%10%11)s9)=C8C(=O)N7C)s6)s5)s4)=C3C(=O)N2C)s1,26,1,CN1C(=O)C2=C(c3ccc(-c4ccc(-c5ccc(C6=C7C(=O)N(C)C(c8ccc(-c9cccc%10nonc9%10)s8)=C7C(=O)N6C)s5)s4)s3)N(C)C(=O)C2=C1c1cccs1,CN1C(=O)C2=C(c3ccc(-c4cc[cH:2]c5nonc45)s3)N(C)C(=O)C2=C1c1ccc(-c2ccc(-c3ccc(C4=C5C(=O)N(C)C(c6cc[cH:1]s6)=C5C(=O)N4C)s3)s2)s1,26,26,True,ok
*c1ccc(C2=C3C(=O)N(C)C(c4ccc(-c5sc(-c6ccc(C7=C8C(=O)N(C)C(c9ccc(-c%10ccc(*)c%11nonc%10%11)s9)=C8C(=O)N7C)s6)c(F)c5F)s4)=C3C(=O)N2C)s1,26,1,CN1C(=O)C2=C(c3ccc(-c4sc(-c5ccc(C6=C7C(=O)N(C)C(c8ccc(-c9cccc%10nonc9%10)s8)=C7C(=O)N6C)s5)c(F)c4F)s3)N(C)C(=O)C2=C1c1cccs1,CN1C(=O)C2=C(c3ccc(-c4cc[cH:2]c5nonc45)s3)N(C)C(=O)C2=C1c1ccc(-c2sc(-c3ccc(C4=C5C(=O)N(C)C(c6cc[cH:1]s6)=C5C(=O)N4C)s3)c(F)c2F)s1,26,26,True,ok
*c1ccc(C2=C3C(=O)N(C)C(c4ccc(-c5ccc(-c6ccc(C7=C8C(=O)N(C)C(c9ccc(-c%10ccc(*)c%11n[se]nc%10%11)s9)=C8C(=O)N7C)s6)s5)s4)=C3C(=O)N2C)s1,26,1,CN1C(=O)C2=C(c3ccc(-c4ccc(-c5ccc(C6=C7C(=O)N(C)C(c8ccc(-c9cccc%10n[se]nc9%10)s8)=C7C(=O)N6C)s5)s4)s3)N(C)C(=O)C2=C1c1cccs1,CN1C(=O)C2=C(c3ccc(-c4cc[cH:2]c5n[se]nc45)s3)N(C)C(=O)C2=C1c1ccc(-c2ccc(-c3ccc(C4=C5C(=O)N(C)C(c6cc[cH:1]s6)=C5C(=O)N4C)s3)s2)s1,26,26,True,ok
*c1ccc(-c2sc(-c3cc4c5nonc5c5cc(-c6cc(C)c(*)s6)sc5c4s3)cc2C)s1,14,1,Cc1csc(-c2cc3c4nonc4c4cc(-c5cc(C)c(-c6cccs6)s5)sc4c3s2)c1,Cc1cc(-c2cc3c4nonc4c4cc(-c5cc(C)[cH:2]s5)sc4c3s2)sc1-c1cc[cH:1]s1,14,14,True,ok
*c1ccc(-c2ccc(-c3sc(-c4cc5c6nonc6c6cc(-c7cc(C)c(*)s7)sc6c5s4)cc3C)s2)s1,17,1,Cc1csc(-c2cc3c4nonc4c4cc(-c5cc(C)c(-c6ccc(-c7cccs7)s6)s5)sc4c3s2)c1,Cc1cc(-c2cc3c4nonc4c4cc(-c5cc(C)[cH:2]s5)sc4c3s2)sc1-c1ccc(-c2cc[cH:1]s2)s1,17,17,True,ok
*c1ccc(/C=C/c2ccc(-c3cc(C)c(-c4sc(-c5sc(-c6sc(*)cc6C)c6c5C(=O)N(C)C6=O)c5c4C(=O)N(C)C5=O)s3)s2)s1,19,1,Cc1ccsc1-c1sc(-c2sc(-c3sc(-c4ccc(/C=C/c5cccs5)s4)cc3C)c3c2C(=O)N(C)C3=O)c2c1C(=O)N(C)C2=O,Cc1cc(-c2ccc(/C=C/c3cc[cH:1]s3)s2)sc1-c1sc(-c2sc(-c3s[cH:2]cc3C)c3c2C(=O)N(C)C3=O)c2c1C(=O)N(C)C2=O,19,19,True,ok
*c1ccc(-c2nc3c(s2)/C(=C2\C(=O)N(C)c4nc(-c5ccc(-c6ccc(-c7ccc(-c8ccc(*)s8)c8nsnc78)s6)s5)sc42)C(=O)N3C)s1,23,1,CN1C(=O)/C(=C2/C(=O)N(C)c3nc(-c4ccc(-c5ccc(-c6ccc(-c7cccs7)c7nsnc67)s5)s4)sc32)c2sc(-c3cccs3)nc21,CN1C(=O)/C(=C2/C(=O)N(C)c3nc(-c4cc[cH:1]s4)sc32)c2sc(-c3ccc(-c4ccc(-c5ccc(-c6cc[cH:2]s6)c6nsnc56)s4)s3)nc21,23,23,True,ok
*c1cc2c(s1)C1=C3C(=O)N4C=Cc5c(sc(-c6cc7sc(*)cc7s6)c5C)C4=C3C(=O)N1C=C2C,14,1,CC1=CN2C(=O)C3=C4c5sc(-c6cc7sccc7s6)c(C)c5C=CN4C(=O)C3=C2c2sccc21,CC1=CN2C(=O)C3=C4c5sc(-c6cc7s[cH:2]cc7s6)c(C)c5C=CN4C(=O)C3=C2c2s[cH:1]cc21,14,14,True,ok
*c1ccc(-c2sc3c(c2C)C=CN2C(=O)C4=C5c6sc(*)cc6C(C)=CN5C(=O)C4=C32)s1,12,2,CC1=CN2C(=O)C3=C4c5sc(-c6ccc(-c7cc8c(s7)C7=C9C(=O)N%10C=Cc%11c(sc(-c%12cccs%12)c%11C)C%10=C9C(=O)N7C=C8C)s6)c(C)c5C=CN4C(=O)C3=C2c2sccc21,CC1=CN2C(=O)C3=C4c5sc(-c6cc[cH:1]s6)c(C)c5C=CN4C(=O)C3=C2c2sc(-c3ccc(-c4sc5c(c4C)C=CN4C(=O)C6=C7c8s[cH:2]cc8C(C)=CN7C(=O)C6=C54)s3)cc21,25,25,True,ok
*C#Cc1cc(OC)c(C#Cc2cc3c4c(c(*)cc5c4c2C(=O)N(C)C5=O)C(=O)N(C)C3=O)cc1OC,13,1,C#Cc1cc(OC)c(C#Cc2cc3c4c(ccc5c4c2C(=O)N(C)C5=O)C(=O)N(C)C3=O)cc1OC,COc1cc(C#[CH:1])c(OC)cc1C#Cc1cc2c3c([cH:2]cc4c3c1C(=O)N(C)C4=O)C(=O)N(C)C2=O,13,13,True,ok
*C#Cc1cc(C)c(C#Cc2cc3c4c(c(*)cc5c4c2C(=O)N(C)C5=O)C(=O)N(C)C3=O)cc1C,13,1,C#Cc1cc(C)c(C#Cc2cc3c4c(ccc5c4c2C(=O)N(C)C5=O)C(=O)N(C)C3=O)cc1C,Cc1cc(C#[CH:1])c(C)cc1C#Cc1cc2c3c([cH:2]cc4c3c1C(=O)N(C)C4=O)C(=O)N(C)C2=O,13,13,True,ok
*/C=C/c1ccc(-c2c(OC)c(OC)c(-c3ccc(*)s3)c3nsnc23)s1,11,2,C=Cc1ccc(-c2c(OC)c(OC)c(-c3ccc(C=Cc4ccc(-c5c(OC)c(OC)c(-c6cccs6)c6nsnc56)s4)s3)c3nsnc23)s1,COc1c(OC)c(-c2ccc(C=[CH2:1])s2)c2nsnc2c1-c1ccc(C=Cc2ccc(-c3c(OC)c(OC)c(-c4cc[cH:2]s4)c4nsnc34)s2)s1,23,23,True,ok
*c1ccc(-c2nnc(-c3ccc(-c4cc5c(OC)c6sc(*)cc6c(OC)c5s4)s3)c3c2C(=O)N(C)C3=O)s1,16,1,COc1c2cc(-c3ccc(-c4nnc(-c5cccs5)c5c4C(=O)N(C)C5=O)s3)sc2c(OC)c2ccsc12,COc1c2c[cH:2]sc2c(OC)c2cc(-c3ccc(-c4nnc(-c5cc[cH:1]s5)c5c4C(=O)N(C)C5=O)s3)sc12,16,16,True,ok
*c1sc(-c2ccc(-c3cc(C)c(-c4cc5c6c(ccc7c8c(*)cc9c%10c(ccc(c4c67)c%108)C(=O)N(C)C9=O)C(=O)N(C)C5=O)s3)c3nsnc23)cc1C,15,1,Cc1csc(-c2ccc(-c3cc(C)c(-c4cc5c6c(ccc7c8ccc9c%10c(ccc(c4c67)c%108)C(=O)N(C)C9=O)C(=O)N(C)C5=O)s3)c3nsnc23)c1,Cc1cc(-c2ccc(-c3cc(C)[cH:1]s3)c3nsnc23)sc1-c1cc2c3c(ccc4c3c1c1ccc3c5c(c[cH:2]c4c51)C(=O)N(C)C3=O)C(=O)N(C)C2=O,15,15,True,ok
*c1cc(C(=O)OC)c(-c2ccc3c(n2)N(C)C(=O)/C3=C2/C(=O)N(C)c3nc(-c4sc(-c5cc6sc(*)cc6s5)cc4C(=O)OC)ccc32)s1,20,1,COC(=O)c1ccsc1-c1ccc2c(n1)N(C)C(=O)/C2=C1/C(=O)N(C)c2nc(-c3sc(-c4cc5sccc5s4)cc3C(=O)OC)ccc21,COC(=O)c1cc(-c2cc3s[cH:2]cc3s2)sc1-c1ccc2c(n1)N(C)C(=O)/C2=C1/C(=O)N(C)c2nc(-c3s[cH:1]cc3C(=O)OC)ccc21,20,20,True,ok
*c1ccc2c(n1)N(C)C(=O)/C2=C1/C(=O)Oc2cc3c(cc21)OC(=O)/C3=C1/C(=O)N(C)c2nc(-c3ccc(-c4ccc(*)s4)s3)ccc21,21,1,CN1C(=O)/C(=C2/C(=O)Oc3cc4c(cc32)OC(=O)/C4=C2/C(=O)N(C)c3nc(-c4ccc(-c5cccs5)s4)ccc32)c2cccnc21,CN1C(=O)/C(=C2/C(=O)Oc3cc4c(cc32)OC(=O)/C4=C2/C(=O)N(C)c3n[cH:1]ccc32)c2ccc(-c3ccc(-c4cc[cH:2]s4)s3)nc21,21,21,True,ok
*c1ccc(C2=C3C(=O)N(C)C(c4ccc(-c5ccc(-c6ccc(*)s6)s5)s4)=C3C(=O)N2C)s1,15,1,CN1C(=O)C2=C(c3ccc(-c4ccc(-c5cccs5)s4)s3)N(C)C(=O)C2=C1c1cccs1,CN1C(=O)C2=C(c3cc[cH:1]s3)N(C)C(=O)C2=C1c1ccc(-c2ccc(-c3cc[cH:2]s3)s2)s1,15,15,True,ok
*c1ccc(C2=C3C(=O)N(C)C(c4ccc(-c5cnc(-c6ncc(*)s6)s5)s4)=C3C(=O)N2C)s1,15,1,CN1C(=O)C2=C(c3ccc(-c4cnc(-c5nccs5)s4)s3)N(C)C(=O)C2=C1c1cccs1,CN1C(=O)C2=C(c3cc[cH:1]s3)N(C)C(=O)C2=C1c1ccc(-c2cnc(-c3nc[cH:2]s3)s2)s1,15,15,True,ok
*c1ccc(-c2ccc(-c3cnc(C4=C5C(=O)N(C)C(c6ncc(*)s6)=C5C(=O)N4C)s3)s2)s1,15,1,CN1C(=O)C2=C(c3ncc(-c4ccc(-c5cccs5)s4)s3)N(C)C(=O)C2=C1c1nccs1,CN1C(=O)C2=C(c3nc[cH:2]s3)N(C)C(=O)C2=C1c1ncc(-c2ccc(-c3cc[cH:1]s3)s2)s1,15,15,True,ok
*c1ccc2cc(-c3cc(C)c(/C=C/c4sc(*)cc4C)s3)ccc2c1,13,1,Cc1ccsc1/C=C/c1sc(-c2ccc3ccccc3c2)cc1C,Cc1cc(-c2ccc3c[cH:1]ccc3c2)sc1/C=C/c1s[cH:2]cc1C,13,13,True,ok
*c1cc(C)c(/C=C/c2sc(-c3ccc4c(OC)c(*)ccc4c3OC)cc2C)s1,13,1,COc1cccc2c(OC)c(-c3cc(C)c(/C=C/c4sccc4C)s3)ccc12,COc1c(-c2cc(C)c(/C=C/c3s[cH:1]cc3C)s2)ccc2c(OC)[cH:2]ccc12,13,13,True,ok
*c1cc2sc(-c3c(C#N)c4c5c(c(*)c(C#N)c6c5c3C(=O)N(C)C6=O)C(=O)N(C)C4=O)cc2s1,10,2,CN1C(=O)c2cc(C#N)c3c4c(c(-c5cc6sc(-c7c(C#N)c8c9c(c(-c%10cc%11sccc%11s%10)c(C#N)c%10c9c7C(=O)N(C)C%10=O)C(=O)N(C)C8=O)cc6s5)c(C#N)c(c24)C1=O)C(=O)N(C)C3=O,CN1C(=O)c2c(C#N)c(-c3cc4s[cH:1]cc4s3)c3c4c(c(C#N)c(-c5cc6sc(-c7c(C#N)c8c9c([cH:2]c(C#N)c%10c9c7C(=O)N(C)C%10=O)C(=O)N(C)C8=O)cc6s5)c(c24)C1=O)C(=O)N(C)C3=O,21,21,True,ok
*c1cc2nc3c4c(cc5c(=O)n(C)c6nc7cc(*)sc7c7cc(c(=O)n3C)c4c5c76)c2s1,11,2,Cn1c(=O)c2cc3c4sc(-c5cc6nc7c8c(cc9c(=O)n(C)c%10nc%11ccsc%11c%11cc(c(=O)n7C)c8c9c%11%10)c6s5)cc4nc4c3c3c(cc5c6sccc6nc1c5c23)c(=O)n4C,Cn1c(=O)c2cc3c4s[cH:1]cc4nc4c3c3c(cc5c6sc(-c7cc8nc9c%10c(cc%11c(=O)n(C)c%12nc%13c[cH:2]sc%13c%13cc(c(=O)n9C)c%10c%11c%13%12)c8s7)cc6nc1c5c23)c(=O)n4C,23,23,True,ok
*c1ccc(-c2cc3nc4c5c(cc6c(=O)n(C)c7nc8cc(*)sc8c8cc(c(=O)n4C)c5c6c87)c3s2)s1,14,1,Cn1c(=O)c2cc3c4sc(-c5cccs5)cc4nc4c3c3c(cc5c6sccc6nc1c5c23)c(=O)n4C,Cn1c(=O)c2cc3c4s[cH:2]cc4nc4c3c3c(cc5c6sc(-c7cc[cH:1]s7)cc6nc1c5c23)c(=O)n4C,14,14,True,ok
*c1cc2nc3c4c(cc5c(=O)n(C)c6nc7cc(-c8ccc(*)c9nsnc89)sc7c7cc(c(=O)n3C)c4c5c76)c2s1,15,1,Cn1c(=O)c2cc3c4sc(-c5cccc6nsnc56)cc4nc4c3c3c(cc5c6sccc6nc1c5c23)c(=O)n4C,Cn1c(=O)c2cc3c4s[cH:1]cc4nc4c3c3c(cc5c6sc(-c7cc[cH:2]c8nsnc78)cc6nc1c5c23)c(=O)n4C,15,15,True,ok
*c1ccc(-c2cc(C)c(-c3nc4sc(-c5sc(*)cc5C)nc4s3)s2)s1,13,1,Cc1ccsc1-c1nc2sc(-c3sc(-c4cccs4)cc3C)nc2s1,Cc1cc(-c2cc[cH:1]s2)sc1-c1nc2sc(-c3s[cH:2]cc3C)nc2s1,13,13,True,ok
*c1ccc(-c2ccc(-c3sc(-c4cc5c(cc(-c6cc(C)c(*)s6)c6nsnc65)c5nsnc45)cc3C)s2)s1,17,1,Cc1csc(-c2cc3c(cc(-c4cc(C)c(-c5ccc(-c6cccs6)s5)s4)c4nsnc43)c3nsnc23)c1,Cc1cc(-c2cc3c(cc(-c4cc(C)[cH:2]s4)c4nsnc43)c3nsnc23)sc1-c1ccc(-c2cc[cH:1]s2)s1,17,17,True,ok
*c1ccc(-c2ccc(-c3sc(-c4c(F)c5c6nsnc6c(-c6cc(C)c(*)s6)c(F)c5c5nsnc45)cc3C)s2)s1,17,1,Cc1csc(-c2c(F)c3c4nsnc4c(-c4cc(C)c(-c5ccc(-c6cccs6)s5)s4)c(F)c3c3nsnc23)c1,Cc1cc(-c2c(F)c3c4nsnc4c(-c4cc(C)[cH:2]s4)c(F)c3c3nsnc23)sc1-c1ccc(-c2cc[cH:1]s2)s1,17,17,True,ok
*c1ccc(-c2ccc(-c3sc(-c4c(C#N)c5c6nsnc6c(-c6cc(C)c(*)s6)c(C#N)c5c5nsnc45)cc3C)s2)s1,17,1,Cc1csc(-c2c(C#N)c3c4nsnc4c(-c4cc(C)c(-c5ccc(-c6cccs6)s5)s4)c(C#N)c3c3nsnc23)c1,Cc1cc(-c2c(C#N)c3c4nsnc4c(-c4cc(C)[cH:2]s4)c(C#N)c3c3nsnc23)sc1-c1ccc(-c2cc[cH:1]s2)s1,17,17,True,ok
*c1sc(-c2c(C#N)c3c4nsnc4c(-c4cc(C)c(-c5sc(-c6cc(F)c(*)s6)cc5F)s4)c(C#N)c3c3nsnc23)cc1C,17,1,Cc1csc(-c2c(C#N)c3c4nsnc4c(-c4cc(C)c(-c5sc(-c6cc(F)cs6)cc5F)s4)c(C#N)c3c3nsnc23)c1,Cc1cc(-c2c(C#N)c3c4nsnc4c(-c4cc(C)[cH:1]s4)c(C#N)c3c3nsnc23)sc1-c1sc(-c2cc(F)[cH:2]s2)cc1F,17,17,True,ok
*c1cc(F)c(-c2sc(-c3sc(-c4c(C#N)c5c6nsnc6c(-c6cc(C)c(*)s6)c(C#N)c5c5nsnc45)cc3C)cc2F)s1,17,1,Cc1csc(-c2c(C#N)c3c4nsnc4c(-c4cc(C)c(-c5cc(F)c(-c6sccc6F)s5)s4)c(C#N)c3c3nsnc23)c1,Cc1cc(-c2c(C#N)c3c4nsnc4c(-c4cc(C)[cH:2]s4)c(C#N)c3c3nsnc23)sc1-c1cc(F)c(-c2s[cH:1]cc2F)s1,17,17,True,ok
*c1ccc(C2=C3C(=O)N(C)C(c4ccc(-c5c(F)c(F)c(*)c(F)c5F)s4)=C3C(=O)N2C)s1,13,1,CN1C(=O)C2=C(c3ccc(-c4c(F)c(F)cc(F)c4F)s3)N(C)C(=O)C2=C1c1cccs1,CN1C(=O)C2=C(c3cc[cH:1]s3)N(C)C(=O)C2=C1c1ccc(-c2c(F)c(F)[cH:2]c(F)c2F)s1,13,13,True,ok
*c1ccc(-c2ccc(-c3sc(C4=C/C(=C5/C=C(c6cc(C)c(*)s6)C(=O)S5)SC4=O)cc3C)s2)s1,17,1,Cc1csc(C2=C/C(=C3/C=C(c4cc(C)c(-c5ccc(-c6cccs6)s5)s4)C(=O)S3)SC2=O)c1,Cc1cc(C2=C/C(=C3/C=C(c4cc(C)[cH:2]s4)C(=O)S3)SC2=O)sc1-c1ccc(-c2cc[cH:1]s2)s1,17,17,True,ok
*c1ccc(-c2ccc(C3=C4C(SC)=NC(c5ccc(*)s5)=C4C(SC)=N3)s2)o1,12,2,CSC1=NC(c2ccc(-c3ccc(-c4ccc(C5=C6C(SC)=NC(c7ccc(-c8ccco8)s7)=C6C(SC)=N5)s4)o3)s2)=C2C(SC)=NC(c3cccs3)=C12,CSC1=NC(c2ccc(-c3cc[cH:1]o3)s2)=C2C(SC)=NC(c3ccc(-c4ccc(-c5ccc(C6=C7C(SC)=NC(c8cc[cH:2]s8)=C7C(SC)=N6)s5)o4)s3)=C12,25,25,True,ok
*c1ccc(C2=C3C(SC)=NC(c4ccc(-c5ccc(*)s5)s4)=C3C(SC)=N2)s1,12,2,CSC1=NC(c2ccc(-c3ccc(-c4ccc(C5=C6C(SC)=NC(c7ccc(-c8cccs8)s7)=C6C(SC)=N5)s4)s3)s2)=C2C(SC)=NC(c3cccs3)=C12,CSC1=NC(c2ccc(-c3cc[cH:2]s3)s2)=C2C(SC)=NC(c3ccc(-c4ccc(-c5ccc(C6=C7C(SC)=NC(c8cc[cH:1]s8)=C7C(SC)=N6)s5)s4)s3)=C12,25,25,True,ok
*c1ccc(C2=C3C(=O)N(C)C(c4ccc(-c5cc(C)c(-c6ccc(-c7sc(*)cc7C)o6)s5)s4)=C3C(=O)N2C)s1,18,1,Cc1ccsc1-c1ccc(-c2sc(-c3ccc(C4=C5C(=O)N(C)C(c6cccs6)=C5C(=O)N4C)s3)cc2C)o1,Cc1cc(-c2ccc(C3=C4C(=O)N(C)C(c5cc[cH:1]s5)=C4C(=O)N3C)s2)sc1-c1ccc(-c2s[cH:2]cc2C)o1,18,18,True,ok
*c1ccc(C2=C3C(=O)N(C)C(c4ccc(-c5cc(C)c(-c6ccc(-c7sc(*)cc7C)s6)s5)s4)=C3C(=O)N2C)s1,18,1,Cc1ccsc1-c1ccc(-c2sc(-c3ccc(C4=C5C(=O)N(C)C(c6cccs6)=C5C(=O)N4C)s3)cc2C)s1,Cc1cc(-c2ccc(C3=C4C(=O)N(C)C(c5cc[cH:1]s5)=C4C(=O)N3C)s2)sc1-c1ccc(-c2s[cH:2]cc2C)s1,18,18,True,ok
*c1ccc(-c2ccc(-c3ccc(-c4cc5c(cc(-c6ccc(*)s6)c6nc7c(=O)n(C)c(=O)c7nc65)c5nc6c(=O)n(C)c(=O)c6nc45)s3)s2)s1,17,1,Cn1c(=O)c2nc3c(-c4cccs4)cc4c(cc(-c5ccc(-c6ccc(-c7cccs7)s6)s5)c5nc6c(=O)n(C)c(=O)c6nc54)c3nc2c1=O,Cn1c(=O)c2nc3c(-c4ccc(-c5ccc(-c6cc[cH:1]s6)s5)s4)cc4c(cc(-c5cc[cH:2]s5)c5nc6c(=O)n(C)c(=O)c6nc54)c3nc2c1=O,17,17,True,ok
*c1ccc(-c2cc3c(cc(-c4ccc(-c5cc(F)c(-c6sc(*)cc6F)s5)s4)c4nc5c(=O)n(C)c(=O)c5nc43)c3nc4c(=O)n(C)c(=O)c4nc23)s1,17,1,Cn1c(=O)c2nc3c(-c4cccs4)cc4c(cc(-c5ccc(-c6cc(F)c(-c7sccc7F)s6)s5)c5nc6c(=O)n(C)c(=O)c6nc54)c3nc2c1=O,Cn1c(=O)c2nc3c(-c4ccc(-c5cc(F)c(-c6s[cH:2]cc6F)s5)s4)cc4c(cc(-c5cc[cH:1]s5)c5nc6c(=O)n(C)c(=O)c6nc54)c3nc2c1=O,17,17,True,ok
*c1ccc(-c2cc3c(cc(-c4ccc(-c5sc(-c6cc(F)c(*)s6)cc5F)s4)c4nc5c(=O)n(C)c(=O)c5nc43)c3nc4c(=O)n(C)c(=O)c4nc23)s1,17,1,Cn1c(=O)c2nc3c(-c4cccs4)cc4c(cc(-c5ccc(-c6sc(-c7cc(F)cs7)cc6F)s5)c5nc6c(=O)n(C)c(=O)c6nc54)c3nc2c1=O,Cn1c(=O)c2nc3c(-c4ccc(-c5sc(-c6cc(F)[cH:2]s6)cc5F)s4)cc4c(cc(-c5cc[cH:1]s5)c5nc6c(=O)n(C)c(=O)c6nc54)c3nc2c1=O,17,17,True,ok
*c1cc2c(=O)n(C)c(=O)c3cc(-c4sc(-c5nc(C(=O)OC)c(*)s5)nc4C(=O)OC)sc3c2s1,11,2,COC(=O)c1csc(-c2nc(C(=O)OC)c(-c3cc4c(=O)n(C)c(=O)c5cc(-c6sc(-c7nc(C(=O)OC)c(-c8cc9c(=O)n(C)c(=O)c%10ccsc%10c9s8)s7)nc6C(=O)OC)sc5c4s3)s2)n1,COC(=O)c1nc(-c2nc(C(=O)OC)c(-c3cc4c(=O)n(C)c(=O)c5c[cH:1]sc5c4s3)s2)sc1-c1cc2c(=O)n(C)c(=O)c3cc(-c4sc(-c5nc(C(=O)OC)[cH:2]s5)nc4C(=O)OC)sc3c2s1,23,23,True,ok
*c1cc2c(s1)-c1sc(-c3ncc(-c4cnc(-c5cc6c(s5)-c5sc(*)cc5C6(C)C)c5nsnc45)c4nsnc34)cc1C2(C)C,19,1,CC1(C)c2ccsc2-c2sc(-c3ncc(-c4cnc(-c5cc6c(s5)-c5sccc5C6(C)C)c5nsnc45)c4nsnc34)cc21,CC1(C)c2cc(-c3ncc(-c4cnc(-c5cc6c(s5)-c5s[cH:2]cc5C6(C)C)c5nsnc45)c4nsnc34)sc2-c2s[cH:1]cc21,19,19,True,ok
*c1cc2c(s1)-c1cc3c(cc1C2(C)C)-c1sc(-c2c(F)c(F)c(*)c4nsnc24)cc1C3(C)C,13,1,CC1(C)c2cc3c(cc2-c2sccc21)C(C)(C)c1cc(-c2c(F)c(F)cc4nsnc24)sc1-3,CC1(C)c2cc3c(cc2-c2sc(-c4c(F)c(F)[cH:2]c5nsnc45)cc21)C(C)(C)c1c[cH:1]sc1-3,13,13,True,ok
*c1cc2c(s1)-c1cc3c(cc1C2(C)C)-c1sc(-c2c4c(c(*)c5nsnc25)OCCO4)cc1C3(C)C,13,1,CC1(C)c2cc3c(cc2-c2sccc21)C(C)(C)c1cc(-c2c4c(cc5nsnc25)OCCO4)sc1-3,CC1(C)c2cc3c(cc2-c2sc(-c4c5c([cH:2]c6nsnc46)OCCO5)cc21)C(C)(C)c1c[cH:1]sc1-3,13,13,True,ok
*c1ccc(-c2cc3c4c(c(-c5ccc(*)o5)cc5c4c2C(=O)N(C)C5=O)C(=O)N(C)C3=O)o1,11,2,CN1C(=O)c2cc(-c3ccc(-c4ccc(-c5cc6c7c(c(-c8ccco8)cc8c7c5C(=O)N(C)C8=O)C(=O)N(C)C6=O)o4)o3)c3c4c(cc(-c5ccco5)c(c24)C1=O)C(=O)N(C)C3=O,CN1C(=O)c2cc(-c3cc[cH:1]o3)c3c4c(cc(-c5ccc(-c6ccc(-c7cc8c9c(c(-c%10cc[cH:2]o%10)cc%10c9c7C(=O)N(C)C%10=O)C(=O)N(C)C8=O)o6)o5)c(c24)C1=O)C(=O)N(C)C3=O,23,23,True,ok
*c1ccc(-c2cc3c4c(c(-c5ccc(*)s5)cc5c4c2C(=O)N(C)C5=O)C(=O)N(C)C3=O)s1,11,2,CN1C(=O)c2cc(-c3ccc(-c4ccc(-c5cc6c7c(c(-c8cccs8)cc8c7c5C(=O)N(C)C8=O)C(=O)N(C)C6=O)s4)s3)c3c4c(cc(-c5cccs5)c(c24)C1=O)C(=O)N(C)C3=O,CN1C(=O)c2cc(-c3cc[cH:1]s3)c3c4c(cc(-c5ccc(-c6ccc(-c7cc8c9c(c(-c%10cc[cH:2]s%10)cc%10c9c7C(=O)N(C)C%10=O)C(=O)N(C)C8=O)s6)s5)c(c24)C1=O)C(=O)N(C)C3=O,23,23,True,ok
*c1ccc(-c2cc3c4c(c(-c5ccc(*)[se]5)cc5c4c2C(=O)N(C)C5=O)C(=O)N(C)C3=O)[se]1,11,2,CN1C(=O)c2cc(-c3ccc(-c4ccc(-c5cc6c7c(c(-c8ccc[se]8)cc8c7c5C(=O)N(C)C8=O)C(=O)N(C)C6=O)[se]4)[se]3)c3c4c(cc(-c5ccc[se]5)c(c24)C1=O)C(=O)N(C)C3=O,CN1C(=O)c2cc(-c3cc[cH:1][se]3)c3c4c(cc(-c5ccc(-c6ccc(-c7cc8c9c(c(-c%10cc[cH:2][se]%10)cc%10c9c7C(=O)N(C)C%10=O)C(=O)N(C)C8=O)[se]6)[se]5)c(c24)C1=O)C(=O)N(C)C3=O,23,23,True,ok
*c1ccc(-c2cc3c4c(c(-c5ccc(*)[se]5)cc5c4c2C(=O)N(C)C5=O)C(=O)N(C)C3=O)s1,11,2,CN1C(=O)c2cc(-c3ccc[se]3)c3c4c(cc(-c5ccc(-c6ccc(-c7cc8c9c(c(-c%10cccs%10)cc%10c9c7C(=O)N(C)C%10=O)C(=O)N(C)C8=O)[se]6)s5)c(c24)C1=O)C(=O)N(C)C3=O,CN1C(=O)c2cc(-c3ccc(-c4ccc(-c5cc6c7c(c(-c8cc[cH:2][se]8)cc8c7c5C(=O)N(C)C8=O)C(=O)N(C)C6=O)s4)[se]3)c3c4c(cc(-c5cc[cH:1]s5)c(c24)C1=O)C(=O)N(C)C3=O,23,23,True,ok
*c1ccc2c(c1)N(C)C(=O)/C2=C1/C(=O)Oc2cc3c(cc21)OC(=O)/C3=C1/C(=O)N(C)c2cc(-c3cc4sc(*)cc4s3)ccc21,20,1,CN1C(=O)/C(=C2/C(=O)Oc3cc4c(cc32)OC(=O)/C4=C2/C(=O)N(C)c3cc(-c4cc5sccc5s4)ccc32)c2ccccc21,CN1C(=O)/C(=C2/C(=O)Oc3cc4c(cc32)OC(=O)/C4=C2/C(=O)N(C)c3c[cH:1]ccc32)c2ccc(-c3cc4s[cH:2]cc4s3)cc21,20,20,True,ok
*c1ccc2c(c1)N(C)C(=O)/C2=C1/C(=O)Oc2cc3c(cc21)OC(=O)/C3=C1/C(=O)N(C)c2cc(-c3cc4cc5sc(*)cc5cc4s3)ccc21,22,1,CN1C(=O)/C(=C2/C(=O)Oc3cc4c(cc32)OC(=O)/C4=C2/C(=O)N(C)c3cc(-c4cc5cc6sccc6cc5s4)ccc32)c2ccccc21,CN1C(=O)/C(=C2/C(=O)Oc3cc4c(cc32)OC(=O)/C4=C2/C(=O)N(C)c3c[cH:1]ccc32)c2ccc(-c3cc4cc5s[cH:2]cc5cc4s3)cc21,22,22,True,ok
*c1ccc(-c2ccc(-c3sc(-c4cc5c(cc(-c6cc(C)c(*)s6)c6nonc65)c5nonc45)cc3C)s2)s1,17,1,Cc1csc(-c2cc3c(cc(-c4cc(C)c(-c5ccc(-c6cccs6)s5)s4)c4nonc43)c3nonc23)c1,Cc1cc(-c2cc3c(cc(-c4cc(C)[cH:2]s4)c4nonc43)c3nonc23)sc1-c1ccc(-c2cc[cH:1]s2)s1,17,17,True,ok
*c1cc2cc(C)c3c4[se]c(-c5sc(-c6c(F)c(F)c(-c7cc(C)c(*)s7)c7nsnc67)cc5C)cc4cc(C)c3c2[se]1,17,1,Cc1csc(-c2c(F)c(F)c(-c3cc(C)c(-c4cc5cc(C)c6c7[se]ccc7cc(C)c6c5[se]4)s3)c3nsnc23)c1,Cc1cc(-c2c(F)c(F)c(-c3cc(C)[cH:2]s3)c3nsnc23)sc1-c1cc2cc(C)c3c4[se][cH:1]cc4cc(C)c3c2[se]1,17,17,True,ok
*c1cc(C)c(-c2ccc(-c3ccc(-c4sc(-c5ccc(*)c6snnc56)cc4C)s3)s2)s1,15,1,Cc1ccsc1-c1ccc(-c2ccc(-c3sc(-c4cccc5snnc45)cc3C)s2)s1,Cc1cc(-c2cc[cH:2]c3snnc23)sc1-c1ccc(-c2ccc(-c3s[cH:1]cc3C)s2)s1,15,15,True,ok
*c1ccc(-c2ccc(-c3sc(-c4cc(F)c(-c5cc(C)c(*)s5)c5snnc45)cc3C)s2)s1,15,1,Cc1csc(-c2c(F)cc(-c3cc(C)c(-c4ccc(-c5cccs5)s4)s3)c3nnsc23)c1,Cc1cc(-c2cc(F)c(-c3cc(C)[cH:2]s3)c3snnc23)sc1-c1ccc(-c2cc[cH:1]s2)s1,15,15,True,ok
*c1ccc(-c2ccc(-c3sc(-c4c(F)c(F)c(-c5cc(C)c(*)s5)c5snnc45)cc3C)s2)s1,15,1,Cc1csc(-c2c(F)c(F)c(-c3cc(C)c(-c4ccc(-c5cccs5)s4)s3)c3nnsc23)c1,Cc1cc(-c2c(F)c(F)c(-c3cc(C)[cH:2]s3)c3snnc23)sc1-c1ccc(-c2cc[cH:1]s2)s1,15,15,True,ok
*c1ccc(-c2ccc(-c3sc(-c4c(F)cc(-c5cc(C)c(*)s5)c5nsnc45)cc3C)s2)s1,15,1,Cc1csc(-c2cc(F)c(-c3cc(C)c(-c4ccc(-c5cccs5)s4)s3)c3nsnc23)c1,Cc1cc(-c2c(F)cc(-c3cc(C)[cH:2]s3)c3nsnc23)sc1-c1ccc(-c2cc[cH:1]s2)s1,15,15,True,ok
*c1ccc(-c2ccc(-c3sc(-c4c(F)c(F)c(-c5cc(C)c(*)s5)c5nsnc45)cc3C)s2)s1,15,1,Cc1csc(-c2c(F)c(F)c(-c3cc(C)c(-c4ccc(-c5cccs5)s4)s3)c3nsnc23)c1,Cc1cc(-c2c(F)c(F)c(-c3cc(C)[cH:2]s3)c3nsnc23)sc1-c1ccc(-c2cc[cH:1]s2)s1,15,15,True,ok
*/C=C/c1cc2c3c(c(/C=C/c4ccc(-c5ccc(*)s5)s4)cc4c3c1C(=O)N(C)C4=O)C(=O)N(C)C2=O,15,1,C=Cc1cc2c3c(c(/C=C/c4ccc(-c5cccs5)s4)cc4c3c1C(=O)N(C)C4=O)C(=O)N(C)C2=O,CN1C(=O)c2cc(/C=C/c3ccc(-c4cc[cH:2]s4)s3)c3c4c(cc(C=[CH2:1])c(c24)C1=O)C(=O)N(C)C3=O,15,15,True,ok
*/C=C/c1cc2c3c(c(/C=C/c4ccc(/C=C/c5ccc(*)s5)s4)cc4c3c1C(=O)N(C)C4=O)C(=O)N(C)C2=O,17,1,C=Cc1cc2c3c(c(/C=C/c4ccc(/C=C/c5cccs5)s4)cc4c3c1C(=O)N(C)C4=O)C(=O)N(C)C2=O,CN1C(=O)c2cc(/C=C/c3ccc(/C=C/c4cc[cH:2]s4)s3)c3c4c(cc(C=[CH2:1])c(c24)C1=O)C(=O)N(C)C3=O,17,17,True,ok
*c1ccc(-c2ccc(-c3c(=O)n4c5ccc(OC)cc5c5c(-c6ccc(*)s6)c(=O)n6c7ccc(OC)cc7c3c6c54)s2)s1,14,1,COc1ccc2c(c1)c1c(-c3cccs3)c(=O)n3c4ccc(OC)cc4c4c(-c5ccc(-c6cccs6)s5)c(=O)n2c1c43,COc1ccc2c(c1)c1c(-c3ccc(-c4cc[cH:1]s4)s3)c(=O)n3c4ccc(OC)cc4c4c(-c5cc[cH:2]s5)c(=O)n2c1c43,14,14,True,ok
*c1ccc(-c2c(=O)n3c4ccc(OC)cc4c4c(-c5ccc(-c6ccc(*)[se]6)s5)c(=O)n5c6ccc(OC)cc6c2c5c43)s1,14,1,COc1ccc2c(c1)c1c(-c3cccs3)c(=O)n3c4ccc(OC)cc4c4c(-c5ccc(-c6ccc[se]6)s5)c(=O)n2c1c43,COc1ccc2c(c1)c1c(-c3ccc(-c4cc[cH:2][se]4)s3)c(=O)n3c4ccc(OC)cc4c4c(-c5cc[cH:1]s5)c(=O)n2c1c43,14,14,True,ok
*c1ccc(-c2ccc(-c3c(=O)n4c5ccc(OC)cc5c5c(-c6ccc(*)s6)c(=O)n6c7ccc(OC)cc7c3c6c54)s2)cc1,15,1,COc1ccc2c(c1)c1c(-c3cccs3)c(=O)n3c4ccc(OC)cc4c4c(-c5ccc(-c6ccccc6)s5)c(=O)n2c1c43,COc1ccc2c(c1)c1c(-c3ccc(-c4cc[cH:1]cc4)s3)c(=O)n3c4ccc(OC)cc4c4c(-c5cc[cH:2]s5)c(=O)n2c1c43,15,15,True,ok
*c1ccc2c(c1)C(C)(C)c1nc3c(nc1-2)C(C)(C)c1cc(-c2cc4sc(*)cc4s2)ccc1-3,15,1,CC1(C)c2ccccc2-c2nc3c(nc21)-c1ccc(-c2cc4sccc4s2)cc1C3(C)C,CC1(C)c2cc(-c3cc4s[cH:2]cc4s3)ccc2-c2nc3c(nc21)-c1cc[cH:1]cc1C3(C)C,15,15,True,ok
*c1cc(C#CC)c(-c2sc(-c3c(F)c(F)c(*)c4nsnc34)cc2C#CC)s1,9,2,CC#Cc1ccsc1-c1sc(-c2c(F)c(F)c(-c3cc(C#CC)c(-c4sc(-c5c(F)c(F)cc6nsnc56)cc4C#CC)s3)c3nsnc23)cc1C#CC,CC#Cc1cc(-c2c(F)c(F)c(-c3cc(C#CC)c(-c4s[cH:1]cc4C#CC)s3)c3nsnc23)sc1-c1sc(-c2c(F)c(F)[cH:2]c3nsnc23)cc1C#CC,19,19,True,ok
*c1ccc2c(c1)N(C)C(=O)/C2=C1/C(=O)Oc2cc3c(cc21)OC(=O)/C3=C1/C(=O)N(C)c2cc(-c3cc(F)c(-c4sc(*)cc4F)s3)ccc21,21,1,CN1C(=O)/C(=C2/C(=O)Oc3cc4c(cc32)OC(=O)/C4=C2/C(=O)N(C)c3cc(-c4cc(F)c(-c5sccc5F)s4)ccc32)c2ccccc21,CN1C(=O)/C(=C2/C(=O)Oc3cc4c(cc32)OC(=O)/C4=C2/C(=O)N(C)c3c[cH:1]ccc32)c2ccc(-c3cc(F)c(-c4s[cH:2]cc4F)s3)cc21,21,21,True,ok
*c1ccc(-c2cc3c(cc(-c4ccc(-c5cc(C#CC)c(/C=C/c6sc(*)cc6C#CC)s5)s4)c4nsnc43)c3nsnc23)s1,19,1,CC#Cc1ccsc1/C=C/c1sc(-c2ccc(-c3cc4c(cc(-c5cccs5)c5nsnc54)c4nsnc34)s2)cc1C#CC,CC#Cc1cc(-c2ccc(-c3cc4c(cc(-c5cc[cH:1]s5)c5nsnc54)c4nsnc34)s2)sc1/C=C/c1s[cH:2]cc1C#CC,19,19,True,ok
*c1ccc(-c2c(F)c(F)c(-c3ccc(-c4cc(C#CC)c(/C=C/c5sc(*)cc5C#CC)s4)s3)c3nsnc23)s1,17,1,CC#Cc1ccsc1/C=C/c1sc(-c2ccc(-c3c(F)c(F)c(-c4cccs4)c4nsnc34)s2)cc1C#CC,CC#Cc1cc(-c2ccc(-c3c(F)c(F)c(-c4cc[cH:1]s4)c4nsnc34)s2)sc1/C=C/c1s[cH:2]cc1C#CC,17,17,True,ok
*c1ccc(-c2cc(C)c(-c3nc4c(=O)n(C)c(=O)c5nc(-c6sc(*)cc6C)sc5c4s3)s2)s1,14,1,Cc1ccsc1-c1nc2c(=O)n(C)c(=O)c3nc(-c4sc(-c5cccs5)cc4C)sc3c2s1,Cc1cc(-c2cc[cH:1]s2)sc1-c1nc2c(=O)n(C)c(=O)c3nc(-c4s[cH:2]cc4C)sc3c2s1,14,14,True,ok
*c1cc(C)c(-c2nc3c(=O)n(C)c(=O)c4nc(-c5sc(-c6sc(*)c(F)c6F)cc5C)sc4c3s2)s1,14,1,Cc1ccsc1-c1nc2c(=O)n(C)c(=O)c3nc(-c4sc(-c5scc(F)c5F)cc4C)sc3c2s1,Cc1cc(-c2s[cH:2]c(F)c2F)sc1-c1nc2c(=O)n(C)c(=O)c3nc(-c4s[cH:1]cc4C)sc3c2s1,14,14,True,ok
*c1ccc(-c2cc3c(=O)n(C)c(=O)c4nc(-c5nc6c(=O)n(C)c(=O)c7cc(*)sc7c6s5)sc4c3s2)s1,14,1,Cn1c(=O)c2ccsc2c2sc(-c3nc4c(=O)n(C)c(=O)c5cc(-c6cccs6)sc5c4s3)nc2c1=O,Cn1c(=O)c2cc(-c3cc[cH:1]s3)sc2c2sc(-c3nc4c(=O)n(C)c(=O)c5c[cH:2]sc5c4s3)nc2c1=O,14,14,True,ok
*c1cc2c(=O)n(C)c(=O)c3nc(-c4nc5c(=O)n(C)c(=O)c6cc(-c7sc(*)c(F)c7F)sc6c5s4)sc3c2s1,14,1,Cn1c(=O)c2ccsc2c2sc(-c3nc4c(=O)n(C)c(=O)c5cc(-c6scc(F)c6F)sc5c4s3)nc2c1=O,Cn1c(=O)c2cc(-c3s[cH:2]c(F)c3F)sc2c2sc(-c3nc4c(=O)n(C)c(=O)c5c[cH:1]sc5c4s3)nc2c1=O,14,14,True,ok
*c1cc2c(=O)n(C)c(=O)c3nc(-c4nc5c(=O)n(C)c(=O)c6cc(*)sc6c5s4)sc3c2s1,11,2,Cn1c(=O)c2ccsc2c2sc(-c3nc4c(=O)n(C)c(=O)c5cc(-c6cc7c(=O)n(C)c(=O)c8nc(-c9nc%10c(=O)n(C)c(=O)c%11ccsc%11c%10s9)sc8c7s6)sc5c4s3)nc2c1=O,Cn1c(=O)c2cc(-c3cc4c(=O)n(C)c(=O)c5nc(-c6nc7c(=O)n(C)c(=O)c8c[cH:2]sc8c7s6)sc5c4s3)sc2c2sc(-c3nc4c(=O)n(C)c(=O)c5c[cH:1]sc5c4s3)nc2c1=O,23,23,True,ok
*c1cnc(-c2cc3c4c(c(-c5ncc(-c6sc(*)c(F)c6F)s5)cc5c4c2C(=O)N(C)C5=O)C(=O)N(C)C3=O)s1,14,1,CN1C(=O)c2cc(-c3ncc(-c4scc(F)c4F)s3)c3c4c(cc(-c5nccs5)c(c24)C1=O)C(=O)N(C)C3=O,CN1C(=O)c2cc(-c3nc[cH:1]s3)c3c4c(cc(-c5ncc(-c6s[cH:2]c(F)c6F)s5)c(c24)C1=O)C(=O)N(C)C3=O,14,14,True,ok
*c1ccc(-c2cnc(-c3cc4c5c(c(-c6ncc(*)s6)cc6c5c3C(=O)N(C)C6=O)C(=O)N(C)C4=O)s2)s1,14,1,CN1C(=O)c2cc(-c3ncc(-c4cccs4)s3)c3c4c(cc(-c5nccs5)c(c24)C1=O)C(=O)N(C)C3=O,CN1C(=O)c2cc(-c3nc[cH:2]s3)c3c4c(cc(-c5ncc(-c6cc[cH:1]s6)s5)c(c24)C1=O)C(=O)N(C)C3=O,14,14,True,ok
*c1cnc(-c2cc3c4c(c(-c5ncc(-c6ccc(*)[se]6)s5)cc5c4c2C(=O)N(C)C5=O)C(=O)N(C)C3=O)s1,14,1,CN1C(=O)c2cc(-c3ncc(-c4ccc[se]4)s3)c3c4c(cc(-c5nccs5)c(c24)C1=O)C(=O)N(C)C3=O,CN1C(=O)c2cc(-c3nc[cH:1]s3)c3c4c(cc(-c5ncc(-c6cc[cH:2][se]6)s5)c(c24)C1=O)C(=O)N(C)C3=O,14,14,True,ok
*c1cc(C)c(/C=C/c2sc(-c3sc(*)c4c3C(=O)N(C)C4=O)cc2C)s1,10,2,Cc1ccsc1/C=C/c1sc(-c2sc(-c3cc(C)c(/C=C/c4sc(-c5scc6c5C(=O)N(C)C6=O)cc4C)s3)c3c2C(=O)N(C)C3=O)cc1C,Cc1cc(-c2sc(-c3cc(C)c(/C=C/c4s[cH:1]cc4C)s3)c3c2C(=O)N(C)C3=O)sc1/C=C/c1sc(-c2s[cH:2]c3c2C(=O)N(C)C3=O)cc1C,21,21,True,ok
*c1cc(F)c(-c2sc(-c3cc4c(s3)c3cc5c(cc3c3c(=O)n(C)c(=O)c43)c3sc(*)cc3c3c(=O)n(C)c(=O)c53)cc2F)s1,15,1,Cn1c(=O)c2c3cc4c(cc3c3sccc3c2c1=O)c1c(=O)n(C)c(=O)c1c1cc(-c2cc(F)c(-c3sccc3F)s2)sc41,Cn1c(=O)c2c3cc4c(cc3c3sc(-c5cc(F)c(-c6s[cH:1]cc6F)s5)cc3c2c1=O)c1c(=O)n(C)c(=O)c1c1c[cH:2]sc41,15,15,True,ok
*c1cc(C)c(-c2oc(-c3c(F)c(F)c(*)c4nsnc34)cc2C)o1,9,2,Cc1ccoc1-c1oc(-c2c(F)c(F)c(-c3cc(C)c(-c4oc(-c5c(F)c(F)cc6nsnc56)cc4C)o3)c3nsnc23)cc1C,Cc1cc(-c2c(F)c(F)c(-c3cc(C)c(-c4o[cH:1]cc4C)o3)c3nsnc23)oc1-c1oc(-c2c(F)c(F)[cH:2]c3nsnc23)cc1C,19,19,True,ok
*c1ccc(/C=C/c2ccc(-c3cc4c5c(c(*)cc6c5c3C(=O)N(C)C6=O)C(=O)N(C)C4=O)s2)s1,13,1,CN1C(=O)c2ccc3c4c(c(-c5ccc(/C=C/c6cccs6)s5)cc(c24)C1=O)C(=O)N(C)C3=O,CN1C(=O)c2c[cH:2]c3c4c(cc(-c5ccc(/C=C/c6cc[cH:1]s6)s5)c(c24)C1=O)C(=O)N(C)C3=O,13,13,True,ok
*c1ccc(-c2ccc(-c3ccc(-c4nc5c(s4)-c4cc6c(cc4C5(C)C)-c4sc(*)nc4C6(C)C)s3)c3nsnc23)s1,19,1,CC1(C)c2cc3c(cc2-c2scnc21)C(C)(C)c1nc(-c2ccc(-c4ccc(-c5cccs5)c5nsnc45)s2)sc1-3,CC1(C)c2cc3c(cc2-c2sc(-c4ccc(-c5ccc(-c6cc[cH:1]s6)c6nsnc56)s4)nc21)C(C)(C)c1n[cH:2]sc1-3,19,19,True,ok
*c1ccc2c(n1)N(C)C(=O)/C2=C1/C(=O)Oc2cc3c(cc21)OC(=O)/C3=C1/C(=O)N(C)c2nc(-c3ccc(C(F)(F)C(F)(F)c4ccc(*)s4)s3)ccc21,23,1,CN1C(=O)/C(=C2/C(=O)Oc3cc4c(cc32)OC(=O)/C4=C2/C(=O)N(C)c3nc(-c4ccc(C(F)(F)C(F)(F)c5cccs5)s4)ccc32)c2cccnc21,CN1C(=O)/C(=C2/C(=O)Oc3cc4c(cc32)OC(=O)/C4=C2/C(=O)N(C)c3n[cH:1]ccc32)c2ccc(-c3ccc(C(F)(F)C(F)(F)c4cc[cH:2]s4)s3)nc21,23,23,True,ok
*c1ccc(C2=C3C(=O)N(C)C(c4ccc(-c5sc(-c6sc(*)c(Cl)c6Cl)c(Cl)c5Cl)s4)=C3C(=O)N2C)s1,15,1,CN1C(=O)C2=C(c3ccc(-c4sc(-c5scc(Cl)c5Cl)c(Cl)c4Cl)s3)N(C)C(=O)C2=C1c1cccs1,CN1C(=O)C2=C(c3cc[cH:1]s3)N(C)C(=O)C2=C1c1ccc(-c2sc(-c3s[cH:2]c(Cl)c3Cl)c(Cl)c2Cl)s1,15,15,True,ok
*c1ccc(C2=C3C(=O)N(C)C(c4ccc(-c5sc(-c6sc(*)c(Cl)c6Cl)c(Cl)c5Cl)cn4)=C3C(=O)N2C)nc1,17,1,CN1C(=O)C2=C(c3ccc(-c4sc(-c5scc(Cl)c5Cl)c(Cl)c4Cl)cn3)N(C)C(=O)C2=C1c1ccccn1,CN1C(=O)C2=C(c3cc[cH:1]cn3)N(C)C(=O)C2=C1c1ccc(-c2sc(-c3s[cH:2]c(Cl)c3Cl)c(Cl)c2Cl)cn1,17,17,True,ok
*c1ccc(C2=C3C(=O)N(C)C(c4ccc(-c5sc(/C=C/c6sc(*)c(Cl)c6Cl)c(Cl)c5Cl)s4)=C3C(=O)N2C)s1,17,1,CN1C(=O)C2=C(c3ccc(-c4sc(/C=C/c5scc(Cl)c5Cl)c(Cl)c4Cl)s3)N(C)C(=O)C2=C1c1cccs1,CN1C(=O)C2=C(c3cc[cH:1]s3)N(C)C(=O)C2=C1c1ccc(-c2sc(/C=C/c3s[cH:2]c(Cl)c3Cl)c(Cl)c2Cl)s1,17,17,True,ok
*c1ccc(-c2ccc(-c3sc(-c4nc(C(=O)OC)c(*)s4)nc3C(=O)OC)s2)s1,11,2,COC(=O)c1csc(-c2nc(C(=O)OC)c(-c3ccc(-c4ccc(-c5sc(-c6nc(C(=O)OC)c(-c7ccc(-c8cccs8)s7)s6)nc5C(=O)OC)s4)s3)s2)n1,COC(=O)c1nc(-c2nc(C(=O)OC)c(-c3ccc(-c4cc[cH:1]s4)s3)s2)sc1-c1ccc(-c2ccc(-c3sc(-c4nc(C(=O)OC)[cH:2]s4)nc3C(=O)OC)s2)s1,23,23,True,ok
*c1ccc2c(c1)N(C)C(=O)/C2=c1/cc/c(=C2C3=C(C(=O)N\2C)/C(=c2\cc/c(=C4/C(=O)N(C)c5cc(-c6ccc(-c7ccc(*)s7)s6)ccc54)s2)N(C)C3=O)s1,25,1,CN1C(=O)C2=C(C(=O)N(C)/C2=c2/cc/c(=C3/C(=O)N(C)c4cc(-c5ccc(-c6cccs6)s5)ccc43)s2)/C1=c1\cc/c(=C2/C(=O)N(C)c3ccccc32)s1,CN1C(=O)C2=C(C(=O)N(C)/C2=c2/cc/c(=C3/C(=O)N(C)c4c[cH:1]ccc43)s2)/C1=c1\cc/c(=C2/C(=O)N(C)c3cc(-c4ccc(-c5cc[cH:2]s5)s4)ccc32)s1,25,25,True,ok
*c1ccc2c(c1)N(C)C(=O)/C2=c1/cc/c(=C2C3=C(C(=O)N\2C)/C(=c2\cc/c(=C4/C(=O)N(C)c5cc(-c6cc(F)c(-c7sc(*)cc7F)s6)ccc54)s2)N(C)C3=O)s1,25,1,CN1C(=O)C2=C(C(=O)N(C)/C2=c2/cc/c(=C3/C(=O)N(C)c4cc(-c5cc(F)c(-c6sccc6F)s5)ccc43)s2)/C1=c1\cc/c(=C2/C(=O)N(C)c3ccccc32)s1,CN1C(=O)C2=C(C(=O)N(C)/C2=c2/cc/c(=C3/C(=O)N(C)c4c[cH:1]ccc43)s2)/C1=c1\cc/c(=C2/C(=O)N(C)c3cc(-c4cc(F)c(-c5s[cH:2]cc5F)s4)ccc32)s1,25,25,True,ok
*c1ccc2c(c1)N(C)C(=O)/C2=c1/cc/c(=C2C3=C(C(=O)N\2C)/C(=c2\cc/c(=C4/C(=O)N(C)c5cc(-c6cc(OC)c(-c7sc(*)cc7OC)s6)ccc54)s2)N(C)C3=O)s1,25,1,COc1ccsc1-c1sc(-c2ccc3c(c2)N(C)C(=O)/C3=c2/cc/c(=C3\C4=C(C(=O)N3C)/C(=c3\cc/c(=C5/C(=O)N(C)c6ccccc65)s3)N(C)C4=O)s2)cc1OC,COc1cc(-c2ccc3c(c2)N(C)C(=O)/C3=c2/cc/c(=C3\C4=C(C(=O)N3C)/C(=c3\cc/c(=C5/C(=O)N(C)c6c[cH:1]ccc65)s3)N(C)C4=O)s2)sc1-c1s[cH:2]cc1OC,25,25,True,ok
*c1ccc(-c2ccc(-c3ccc4c(c3F)N(C)C(=O)/C4=c3/cc/c(=C4C5=C(C(=O)N\4C)/C(=c4\cc/c(=C6/C(=O)N(C)c7c6ccc(*)c7F)s4)N(C)C5=O)s3)s2)s1,25,1,CN1C(=O)C2=C(C(=O)N(C)/C2=c2/cc/c(=C3/C(=O)N(C)c4c3ccc(-c3ccc(-c5cccs5)s3)c4F)s2)/C1=c1\cc/c(=C2/C(=O)N(C)c3c(F)cccc32)s1,CN1C(=O)C2=C(C(=O)N(C)/C2=c2/cc/c(=C3/C(=O)N(C)c4c3cc[cH:2]c4F)s2)/C1=c1\cc/c(=C2/C(=O)N(C)c3c2ccc(-c2ccc(-c4cc[cH:1]s4)s2)c3F)s1,25,25,True,ok
*c1cc(F)c(-c2sc(-c3ccc4c(c3F)N(C)C(=O)/C4=c3/cc/c(=C4C5=C(C(=O)N\4C)/C(=c4\cc/c(=C6/C(=O)N(C)c7c6ccc(*)c7F)s4)N(C)C5=O)s3)cc2F)s1,25,1,CN1C(=O)C2=C(C(=O)N(C)/C2=c2/cc/c(=C3/C(=O)N(C)c4c3ccc(-c3cc(F)c(-c5sccc5F)s3)c4F)s2)/C1=c1\cc/c(=C2/C(=O)N(C)c3c(F)cccc32)s1,CN1C(=O)C2=C(C(=O)N(C)/C2=c2/cc/c(=C3/C(=O)N(C)c4c3cc[cH:2]c4F)s2)/C1=c1\cc/c(=C2/C(=O)N(C)c3c2ccc(-c2cc(F)c(-c4s[cH:1]cc4F)s2)c3F)s1,25,25,True,ok
*c1ccc(-c2ccc(-c3sc(-c4c5nsnc5c(-c5cc(C)c(*)s5)c5nc6c(nc45)-c4ccc5c7c(ccc-6c47)C(=O)N(C)C5=O)cc3C)s2)s1,15,1,Cc1csc(-c2c3nsnc3c(-c3cc(C)c(-c4ccc(-c5cccs5)s4)s3)c3nc4c(nc23)-c2ccc3c5c(ccc-4c25)C(=O)N(C)C3=O)c1,Cc1cc(-c2c3nsnc3c(-c3cc(C)[cH:2]s3)c3nc4c(nc23)-c2ccc3c5c(ccc-4c25)C(=O)N(C)C3=O)sc1-c1ccc(-c2cc[cH:1]s2)s1,15,15,True,ok
*c1cc2c(s1)-c1sc(C3=C4C(=O)N(C)C(c5cc6c(s5)-c5sc(-c7c(F)c(F)c(*)c8nsnc78)cc5C6(C)C)=C4C(=O)N3C)cc1C2(C)C,19,1,CN1C(=O)C2=C(c3cc4c(s3)-c3sc(-c5c(F)c(F)cc6nsnc56)cc3C4(C)C)N(C)C(=O)C2=C1c1cc2c(s1)-c1sccc1C2(C)C,CN1C(=O)C2=C(c3cc4c(s3)-c3s[cH:1]cc3C4(C)C)N(C)C(=O)C2=C1c1cc2c(s1)-c1sc(-c3c(F)c(F)[cH:2]c4nsnc34)cc1C2(C)C,19,19,True,ok
*c1ccc(C2=C3C(=O)N(C)C(c4ccc(-c5sc(/C=C/c6sc(*)c(F)c6C#N)c(C#N)c5F)s4)=C3C(=O)N2C)s1,17,1,CN1C(=O)C2=C(c3ccc(-c4sc(/C=C/c5scc(F)c5C#N)c(C#N)c4F)s3)N(C)C(=O)C2=C1c1cccs1,CN1C(=O)C2=C(c3cc[cH:1]s3)N(C)C(=O)C2=C1c1ccc(-c2sc(/C=C/c3s[cH:2]c(F)c3C#N)c(C#N)c2F)s1,17,17,True,ok
*c1ccc2c(c1)N(C)C(=O)/C2=c1\s/c(=c2/s/c(=C3\C(=O)N(C)c4cc(-c5ccc(-c6ccc(*)s6)s5)ccc43)c3c2Oc2ccccc2O3)c2c1Oc1ccccc1O2,21,1,CN1C(=O)/C(=c2\s/c(=c3/s/c(=C4\C(=O)N(C)c5cc(-c6ccc(-c7cccs7)s6)ccc54)c4c3Oc3ccccc3O4)c3c2Oc2ccccc2O3)c2ccccc21,CN1C(=O)/C(=c2\s/c(=c3/s/c(=C4\C(=O)N(C)c5c[cH:1]ccc54)c4c3Oc3ccccc3O4)c3c2Oc2ccccc2O3)c2ccc(-c3ccc(-c4cc[cH:2]s4)s3)cc21,21,21,True,ok
*c1cc2c(OC)c3sc(-c4cc5sc6c7sc8cc(*)sc8c7c(=O)n(C)c(=O)c6c5s4)cc3c(OC)c2s1,16,1,COc1c2cc(-c3cc4sc5c6sc7ccsc7c6c(=O)n(C)c(=O)c5c4s3)sc2c(OC)c2ccsc12,COc1c2c[cH:1]sc2c(OC)c2cc(-c3cc4sc5c6sc7c[cH:2]sc7c6c(=O)n(C)c(=O)c5c4s3)sc12,16,16,True,ok
*c1cc2c(-c3ccc(C)s3)c3sc(-c4cc5sc6c7sc8cc(*)sc8c7c(=O)n(C)c(=O)c6c5s4)cc3c(-c3ccc(C)s3)c2s1,16,1,Cc1ccc(-c2c3cc(-c4cc5sc6c7sc8ccsc8c7c(=O)n(C)c(=O)c6c5s4)sc3c(-c3ccc(C)s3)c3ccsc23)s1,Cc1ccc(-c2c3c[cH:1]sc3c(-c3ccc(C)s3)c3cc(-c4cc5sc6c7sc8c[cH:2]sc8c7c(=O)n(C)c(=O)c6c5s4)sc23)s1,16,16,True,ok
*c1ccc2c(n1)N(C)C(=O)/C2=C1/C(=O)N(C)c2cc(-c3cc4c(s3)/C(=C3\C(=O)N(C)c5nc(-c6ccc(/C=C/c7ccc(*)s7)s6)ccc53)C(=O)N4C)sc21,25,1,CN1C(=O)/C(=C2/C(=O)N(C)c3ncccc32)c2sc(-c3cc4c(s3)/C(=C3\C(=O)N(C)c5nc(-c6ccc(/C=C/c7cccs7)s6)ccc53)C(=O)N4C)cc21,CN1C(=O)/C(=C2/C(=O)N(C)c3nc(-c4ccc(/C=C/c5cc[cH:2]s5)s4)ccc32)c2sc(-c3cc4c(s3)/C(=C3\C(=O)N(C)c5n[cH:1]ccc53)C(=O)N4C)cc21,25,25,True,ok
*c1ccc2c(n1)N(C)C(=O)/C2=C1/C(=O)N(C)c2cc(/C=C/c3cc4c(s3)/C(=C3\C(=O)N(C)c5nc(-c6ccc(/C=C/c7ccc(*)s7)s6)ccc53)C(=O)N4C)sc21,27,1,CN1C(=O)/C(=C2/C(=O)N(C)c3ncccc32)c2sc(/C=C/c3cc4c(s3)/C(=C3\C(=O)N(C)c5nc(-c6ccc(/C=C/c7cccs7)s6)ccc53)C(=O)N4C)cc21,CN1C(=O)/C(=C2/C(=O)N(C)c3nc(-c4ccc(/C=C/c5cc[cH:2]s5)s4)ccc32)c2sc(/C=C/c3cc4c(s3)/C(=C3\C(=O)N(C)c5n[cH:1]ccc53)C(=O)N4C)cc21,27,27,True,ok
*c1ncc(-c2ccc3c(c2F)N(C)C(=O)/C3=C2/C(=O)N(C)c3c2ccc(-c2cnc(*)s2)c3F)s1,15,1,CN1C(=O)/C(=C2/C(=O)N(C)c3c2ccc(-c2cncs2)c3F)c2ccc(-c3cncs3)c(F)c21,CN1C(=O)/C(=C2/C(=O)N(C)c3c2ccc(-c2cn[cH:2]s2)c3F)c2ccc(-c3cn[cH:1]s3)c(F)c21,15,15,True,ok
*c1ccc(-c2sc3c4c(=O)n(C)c(=O)c5c(*)sc(c6c(=O)n(C)c(=O)c2c36)c54)s1,9,2,Cn1c(=O)c2csc3c4c(=O)n(C)c(=O)c5c(-c6ccc(-c7sc8c9c(=O)n(C)c(=O)c%10c(-c%11cccs%11)sc(c%11c(=O)n(C)c(=O)c7c8%11)c%109)s6)sc(c(c1=O)c23)c54,Cn1c(=O)c2c(-c3ccc(-c4sc5c6c(=O)n(C)c(=O)c7c6c(s[cH:2]7)c6c(=O)n(C)c(=O)c4c56)s3)sc3c4c(=O)n(C)c(=O)c5c(-c6cc[cH:1]s6)sc(c(c1=O)c23)c54,19,19,True,ok
*c1ccc(-c2ccc(-c3sc4c5c(=O)n(C)c(=O)c6c(*)sc(c7c(=O)n(C)c(=O)c3c47)c65)s2)s1,12,2,Cn1c(=O)c2csc3c4c(=O)n(C)c(=O)c5c(-c6ccc(-c7ccc(-c8sc9c%10c(=O)n(C)c(=O)c%11c(-c%12ccc(-c%13cccs%13)s%12)sc(c%12c(=O)n(C)c(=O)c8c9%12)c%11%10)s7)s6)sc(c(c1=O)c23)c54,Cn1c(=O)c2c(-c3ccc(-c4ccc(-c5sc6c7c(=O)n(C)c(=O)c8c7c(s[cH:2]8)c7c(=O)n(C)c(=O)c5c67)s4)s3)sc3c4c(=O)n(C)c(=O)c5c(-c6ccc(-c7cc[cH:1]s7)s6)sc(c(c1=O)c23)c54,25,25,True,ok
*c1ccc2c(c1F)N(C)C(=O)C2=c1cc/c(=C2C3=C(C(=O)N\2C)/C(=c2\ccc(=C4C(=O)N(C)c5c4ccc(-c4sc(/C=C/c6sc(*)c(F)c6F)c(F)c4F)c5F)o2)N(C)C3=O)o1,27,1,CN1C(=O)C2=C(C(=O)N(C)/C2=c2/ccc(=C3C(=O)N(C)c4c3ccc(-c3sc(/C=C/c5scc(F)c5F)c(F)c3F)c4F)o2)/C1=c1\ccc(=C2C(=O)N(C)c3c(F)cccc32)o1,CN1C(=O)C2=C(C(=O)N(C)/C2=c2/ccc(=C3C(=O)N(C)c4c3cc[cH:1]c4F)o2)/C1=c1\ccc(=C2C(=O)N(C)c3c2ccc(-c2sc(/C=C/c4s[cH:2]c(F)c4F)c(F)c2F)c3F)o1,27,27,True,ok
*c1ccc2c(c1F)N(C)C(=O)C2=c1cc/c(=C2C3=C(C(=O)N\2C)/C(=c2\ccc(=C4C(=O)N(C)c5c4ccc(-c4sc(/C=C/c6sc(*)c(F)c6F)c(F)c4F)c5F)s2)N(C)C3=O)s1,27,1,CN1C(=O)C2=C(C(=O)N(C)/C2=c2/ccc(=C3C(=O)N(C)c4c3ccc(-c3sc(/C=C/c5scc(F)c5F)c(F)c3F)c4F)s2)/C1=c1\ccc(=C2C(=O)N(C)c3c(F)cccc32)s1,CN1C(=O)C2=C(C(=O)N(C)/C2=c2/ccc(=C3C(=O)N(C)c4c3cc[cH:1]c4F)s2)/C1=c1\ccc(=C2C(=O)N(C)c3c2ccc(-c2sc(/C=C/c4s[cH:2]c(F)c4F)c(F)c2F)c3F)s1,27,27,True,ok
*c1ccc2c(c1)N(C)C(=O)/C2=C1/C(=O)N(C)c2cc(-c3cc4c(s3)/C(=C3\c5ccccc5-c5cc(*)sc53)c3ccccc3-4)ccc21,17,1,CN1C(=O)/C(=C2/C(=O)N(C)c3cc(-c4cc5c(s4)/C(=C4\c6ccccc6-c6ccsc64)c4ccccc4-5)ccc32)c2ccccc21,CN1C(=O)/C(=C2/C(=O)N(C)c3c[cH:1]ccc32)c2ccc(-c3cc4c(s3)/C(=C3\c5ccccc5-c5c[cH:2]sc53)c3ccccc3-4)cc21,17,17,True,ok
*c1ccc(C2=C3C(=O)N(C)C(c4ccc(-c5cc6c(s5)/C(=C5\c7ccccc7-c7cc(*)sc75)c5ccccc5-6)s4)=C3C(=O)N2C)s1,17,1,CN1C(=O)C2=C(c3ccc(-c4cc5c(s4)/C(=C4\c6ccccc6-c6ccsc64)c4ccccc4-5)s3)N(C)C(=O)C2=C1c1cccs1,CN1C(=O)C2=C(c3cc[cH:1]s3)N(C)C(=O)C2=C1c1ccc(-c2cc3c(s2)/C(=C2\c4ccccc4-c4c[cH:2]sc42)c2ccccc2-3)s1,17,17,True,ok
*c1cc2cc(C)c3c4sc(-c5sc(-c6c(F)c(F)c(-c7cc(C)c(*)s7)c7nsnc67)cc5C)cc4cc(C)c3c2s1,17,1,Cc1csc(-c2c(F)c(F)c(-c3cc(C)c(-c4cc5cc(C)c6c7sccc7cc(C)c6c5s4)s3)c3nsnc23)c1,Cc1cc(-c2c(F)c(F)c(-c3cc(C)[cH:2]s3)c3nsnc23)sc1-c1cc2cc(C)c3c4s[cH:1]cc4cc(C)c3c2s1,17,17,True,ok
*c1ccc(C2=C3C(=O)N(C)C(c4ccc(-c5ccc(-c6cc(-c7ccc(*)s7)c7cccccc6-7)s5)s4)=C3C(=O)N2C)s1,18,1,CN1C(=O)C2=C(c3ccc(-c4ccc(-c5cc(-c6cccs6)c6cccccc5-6)s4)s3)N(C)C(=O)C2=C1c1cccs1,CN1C(=O)C2=C(c3cc[cH:1]s3)N(C)C(=O)C2=C1c1ccc(-c2ccc(-c3cc(-c4cc[cH:2]s4)c4cccccc3-4)s2)s1,18,18,True,ok
*c1ccc(C2=C3C(=O)N(C)C(c4ccc(-c5cc(*)c6cccccc5-6)s4)=C3C(=O)N2C)s1,12,2,CN1C(=O)C2=C(c3ccc(-c4cc(-c5ccc(C6=C7C(=O)N(C)C(c8ccc(-c9ccc%10cccccc9-%10)s8)=C7C(=O)N6C)s5)c5cccccc4-5)s3)N(C)C(=O)C2=C1c1cccs1,CN1C(=O)C2=C(c3ccc(-c4c[cH:2]c5cccccc4-5)s3)N(C)C(=O)C2=C1c1ccc(-c2cc(-c3ccc(C4=C5C(=O)N(C)C(c6cc[cH:1]s6)=C5C(=O)N4C)s3)c3cccccc2-3)s1,25,25,True,ok
*c1ccc(-c2ccc(-c3sc(-c4ccc5c(c4F)N(C)C(=O)/C5=C4/C(=O)N(C)c5c4ccc(-c4cc(C)c(*)s4)c5F)cc3C)s2)s1,21,1,Cc1csc(-c2ccc3c(c2F)N(C)C(=O)/C3=C2/C(=O)N(C)c3c2ccc(-c2cc(C)c(-c4ccc(-c5cccs5)s4)s2)c3F)c1,Cc1cc(-c2ccc3c(c2F)N(C)C(=O)/C3=C2/C(=O)N(C)c3c2ccc(-c2cc(C)[cH:2]s2)c3F)sc1-c1ccc(-c2cc[cH:1]s2)s1,21,21,True,ok
*c1ccc(-c2sc3c(-c4ccc(C)s4)c(*)sc3c2-c2ccc(C)s2)s1,7,2,Cc1ccc(-c2csc3c(-c4ccc(C)s4)c(-c4ccc(-c5sc6c(-c7ccc(C)s7)c(-c7cccs7)sc6c5-c5ccc(C)s5)s4)sc23)s1,Cc1ccc(-c2c(-c3ccc(-c4sc5c(-c6ccc(C)s6)[cH:2]sc5c4-c4ccc(C)s4)s3)sc3c(-c4ccc(C)s4)c(-c4cc[cH:1]s4)sc23)s1,15,15,True,ok
*c1ccc(-c2ccc(-c3sc4c(-c5ccc(C)s5)c(*)sc4c3-c3ccc(C)s3)s2)s1,10,2,Cc1ccc(-c2csc3c(-c4ccc(C)s4)c(-c4ccc(-c5ccc(-c6sc7c(-c8ccc(C)s8)c(-c8ccc(-c9cccs9)s8)sc7c6-c6ccc(C)s6)s5)s4)sc23)s1,Cc1ccc(-c2c(-c3ccc(-c4ccc(-c5sc6c(-c7ccc(C)s7)[cH:2]sc6c5-c5ccc(C)s5)s4)s3)sc3c(-c4ccc(C)s4)c(-c4ccc(-c5cc[cH:1]s5)s4)sc23)s1,21,21,True,ok
*c1cc2sc(-c3sc4c(-c5ccc(C)s5)c(*)sc4c3-c3ccc(C)s3)cc2s1,9,2,Cc1ccc(-c2csc3c(-c4ccc(C)s4)c(-c4cc5sc(-c6sc7c(-c8ccc(C)s8)c(-c8cc9sccc9s8)sc7c6-c6ccc(C)s6)cc5s4)sc23)s1,Cc1ccc(-c2c(-c3cc4sc(-c5sc6c(-c7ccc(C)s7)[cH:2]sc6c5-c5ccc(C)s5)cc4s3)sc3c(-c4ccc(C)s4)c(-c4cc5s[cH:1]cc5s4)sc23)s1,19,19,True,ok
*c1cc2sc3c(c2s1)C(C)(C)c1c-3sc2cc(-c3ccc(*)c4nsnc34)sc12,12,2,CC1(C)c2c(sc3ccsc23)-c2sc3cc(-c4ccc(-c5cc6sc7c(c6s5)C(C)(C)c5c-7sc6cc(-c7cccc8nsnc78)sc56)c5nsnc45)sc3c21,CC1(C)c2c(sc3cc(-c4ccc(-c5cc6sc7c(c6s5)C(C)(C)c5c-7sc6c[cH:1]sc56)c5nsnc45)sc23)-c2sc3cc(-c4cc[cH:2]c5nsnc45)sc3c21,25,25,True,ok
*c1cc2sc3c(c2s1)C(C)(C)c1c-3sc2cc(-c3c(F)c(F)c(*)c4nsnc34)sc12,12,2,CC1(C)c2c(sc3ccsc23)-c2sc3cc(-c4c(F)c(F)c(-c5cc6sc7c(c6s5)C(C)(C)c5c-7sc6cc(-c7c(F)c(F)cc8nsnc78)sc56)c5nsnc45)sc3c21,CC1(C)c2c(sc3cc(-c4c(F)c(F)c(-c5cc6sc7c(c6s5)C(C)(C)c5c-7sc6c[cH:1]sc56)c5nsnc45)sc23)-c2sc3cc(-c4c(F)c(F)[cH:2]c5nsnc45)sc3c21,25,25,True,ok
*c1cc2sc3c(cc(C)c4c5sc6cc(-c7ccc(*)c8nsnc78)sc6c5cc(C)c34)c2s1,15,1,Cc1cc2c3sc(-c4cccc5nsnc45)cc3sc2c2c(C)cc3c4sccc4sc3c12,Cc1cc2c3s[cH:1]cc3sc2c2c(C)cc3c4sc(-c5cc[cH:2]c6nsnc56)cc4sc3c12,15,15,True,ok
*c1cc2sc3c(cc(C)c4c5sc6cc(-c7c(F)c(F)c(*)c8nsnc78)sc6c5cc(C)c34)c2s1,15,1,Cc1cc2c3sc(-c4c(F)c(F)cc5nsnc45)cc3sc2c2c(C)cc3c4sccc4sc3c12,Cc1cc2c3s[cH:1]cc3sc2c2c(C)cc3c4sc(-c5c(F)c(F)[cH:2]c6nsnc56)cc4sc3c12,15,15,True,ok
*c1ccc2c(c1)N(C)C(=O)/C2=C1/C(=O)N(C)c2cc(-c3cc4sc5c(cc(C)c6c7sc8cc(*)sc8c7cc(C)c56)c4s3)ccc21,21,1,Cc1cc2c3sc(-c4ccc5c(c4)N(C)C(=O)/C5=C4/C(=O)N(C)c5ccccc54)cc3sc2c2c(C)cc3c4sccc4sc3c12,Cc1cc2c3s[cH:2]cc3sc2c2c(C)cc3c4sc(-c5ccc6c(c5)N(C)C(=O)/C6=C5/C(=O)N(C)c6c[cH:1]ccc65)cc4sc3c12,21,21,True,ok
*c1ccc2c(c1)c(=O)n(C)c1nc3cc4nc5c6ccc(-c7cc(F)c(-c8sc(*)cc8F)s7)cc6c(=O)n(C)c5nc4cc3nc21,21,1,Cn1c(=O)c2ccccc2c2nc3cc4nc5c(nc4cc3nc21)c1ccc(-c2cc(F)c(-c3sccc3F)s2)cc1c(=O)n5C,Cn1c(=O)c2cc(-c3cc(F)c(-c4s[cH:2]cc4F)s3)ccc2c2nc3cc4nc5c(nc4cc3nc21)c1cc[cH:1]cc1c(=O)n5C,21,21,True,ok
*c1cc2c(=O)n(C)c(=O)c3cc(-c4cc5c(=O)n(C)c(=O)c6nc(-c7nc8c(=O)n(C)c(=O)c9cc(*)sc9c8s7)sc6c5s4)sc3c2s1,17,1,Cn1c(=O)c2ccsc2c2sc(-c3cc4c(=O)n(C)c(=O)c5nc(-c6nc7c(=O)n(C)c(=O)c8ccsc8c7s6)sc5c4s3)cc2c1=O,Cn1c(=O)c2cc(-c3cc4c(=O)n(C)c(=O)c5nc(-c6nc7c(=O)n(C)c(=O)c8c[cH:2]sc8c7s6)sc5c4s3)sc2c2s[cH:1]cc2c1=O,17,17,True,ok
*c1ccc(-c2sc(C3=C4C(=O)N(C)C(c5cc(C#N)c(*)s5)=C4C(=O)N3C)cc2C#N)s1,12,2,CN1C(=O)C2=C(c3cc(C#N)c(-c4ccc(-c5sc(C6=C7C(=O)N(C)C(c8cc(C#N)c(-c9cccs9)s8)=C7C(=O)N6C)cc5C#N)s4)s3)N(C)C(=O)C2=C1c1cc(C#N)cs1,CN1C(=O)C2=C(c3cc(C#N)c(-c4cc[cH:1]s4)s3)N(C)C(=O)C2=C1c1cc(C#N)c(-c2ccc(-c3sc(C4=C5C(=O)N(C)C(c6cc(C#N)[cH:2]s6)=C5C(=O)N4C)cc3C#N)s2)s1,25,25,True,ok
*c1ccc2c(n1)N(C)C(=O)/C2=C1/C(=O)N(C)c2cc(/C(F)=C(\F)c3cc4c(s3)/C(=C3\C(=O)N(C)c5nc(-c6ccc(/C=C/c7ccc(*)s7)s6)ccc53)C(=O)N4C)sc21,27,1,CN1C(=O)/C(=C2/C(=O)N(C)c3ncccc32)c2sc(/C(F)=C(\F)c3cc4c(s3)/C(=C3\C(=O)N(C)c5nc(-c6ccc(/C=C/c7cccs7)s6)ccc53)C(=O)N4C)cc21,CN1C(=O)/C(=C2/C(=O)N(C)c3nc(-c4ccc(/C=C/c5cc[cH:2]s5)s4)ccc32)c2sc(/C(F)=C(\F)c3cc4c(s3)/C(=C3\C(=O)N(C)c5n[cH:1]ccc53)C(=O)N4C)cc21,27,27,True,ok
*c1ccc2c(n1)N(C)C(=O)/C2=C1/C(=O)N(C)c2cc(/C(F)=C(\F)c3cc4c(s3)/C(=C3\C(=O)N(C)c5nc(-c6ccc(/C(F)=C(\F)c7ccc(*)s7)s6)ccc53)C(=O)N4C)sc21,27,1,CN1C(=O)/C(=C2/C(=O)N(C)c3ncccc32)c2sc(/C(F)=C(\F)c3cc4c(s3)/C(=C3\C(=O)N(C)c5nc(-c6ccc(/C(F)=C(\F)c7cccs7)s6)ccc53)C(=O)N4C)cc21,CN1C(=O)/C(=C2/C(=O)N(C)c3nc(-c4ccc(/C(F)=C(\F)c5cc[cH:2]s5)s4)ccc32)c2sc(/C(F)=C(\F)c3cc4c(s3)/C(=C3\C(=O)N(C)c5n[cH:1]ccc53)C(=O)N4C)cc21,27,27,True,ok
*c1ccc2c(c1)N(C)C(=O)/C2=C1/C(=O)N(C)c2c1ccc1c3c(ccc21)/C(=C1\C(=O)N(C)c2cc(-c4ccc(*)s4)ccc21)C(=O)N3C,20,1,CN1C(=O)/C(=C2/C(=O)N(C)c3c2ccc2c4c(ccc32)/C(=C2\C(=O)N(C)c3cc(-c5cccs5)ccc32)C(=O)N4C)c2ccccc21,CN1C(=O)/C(=C2/C(=O)N(C)c3c2ccc2c4c(ccc32)/C(=C2\C(=O)N(C)c3c[cH:1]ccc32)C(=O)N4C)c2ccc(-c3cc[cH:2]s3)cc21,20,20,True,ok
*c1ccc2c(c1)N(C)C(=O)/C2=C1/C(=O)N(C)c2c1ccc1c3c(ccc21)/C(=C1\C(=O)N(C)c2cc(-c4ccc(-c5ccc(*)s5)s4)ccc21)C(=O)N3C,23,1,CN1C(=O)/C(=C2/C(=O)N(C)c3c2ccc2c4c(ccc32)/C(=C2\C(=O)N(C)c3cc(-c5ccc(-c6cccs6)s5)ccc32)C(=O)N4C)c2ccccc21,CN1C(=O)/C(=C2/C(=O)N(C)c3c2ccc2c4c(ccc32)/C(=C2\C(=O)N(C)c3c[cH:1]ccc32)C(=O)N4C)c2ccc(-c3ccc(-c4cc[cH:2]s4)s3)cc21,23,23,True,ok
*c1ccc(/C=C/c2ccc(-c3ccc(C4=C5C(=O)N(C)C(c6ccc(*)s6)=C5C(=O)N4C)s3)cc2F)c(F)c1,19,1,CN1C(=O)C2=C(c3ccc(-c4ccc(/C=C/c5ccccc5F)c(F)c4)s3)N(C)C(=O)C2=C1c1cccs1,CN1C(=O)C2=C(c3cc[cH:2]s3)N(C)C(=O)C2=C1c1ccc(-c2ccc(/C=C/c3cc[cH:1]cc3F)c(F)c2)s1,19,19,True,ok
*/C=C/c1cc2c3c(c(/C=C/c4cc5sc(*)cc5s4)cc4c3c1C(=O)N(C)C4=O)C(=O)N(C)C2=O,14,1,C=Cc1cc2c3c(c(/C=C/c4cc5sccc5s4)cc4c3c1C(=O)N(C)C4=O)C(=O)N(C)C2=O,CN1C(=O)c2cc(/C=C/c3cc4s[cH:2]cc4s3)c3c4c(cc(C=[CH2:1])c(c24)C1=O)C(=O)N(C)C3=O,14,14,True,ok
*/C=C/c1cc2c3c(c(/C=C/c4ccc(-c5ccc(*)[se]5)[se]4)cc4c3c1C(=O)N(C)C4=O)C(=O)N(C)C2=O,15,1,C=Cc1cc2c3c(c(/C=C/c4ccc(-c5ccc[se]5)[se]4)cc4c3c1C(=O)N(C)C4=O)C(=O)N(C)C2=O,CN1C(=O)c2cc(/C=C/c3ccc(-c4cc[cH:2][se]4)[se]3)c3c4c(cc(C=[CH2:1])c(c24)C1=O)C(=O)N(C)C3=O,15,15,True,ok
*c1ccc(C2=C/C(=C3/C=C(c4ccc(-c5ccc(*)s5)s4)N(C)C3=O)C(=O)N2C)s1,14,1,CN1C(=O)/C(=C2\C=C(c3ccc(-c4cccs4)s3)N(C)C2=O)C=C1c1cccs1,CN1C(=O)/C(=C2\C=C(c3cc[cH:1]s3)N(C)C2=O)C=C1c1ccc(-c2cc[cH:2]s2)s1,14,14,True,ok
*c1ccc(C2=C3C(=O)N(C)C(c4ccc(-c5cc(C)c(/C=C/c6sc(*)cc6C)s5)s4)=C3C(=O)N2C)s1,17,1,Cc1ccsc1/C=C/c1sc(-c2ccc(C3=C4C(=O)N(C)C(c5cccs5)=C4C(=O)N3C)s2)cc1C,Cc1cc(-c2ccc(C3=C4C(=O)N(C)C(c5cc[cH:1]s5)=C4C(=O)N3C)s2)sc1/C=C/c1s[cH:2]cc1C,17,17,True,ok
*c1ccc(C2=C3C(=O)N(C)C(c4cc5c(=O)c6cc7c(cc6c5s4)c(=O)c4cc(C5=C6C(=O)N(C)C(c8ccc(-c9ccc(-c%10ccc(*)s%10)s9)s8)=C6C(=O)N5C)sc47)=C3C(=O)N2C)s1,29,1,CN1C(=O)C2=C(c3cc4c(=O)c5cc6c(cc5c4s3)c(=O)c3cc(C4=C5C(=O)N(C)C(c7ccc(-c8ccc(-c9cccs9)s8)s7)=C5C(=O)N4C)sc36)N(C)C(=O)C2=C1c1cccs1,CN1C(=O)C2=C(c3cc4c(=O)c5cc6c(cc5c4s3)c(=O)c3cc(C4=C5C(=O)N(C)C(c7cc[cH:1]s7)=C5C(=O)N4C)sc36)N(C)C(=O)C2=C1c1ccc(-c2ccc(-c3cc[cH:2]s3)s2)s1,29,29,True,ok
*/C=C/c1ccc(C2=C3C(=O)N(C)C(c4cc5c(=O)c6cc7c(cc6c5s4)c(=O)c4cc(C5=C6C(=O)N(C)C(c8ccc(*)s8)=C6C(=O)N5C)sc47)=C3C(=O)N2C)s1,25,1,C=Cc1ccc(C2=C3C(=O)N(C)C(c4cc5c(=O)c6cc7c(cc6c5s4)c(=O)c4cc(C5=C6C(=O)N(C)C(c8cccs8)=C6C(=O)N5C)sc47)=C3C(=O)N2C)s1,CN1C(=O)C2=C(c3cc4c(=O)c5cc6c(cc5c4s3)c(=O)c3cc(C4=C5C(=O)N(C)C(c7cc[cH:2]s7)=C5C(=O)N4C)sc36)N(C)C(=O)C2=C1c1ccc(C=[CH2:1])s1,25,25,True,ok
*c1ccc(C2=C3C(=O)N(C)C(c4cc5c(=O)c6cc7c(cc6c5s4)c(=O)c4cc(C5=C6C(=O)N(C)C(c8ccc(-c9ccc(*)s9)s8)=C6C(=O)N5C)sc47)=C3C(=O)N2C)s1,26,1,CN1C(=O)C2=C(c3cc4c(=O)c5cc6c(cc5c4s3)c(=O)c3cc(C4=C5C(=O)N(C)C(c7ccc(-c8cccs8)s7)=C5C(=O)N4C)sc36)N(C)C(=O)C2=C1c1cccs1,CN1C(=O)C2=C(c3cc4c(=O)c5cc6c(cc5c4s3)c(=O)c3cc(C4=C5C(=O)N(C)C(c7cc[cH:1]s7)=C5C(=O)N4C)sc36)N(C)C(=O)C2=C1c1ccc(-c2cc[cH:2]s2)s1,26,26,True,ok
*c1ccc(/C=C/c2ccc(-c3ccc(C4=C5C(=O)N(C)C(c6cc7c(=O)c8cc9c(cc8c7s6)c(=O)c6cc(C7=C8C(=O)N(C)C(c%10ccc(*)s%10)=C8C(=O)N7C)sc69)=C5C(=O)N4C)s3)s2)s1,31,1,CN1C(=O)C2=C(c3cc4c(=O)c5cc6c(cc5c4s3)c(=O)c3cc(C4=C5C(=O)N(C)C(c7ccc(-c8ccc(/C=C/c9cccs9)s8)s7)=C5C(=O)N4C)sc36)N(C)C(=O)C2=C1c1cccs1,CN1C(=O)C2=C(c3cc4c(=O)c5cc6c(cc5c4s3)c(=O)c3cc(C4=C5C(=O)N(C)C(c7cc[cH:2]s7)=C5C(=O)N4C)sc36)N(C)C(=O)C2=C1c1ccc(-c2ccc(/C=C/c3cc[cH:1]s3)s2)s1,31,31,True,ok
*c1ccc(/C=C/c2ccc(-c3ccc(C4=C5C(=O)N(C)C(c6cc7c(s6)-c6cc8c(cc6C7=C(C#N)C#N)-c6sc(C7=C9C(=O)N(C)C(c%10ccc(*)s%10)=C9C(=O)N7C)cc6C8=C(C#N)C#N)=C5C(=O)N4C)s3)s2)s1,31,1,CN1C(=O)C2=C(c3cc4c(s3)-c3cc5c(cc3C4=C(C#N)C#N)-c3sc(C4=C6C(=O)N(C)C(c7ccc(-c8ccc(/C=C/c9cccs9)s8)s7)=C6C(=O)N4C)cc3C5=C(C#N)C#N)N(C)C(=O)C2=C1c1cccs1,CN1C(=O)C2=C(c3cc4c(s3)-c3cc5c(cc3C4=C(C#N)C#N)-c3sc(C4=C6C(=O)N(C)C(c7cc[cH:2]s7)=C6C(=O)N4C)cc3C5=C(C#N)C#N)N(C)C(=O)C2=C1c1ccc(-c2ccc(/C=C/c3cc[cH:1]s3)s2)s1,31,31,True,ok
*c1ccc(C2=C3C(=O)N(C)C(c4ccc(-c5sc(C6=C7C(=O)N(C)C(c8cc(F)c(*)s8)=C7C(=O)N6C)cc5F)s4)=C3C(=O)N2C)s1,19,1,CN1C(=O)C2=C(c3ccc(-c4sc(C5=C6C(=O)N(C)C(c7cc(F)cs7)=C6C(=O)N5C)cc4F)s3)N(C)C(=O)C2=C1c1cccs1,CN1C(=O)C2=C(c3cc[cH:1]s3)N(C)C(=O)C2=C1c1ccc(-c2sc(C3=C4C(=O)N(C)C(c5cc(F)[cH:2]s5)=C4C(=O)N3C)cc2F)s1,19,19,True,ok
*c1ccc(C2=C3C(=O)N(C)C(c4ccc(-c5sc(C6=C7C(=O)N(C)C(c8cc(Cl)c(*)s8)=C7C(=O)N6C)cc5Cl)s4)=C3C(=O)N2C)s1,19,1,CN1C(=O)C2=C(c3ccc(-c4sc(C5=C6C(=O)N(C)C(c7cc(Cl)cs7)=C6C(=O)N5C)cc4Cl)s3)N(C)C(=O)C2=C1c1cccs1,CN1C(=O)C2=C(c3cc[cH:1]s3)N(C)C(=O)C2=C1c1ccc(-c2sc(C3=C4C(=O)N(C)C(c5cc(Cl)[cH:2]s5)=C4C(=O)N3C)cc2Cl)s1,19,19,True,ok
*c1ccc(C2=C3C(=O)N(C)C(c4ccc(-c5sc(C6=C7C(=O)N(C)C(c8cc(C#N)c(*)s8)=C7C(=O)N6C)cc5C#N)s4)=C3C(=O)N2C)s1,19,1,CN1C(=O)C2=C(c3ccc(-c4sc(C5=C6C(=O)N(C)C(c7cc(C#N)cs7)=C6C(=O)N5C)cc4C#N)s3)N(C)C(=O)C2=C1c1cccs1,CN1C(=O)C2=C(c3cc[cH:1]s3)N(C)C(=O)C2=C1c1ccc(-c2sc(C3=C4C(=O)N(C)C(c5cc(C#N)[cH:2]s5)=C4C(=O)N3C)cc2C#N)s1,19,19,True,ok
*c1ccc(C2=C3C(=O)N(C)C(c4ccc(-c5sc(C6=C7C(=O)N(C)C(c8cc(F)c(*)s8)=C7C(=O)N6C)cc5F)[se]4)=C3C(=O)N2C)[se]1,19,1,CN1C(=O)C2=C(c3cc(F)c(-c4ccc(C5=C6C(=O)N(C)C(c7ccc[se]7)=C6C(=O)N5C)[se]4)s3)N(C)C(=O)C2=C1c1cc(F)cs1,CN1C(=O)C2=C(c3cc(F)[cH:2]s3)N(C)C(=O)C2=C1c1cc(F)c(-c2ccc(C3=C4C(=O)N(C)C(c5cc[cH:1][se]5)=C4C(=O)N3C)[se]2)s1,19,19,True,ok
*c1ccc(C2=C3C(=O)N(C)C(c4ccc(-c5sc(C6=C7C(=O)N(C)C(c8cc(Cl)c(*)s8)=C7C(=O)N6C)cc5Cl)[se]4)=C3C(=O)N2C)[se]1,19,1,CN1C(=O)C2=C(c3cc(Cl)c(-c4ccc(C5=C6C(=O)N(C)C(c7ccc[se]7)=C6C(=O)N5C)[se]4)s3)N(C)C(=O)C2=C1c1cc(Cl)cs1,CN1C(=O)C2=C(c3cc(Cl)[cH:2]s3)N(C)C(=O)C2=C1c1cc(Cl)c(-c2ccc(C3=C4C(=O)N(C)C(c5cc[cH:1][se]5)=C4C(=O)N3C)[se]2)s1,19,19,True,ok
*/C=C/c1ccc(C2=C/C(=C3C4=C(C(=O)N/3C)/C(=C3/C=C(c5ccc(*)s5)C(=O)S3)N(C)C4=O)SC2=O)s1,17,1,C=Cc1ccc(C2=C/C(=C3/C4=C(C(=O)N3C)/C(=C3/C=C(c5cccs5)C(=O)S3)N(C)C4=O)SC2=O)s1,CN1C(=O)C2=C(C(=O)N(C)/C2=C2\C=C(c3cc[cH:2]s3)C(=O)S2)/C1=C1/C=C(c2ccc(C=[CH2:1])s2)C(=O)S1,17,17,True,ok
*c1ncc(C2=C/C(=C3C4=C(C(=O)N/3C)/C(=C3/C=C(c5cnc(*)s5)C(=O)S3)N(C)C4=O)SC2=O)s1,15,1,CN1C(=O)C2=C(C(=O)N(C)/C2=C2\C=C(c3cncs3)C(=O)S2)/C1=C1/C=C(c2cncs2)C(=O)S1,CN1C(=O)C2=C(C(=O)N(C)/C2=C2\C=C(c3cn[cH:2]s3)C(=O)S2)/C1=C1/C=C(c2cn[cH:1]s2)C(=O)S1,15,15,True,ok
*c1ccc(C2=C3C(=O)N(C)C(c4ccc(-c5ccc(C6=C7C(=O)N(C)C(c8ccc(*)s8)=C7C(=O)N6C)s5)s4)=C3C(=O)N2C)s1,19,1,CN1C(=O)C2=C(c3ccc(-c4ccc(C5=C6C(=O)N(C)C(c7cccs7)=C6C(=O)N5C)s4)s3)N(C)C(=O)C2=C1c1cccs1,CN1C(=O)C2=C(c3cc[cH:1]s3)N(C)C(=O)C2=C1c1ccc(-c2ccc(C3=C4C(=O)N(C)C(c5cc[cH:2]s5)=C4C(=O)N3C)s2)s1,19,19,True,ok
*c1ccc2c3c(=O)n(C)c4cc(-c5ccc(-c6ccc(*)s6)s5)ccc4c3c(=O)n(C)c2c1,15,1,Cn1c(=O)c2c3ccc(-c4ccc(-c5cccs5)s4)cc3n(C)c(=O)c2c2ccccc21,Cn1c(=O)c2c3cc[cH:1]cc3n(C)c(=O)c2c2ccc(-c3ccc(-c4cc[cH:2]s4)s3)cc21,15,15,True,ok
*c1ccc(C2=C3C(=O)N(C)C(c4ccc(-c5ccc(/C=C(\C#N)c6ccc(*)s6)cc5)s4)=C3C(=O)N2C)s1,18,1,CN1C(=O)C2=C(c3ccc(-c4ccc(/C=C(\C#N)c5cccs5)cc4)s3)N(C)C(=O)C2=C1c1cccs1,CN1C(=O)C2=C(c3cc[cH:1]s3)N(C)C(=O)C2=C1c1ccc(-c2ccc(/C=C(\C#N)c3cc[cH:2]s3)cc2)s1,18,18,True,ok
*c1ccc(C2=C3C(=O)N(C)C(c4ccc(-c5ccc(/C=C(\C#N)c6ccc(*)s6)cc5F)s4)=C3C(=O)N2C)s1,18,1,CN1C(=O)C2=C(c3ccc(-c4ccc(/C=C(\C#N)c5cccs5)cc4F)s3)N(C)C(=O)C2=C1c1cccs1,CN1C(=O)C2=C(c3cc[cH:1]s3)N(C)C(=O)C2=C1c1ccc(-c2ccc(/C=C(\C#N)c3cc[cH:2]s3)cc2F)s1,18,18,True,ok
*c1ccc(C2=C3C(=O)N(C)C(c4ccc(-c5ccc(/C=C(\C#N)c6ccc(*)s6)c(F)c5F)s4)=C3C(=O)N2C)s1,18,1,CN1C(=O)C2=C(c3ccc(-c4ccc(/C=C(\C#N)c5cccs5)c(F)c4F)s3)N(C)C(=O)C2=C1c1cccs1,CN1C(=O)C2=C(c3cc[cH:1]s3)N(C)C(=O)C2=C1c1ccc(-c2ccc(/C=C(\C#N)c3cc[cH:2]s3)c(F)c2F)s1,18,18,True,ok
*c1ccc(-c2ccc(-c3ccc(-c4cc5c6c(c(*)cc7c6c4C(=O)N(C)C7=O)C(=O)N(C)C5=O)s3)cc2F)s1,15,1,CN1C(=O)c2ccc3c4c(c(-c5ccc(-c6ccc(-c7cccs7)c(F)c6)s5)cc(c24)C1=O)C(=O)N(C)C3=O,CN1C(=O)c2c[cH:2]c3c4c(cc(-c5ccc(-c6ccc(-c7cc[cH:1]s7)c(F)c6)s5)c(c24)C1=O)C(=O)N(C)C3=O,15,15,True,ok
*c1ccc(-c2cc(F)c(-c3ccc(-c4cc5c6c(c(*)cc7c6c4C(=O)N(C)C7=O)C(=O)N(C)C5=O)s3)cc2F)s1,15,1,CN1C(=O)c2ccc3c4c(c(-c5ccc(-c6cc(F)c(-c7cccs7)cc6F)s5)cc(c24)C1=O)C(=O)N(C)C3=O,CN1C(=O)c2c[cH:2]c3c4c(cc(-c5ccc(-c6cc(F)c(-c7cc[cH:1]s7)cc6F)s5)c(c24)C1=O)C(=O)N(C)C3=O,15,15,True,ok
*c1ccc2c(n1)N(C)C(=O)/C2=C1/C(=O)Oc2cc3c(cc21)OC(=O)/C3=C1/C(=O)N(C)c2nc(-c3ccc(/C=C/c4ccc(*)s4)s3)ccc21,23,1,CN1C(=O)/C(=C2/C(=O)Oc3cc4c(cc32)OC(=O)/C4=C2/C(=O)N(C)c3nc(-c4ccc(/C=C/c5cccs5)s4)ccc32)c2cccnc21,CN1C(=O)/C(=C2/C(=O)Oc3cc4c(cc32)OC(=O)/C4=C2/C(=O)N(C)c3n[cH:1]ccc32)c2ccc(-c3ccc(/C=C/c4cc[cH:2]s4)s3)nc21,23,23,True,ok
*c1ccc2c(n1)N(C)C(=O)/C2=C1/C(=O)Oc2cc3c(cc21)OC(=O)/C3=C1/C(=O)N(C)c2nc(-c3ccc(/C(C#N)=C/c4ccc(*)s4)s3)ccc21,23,1,CN1C(=O)/C(=C2/C(=O)Oc3cc4c(cc32)OC(=O)/C4=C2/C(=O)N(C)c3nc(-c4ccc(/C(C#N)=C/c5cccs5)s4)ccc32)c2cccnc21,CN1C(=O)/C(=C2/C(=O)Oc3cc4c(cc32)OC(=O)/C4=C2/C(=O)N(C)c3n[cH:1]ccc32)c2ccc(-c3ccc(/C(C#N)=C/c4cc[cH:2]s4)s3)nc21,23,23,True,ok
*c1ccc(C2=C3C(=O)N(C)C(c4ccc(-c5sc(-c6sc(*)c(F)c6F)c(F)c5F)s4)=C3C(=O)N2C)s1,15,1,CN1C(=O)C2=C(c3ccc(-c4sc(-c5scc(F)c5F)c(F)c4F)s3)N(C)C(=O)C2=C1c1cccs1,CN1C(=O)C2=C(c3cc[cH:1]s3)N(C)C(=O)C2=C1c1ccc(-c2sc(-c3s[cH:2]c(F)c3F)c(F)c2F)s1,15,15,True,ok
*c1ccc(C2=C3C(=O)N(C)C(c4ccc(-c5sc(C#Cc6sc(*)c(F)c6F)c(F)c5F)s4)=C3C(=O)N2C)s1,17,1,CN1C(=O)C2=C(c3ccc(-c4sc(C#Cc5scc(F)c5F)c(F)c4F)s3)N(C)C(=O)C2=C1c1cccs1,CN1C(=O)C2=C(c3cc[cH:1]s3)N(C)C(=O)C2=C1c1ccc(-c2sc(C#Cc3s[cH:2]c(F)c3F)c(F)c2F)s1,17,17,True,ok
*c1ccc2c(c1)N(C)C(=O)/C2=C\c1cc(F)c(/C=C/c2sc(/C=C3\C(=O)N(C)c4cc(-c5ccc(-c6ccc(*)s6)s5)ccc43)cc2F)s1,25,1,CN1C(=O)/C(=C\c2cc(F)c(/C=C/c3sc(/C=C4\C(=O)N(C)c5cc(-c6ccc(-c7cccs7)s6)ccc54)cc3F)s2)c2ccccc21,CN1C(=O)/C(=C\c2cc(F)c(/C=C/c3sc(/C=C4\C(=O)N(C)c5c[cH:1]ccc54)cc3F)s2)c2ccc(-c3ccc(-c4cc[cH:2]s4)s3)cc21,25,25,True,ok
*c1ccc2c(c1)N(C)C(=O)/C2=C\c1cc(F)c(/C=C/c2sc(/C=C3\C(=O)N(C)c4cc(-c5cc(F)c(-c6sc(*)cc6F)s5)ccc43)cc2F)s1,25,1,CN1C(=O)/C(=C\c2cc(F)c(/C=C/c3sc(/C=C4\C(=O)N(C)c5cc(-c6cc(F)c(-c7sccc7F)s6)ccc54)cc3F)s2)c2ccccc21,CN1C(=O)/C(=C\c2cc(F)c(/C=C/c3sc(/C=C4\C(=O)N(C)c5c[cH:1]ccc54)cc3F)s2)c2ccc(-c3cc(F)c(-c4s[cH:2]cc4F)s3)cc21,25,25,True,ok
*c1ccc2c(c1)N(C)C(=O)/C2=C\c1cc(F)c(/C=C/c2sc(/C=C3\C(=O)N(C)c4cc(-c5ccc(/C=C/c6ccc(*)s6)s5)ccc43)cc2F)s1,27,1,CN1C(=O)/C(=C\c2cc(F)c(/C=C/c3sc(/C=C4\C(=O)N(C)c5cc(-c6ccc(/C=C/c7cccs7)s6)ccc54)cc3F)s2)c2ccccc21,CN1C(=O)/C(=C\c2cc(F)c(/C=C/c3sc(/C=C4\C(=O)N(C)c5c[cH:1]ccc54)cc3F)s2)c2ccc(-c3ccc(/C=C/c4cc[cH:2]s4)s3)cc21,27,27,True,ok
*c1ccc2c(c1)N(C)C(=O)/C2=C\c1cc(F)c(/C=C/c2sc(/C=C3\C(=O)N(C)c4cc(-c5cc(F)c(/C=C/c6sc(*)cc6F)s5)ccc43)cc2F)s1,27,1,CN1C(=O)/C(=C\c2cc(F)c(/C=C/c3sc(/C=C4\C(=O)N(C)c5cc(-c6cc(F)c(/C=C/c7sccc7F)s6)ccc54)cc3F)s2)c2ccccc21,CN1C(=O)/C(=C\c2cc(F)c(/C=C/c3sc(/C=C4\C(=O)N(C)c5c[cH:1]ccc54)cc3F)s2)c2ccc(-c3cc(F)c(/C=C/c4s[cH:2]cc4F)s3)cc21,27,27,True,ok
*c1ccc2c(n1)N(C)C(=O)/C2=C\c1cc(F)c(/C=C/c2sc(/C=C3\C(=O)N(C)c4nc(-c5ccc(/C=C/c6ccc(*)s6)s5)ccc43)cc2F)s1,27,1,CN1C(=O)/C(=C\c2cc(F)c(/C=C/c3sc(/C=C4\C(=O)N(C)c5nc(-c6ccc(/C=C/c7cccs7)s6)ccc54)cc3F)s2)c2cccnc21,CN1C(=O)/C(=C\c2cc(F)c(/C=C/c3sc(/C=C4\C(=O)N(C)c5n[cH:1]ccc54)cc3F)s2)c2ccc(-c3ccc(/C=C/c4cc[cH:2]s4)s3)nc21,27,27,True,ok
*c1ccc(/C(C#N)=C/c2cc(OC)c(/C=C(\C#N)c3ccc(-c4cc5c(OC)c6sc(*)cc6c(OC)c5s4)s3)cc2OC)s1,20,1,COc1cc(/C=C(\C#N)c2ccc(-c3cc4c(OC)c5sccc5c(OC)c4s3)s2)c(OC)cc1/C=C(\C#N)c1cccs1,COc1cc(/C=C(\C#N)c2cc[cH:1]s2)c(OC)cc1/C=C(\C#N)c1ccc(-c2cc3c(OC)c4s[cH:2]cc4c(OC)c3s2)s1,20,20,True,ok
*c1ccc(/C(C#N)=C/c2cc(OC)c(/C=C(\C#N)c3ccc(-c4ccc(*)s4)s3)cc2OC)s1,16,1,COc1cc(/C=C(\C#N)c2ccc(-c3cccs3)s2)c(OC)cc1/C=C(\C#N)c1cccs1,COc1cc(/C=C(\C#N)c2cc[cH:1]s2)c(OC)cc1/C=C(\C#N)c1ccc(-c2cc[cH:2]s2)s1,16,16,True,ok
*c1ccc2c(c1)N(C)C(=O)/C2=C1/C(=O)N(C)c2cc(-c3ccc4c(c3)N(C)C(=O)/C4=C3/C(=O)N(C)c4cc(-c5ccc(-c6ccc(*)s6)s5)ccc43)ccc21,25,1,CN1C(=O)/C(=C2/C(=O)N(C)c3cc(-c4ccc5c(c4)N(C)C(=O)/C5=C4/C(=O)N(C)c5cc(-c6ccc(-c7cccs7)s6)ccc54)ccc32)c2ccccc21,CN1C(=O)/C(=C2/C(=O)N(C)c3cc(-c4ccc(-c5cc[cH:2]s5)s4)ccc32)c2ccc(-c3ccc4c(c3)N(C)C(=O)/C4=C3/C(=O)N(C)c4c[cH:1]ccc43)cc21,25,25,True,ok
*c1ccc(-c2ccc(-c3ccc4c(c3F)N(C)C(=O)/C4=C3/C(=O)N(C)c4cc(-c5ccc6c(c5)N(C)C(=O)/C6=C5/C(=O)N(C)c6c5ccc(*)c6F)ccc43)s2)s1,25,1,CN1C(=O)/C(=C2/C(=O)N(C)c3c(F)cccc32)c2ccc(-c3ccc4c(c3)N(C)C(=O)/C4=C3/C(=O)N(C)c4c3ccc(-c3ccc(-c5cccs5)s3)c4F)cc21,CN1C(=O)/C(=C2/C(=O)N(C)c3c2ccc(-c2ccc(-c4cc[cH:1]s4)s2)c3F)c2ccc(-c3ccc4c(c3)N(C)C(=O)/C4=C3/C(=O)N(C)c4c3cc[cH:2]c4F)cc21,25,25,True,ok
*c1ccc(-c2ccc(-c3ccc4c(c3F)N(C)C(=O)/C4=C3/C(=O)N(C)c4c3ccc(-c3ccc5c(c3F)N(C)C(=O)/C5=C3/C(=O)N(C)c5c3ccc(*)c5F)c4F)s2)s1,25,1,CN1C(=O)/C(=C2/C(=O)N(C)c3c2ccc(-c2ccc4c(c2F)N(C)C(=O)/C4=C2/C(=O)N(C)c4c2ccc(-c2ccc(-c5cccs5)s2)c4F)c3F)c2cccc(F)c21,CN1C(=O)/C(=C2/C(=O)N(C)c3c2ccc(-c2ccc4c(c2F)N(C)C(=O)/C4=C2/C(=O)N(C)c4c2cc[cH:2]c4F)c3F)c2ccc(-c3ccc(-c4cc[cH:1]s4)s3)c(F)c21,25,25,True,ok
*c1ccc(-c2ccc(-c3ccc4c(c3F)N(C)C(=O)/C4=C3/C(=O)N(C)c4nc(-c5ccc6c(n5)N(C)C(=O)/C6=C5/C(=O)N(C)c6c5ccc(*)c6F)ccc43)s2)s1,25,1,CN1C(=O)/C(=C2/C(=O)N(C)c3c(F)cccc32)c2ccc(-c3ccc4c(n3)N(C)C(=O)/C4=C3/C(=O)N(C)c4c3ccc(-c3ccc(-c5cccs5)s3)c4F)nc21,CN1C(=O)/C(=C2/C(=O)N(C)c3c2ccc(-c2ccc(-c4cc[cH:1]s4)s2)c3F)c2ccc(-c3ccc4c(n3)N(C)C(=O)/C4=C3/C(=O)N(C)c4c3cc[cH:2]c4F)nc21,25,25,True,ok
*c1ccc2c(c1)N(C)C(=O)/C2=C1/C(=O)N(C)c2cc(-c3ccc4c(c3)N(C)C(=O)/C4=C3/C(=O)N(C)c4cc(-c5sc(-c6sc(*)c(F)c6F)c(F)c5F)ccc43)ccc21,25,1,CN1C(=O)/C(=C2/C(=O)N(C)c3cc(-c4ccc5c(c4)N(C)C(=O)/C5=C4/C(=O)N(C)c5cc(-c6sc(-c7scc(F)c7F)c(F)c6F)ccc54)ccc32)c2ccccc21,CN1C(=O)/C(=C2/C(=O)N(C)c3cc(-c4sc(-c5s[cH:2]c(F)c5F)c(F)c4F)ccc32)c2ccc(-c3ccc4c(c3)N(C)C(=O)/C4=C3/C(=O)N(C)c4c[cH:1]ccc43)cc21,25,25,True,ok
*c1ccc2c(c1F)N(C)C(=O)/C2=C1/C(=O)N(C)c2cc(-c3ccc4c(c3)N(C)C(=O)/C4=C3/C(=O)N(C)c4c3ccc(-c3sc(-c5sc(*)c(F)c5F)c(F)c3F)c4F)ccc21,25,1,CN1C(=O)/C(=C2/C(=O)N(C)c3c(F)cccc32)c2ccc(-c3ccc4c(c3)N(C)C(=O)/C4=C3/C(=O)N(C)c4c3ccc(-c3sc(-c5scc(F)c5F)c(F)c3F)c4F)cc21,CN1C(=O)/C(=C2/C(=O)N(C)c3c2ccc(-c2sc(-c4s[cH:2]c(F)c4F)c(F)c2F)c3F)c2ccc(-c3ccc4c(c3)N(C)C(=O)/C4=C3/C(=O)N(C)c4c3cc[cH:1]c4F)cc21,25,25,True,ok
*c1ccc2c(c1F)N(C)C(=O)/C2=C1/C(=O)N(C)c2c1ccc(-c1ccc3c(c1F)N(C)C(=O)/C3=C1/C(=O)N(C)c3c1ccc(-c1sc(-c4sc(*)c(F)c4F)c(F)c1F)c3F)c2F,25,1,CN1C(=O)/C(=C2/C(=O)N(C)c3c2ccc(-c2ccc4c(c2F)N(C)C(=O)/C4=C2/C(=O)N(C)c4c2ccc(-c2sc(-c5scc(F)c5F)c(F)c2F)c4F)c3F)c2cccc(F)c21,CN1C(=O)/C(=C2/C(=O)N(C)c3c2ccc(-c2sc(-c4s[cH:2]c(F)c4F)c(F)c2F)c3F)c2ccc(-c3ccc4c(c3F)N(C)C(=O)/C4=C3/C(=O)N(C)c4c3cc[cH:1]c4F)c(F)c21,25,25,True,ok
*c1ccc2c(n1)N(C)C(=O)/C2=C1/C(=O)Oc2cc3c(cc21)OC(=O)/C3=C1/C(=O)N(C)c2nc(-c3ccc(-c4ccc(-c5ccc(*)s5)c5nsnc45)s3)ccc21,25,1,CN1C(=O)/C(=C2/C(=O)Oc3cc4c(cc32)OC(=O)/C4=C2/C(=O)N(C)c3nc(-c4ccc(-c5ccc(-c6cccs6)c6nsnc56)s4)ccc32)c2cccnc21,CN1C(=O)/C(=C2/C(=O)Oc3cc4c(cc32)OC(=O)/C4=C2/C(=O)N(C)c3n[cH:1]ccc32)c2ccc(-c3ccc(-c4ccc(-c5cc[cH:2]s5)c5nsnc45)s3)nc21,25,25,True,ok
*c1ccc2c(n1)N(C)C(=O)/C2=C1/C(=O)Oc2cc3c(cc21)OC(=O)/C3=C1/C(=O)N(C)c2nc(-c3ccc(-c4ccc(-c5ccc(*)[se]5)c5nsnc45)[se]3)ccc21,25,1,CN1C(=O)/C(=C2/C(=O)Oc3cc4c(cc32)OC(=O)/C4=C2/C(=O)N(C)c3nc(-c4ccc(-c5ccc(-c6ccc[se]6)c6nsnc56)[se]4)ccc32)c2cccnc21,CN1C(=O)/C(=C2/C(=O)Oc3cc4c(cc32)OC(=O)/C4=C2/C(=O)N(C)c3n[cH:1]ccc32)c2ccc(-c3ccc(-c4ccc(-c5cc[cH:2][se]5)c5nsnc45)[se]3)nc21,25,25,True,ok
*c1ccc(/C=C/c2ccc(-c3ccc4c(n3)N(C)C(=O)/C4=C3/C(=O)N(C)c4nc(*)ccc43)cc2C(F)(F)F)c(C(F)(F)F)c1,19,1,CN1C(=O)/C(=C2/C(=O)N(C)c3nc(-c4ccc(/C=C/c5ccccc5C(F)(F)F)c(C(F)(F)F)c4)ccc32)c2cccnc21,CN1C(=O)/C(=C2/C(=O)N(C)c3n[cH:2]ccc32)c2ccc(-c3ccc(/C=C/c4cc[cH:1]cc4C(F)(F)F)c(C(F)(F)F)c3)nc21,19,19,True,ok
*c1ccc2c(c1)N(C)C(=O)/C2=C1/C(=O)N(C)c2cc(-c3cc4sc(*)cc4s3)ccc21,14,1,CN1C(=O)/C(=C2/C(=O)N(C)c3cc(-c4cc5sccc5s4)ccc32)c2ccccc21,CN1C(=O)/C(=C2/C(=O)N(C)c3c[cH:1]ccc32)c2ccc(-c3cc4s[cH:2]cc4s3)cc21,14,14,True,ok
*c1cc2sc(-c3sc(-c4c5nsnc5c(-c5cc(C)c(*)s5)c5nc6c(nc45)C(=O)c4ccccc4-6)cc3C)cc2s1,14,1,Cc1csc(-c2c3nsnc3c(-c3cc(C)c(-c4cc5sccc5s4)s3)c3nc4c(nc23)-c2ccccc2C4=O)c1,Cc1cc(-c2c3nsnc3c(-c3cc(C)[cH:2]s3)c3nc4c(nc23)C(=O)c2ccccc2-4)sc1-c1cc2s[cH:1]cc2s1,14,14,True,ok
*c1cc2c(=O)n(C)c(=O)c3cc(*)oc3c2o1,5,3,Cn1c(=O)c2ccoc2c2oc(-c3cc4c(=O)n(C)c(=O)c5cc(-c6cc7c(=O)n(C)c(=O)c8ccoc8c7o6)oc5c4o3)cc2c1=O,Cn1c(=O)c2cc(-c3cc4c(=O)n(C)c(=O)c5c[cH:1]oc5c4o3)oc2c2oc(-c3cc4c(=O)n(C)c(=O)c5c[cH:2]oc5c4o3)cc2c1=O,17,17,True,ok
*c1ccc2c(c1)C(=O)N(C)C(=O)/C2=C\C=C1/C(=O)N(C)C(=O)c2cc(-c3cc(F)c(-c4sc(*)cc4F)s3)ccc21,17,1,CN1C(=O)/C(=C\C=C2/C(=O)N(C)C(=O)c3cc(-c4cc(F)c(-c5sccc5F)s4)ccc32)c2ccccc2C1=O,CN1C(=O)/C(=C\C=C2/C(=O)N(C)C(=O)c3c[cH:1]ccc32)c2ccc(-c3cc(F)c(-c4s[cH:2]cc4F)s3)cc2C1=O,17,17,True,ok
*c1ccc2c(c1)C(=O)N(C)C(=O)/C2=C\C=C1/C(=O)N(C)C(=O)c2cc(-c3ccc(/C=C/c4ccc(*)s4)s3)ccc21,19,1,CN1C(=O)/C(=C\C=C2/C(=O)N(C)C(=O)c3cc(-c4ccc(/C=C/c5cccs5)s4)ccc32)c2ccccc2C1=O,CN1C(=O)/C(=C\C=C2/C(=O)N(C)C(=O)c3c[cH:1]ccc32)c2ccc(-c3ccc(/C=C/c4cc[cH:2]s4)s3)cc2C1=O,19,19,True,ok
*c1ccc2c(c1)N(C)C(=O)/C2=c1\s/c(=c2/s/c(=C3\C(=O)N(C)c4cc(-c5ccc(*)s5)ccc43)c3c2OCCO3)c2c1OCCO2,18,1,CN1C(=O)/C(=c2\s/c(=c3/s/c(=C4\C(=O)N(C)c5cc(-c6cccs6)ccc54)c4c3OCCO4)c3c2OCCO3)c2ccccc21,CN1C(=O)/C(=c2\s/c(=c3/s/c(=C4\C(=O)N(C)c5c[cH:1]ccc54)c4c3OCCO4)c3c2OCCO3)c2ccc(-c3cc[cH:2]s3)cc21,18,18,True,ok
*c1ccc2c(c1)N(C)C(=O)/C2=c1\s/c(=c2/s/c(=C3\C(=O)N(C)c4cc(-c5ccc(-c6ccc(*)s6)s5)ccc43)c3c2OCCO3)c2c1OCCO2,21,1,CN1C(=O)/C(=c2\s/c(=c3/s/c(=C4\C(=O)N(C)c5cc(-c6ccc(-c7cccs7)s6)ccc54)c4c3OCCO4)c3c2OCCO3)c2ccccc21,CN1C(=O)/C(=c2\s/c(=c3/s/c(=C4\C(=O)N(C)c5c[cH:1]ccc54)c4c3OCCO4)c3c2OCCO3)c2ccc(-c3ccc(-c4cc[cH:2]s4)s3)cc21,21,21,True,ok
*c1ccc2c(c1)N(C)C(=O)/C2=C1/C(=O)N(C)c2c1ccc1c3c(ccc21)/C(=C1\C(=O)N(C)c2cc(-c4ccc(-c5ccc(-c6ccc(*)s6)c6nsnc56)s4)ccc21)C(=O)N3C,27,1,CN1C(=O)/C(=C2/C(=O)N(C)c3c2ccc2c4c(ccc32)/C(=C2\C(=O)N(C)c3cc(-c5ccc(-c6ccc(-c7cccs7)c7nsnc67)s5)ccc32)C(=O)N4C)c2ccccc21,CN1C(=O)/C(=C2/C(=O)N(C)c3c2ccc2c4c(ccc32)/C(=C2\C(=O)N(C)c3c[cH:1]ccc32)C(=O)N4C)c2ccc(-c3ccc(-c4ccc(-c5cc[cH:2]s5)c5nsnc45)s3)cc21,27,27,True,ok
*c1cc(F)c(-c2sc(-c3sc(-c4ccc5c(c4)N(C)C(=O)/C5=C4/C(=O)N(C)c5cc(-c6cc(C)c(*)s6)ccc54)cc3C)cc2F)s1,21,1,Cc1csc(-c2ccc3c(c2)N(C)C(=O)/C3=C2/C(=O)N(C)c3cc(-c4cc(C)c(-c5cc(F)c(-c6sccc6F)s5)s4)ccc32)c1,Cc1cc(-c2ccc3c(c2)N(C)C(=O)/C3=C2/C(=O)N(C)c3cc(-c4cc(C)[cH:2]s4)ccc32)sc1-c1cc(F)c(-c2s[cH:1]cc2F)s1,21,21,True,ok
*/C=C/c1cc2c3c(c(/C=C/c4ccc5c(n4)N(C)C(=O)/C5=C4/C(=O)Oc5cc6c(cc54)OC(=O)/C6=C4/C(=O)N(C)c5nc(*)ccc54)cc4c3c1C(=O)N(C)C4=O)C(=O)N(C)C2=O,25,1,C=Cc1cc2c3c(c(/C=C/c4ccc5c(n4)N(C)C(=O)/C5=C4/C(=O)Oc5cc6c(cc54)OC(=O)/C6=C4/C(=O)N(C)c5ncccc54)cc4c3c1C(=O)N(C)C4=O)C(=O)N(C)C2=O,CN1C(=O)c2cc(/C=C/c3ccc4c(n3)N(C)C(=O)/C4=C3/C(=O)Oc4cc5c(cc43)OC(=O)/C5=C3/C(=O)N(C)c4n[cH:2]ccc43)c3c4c(cc(C=[CH2:1])c(c24)C1=O)C(=O)N(C)C3=O,25,25,True,ok
*/C=C/c1ccc2c(n1)N(C)C(=O)/C2=C1/C(=O)Oc2cc3c(cc21)OC(=O)/C3=C1/C(=O)N(C)c2nc(*)ccc21,17,1,C=Cc1ccc2c(n1)N(C)C(=O)/C2=C1/C(=O)Oc2cc3c(cc21)OC(=O)/C3=C1/C(=O)N(C)c2ncccc21,CN1C(=O)/C(=C2/C(=O)Oc3cc4c(cc32)OC(=O)/C4=C2/C(=O)N(C)c3n[cH:2]ccc32)c2ccc(C=[CH2:1])nc21,17,17,True,ok
*c1ccc2c(c1)N(C)C(=O)/C2=c1/cc/c(=C2\C(=O)N(C)c3cc(-c4ccc(/C=C/c5ccc(*)s5)s4)ccc32)s1,20,1,CN1C(=O)/C(=c2/cc/c(=C3\C(=O)N(C)c4cc(-c5ccc(/C=C/c6cccs6)s5)ccc43)s2)c2ccccc21,CN1C(=O)/C(=c2/cc/c(=C3\C(=O)N(C)c4cc(-c5ccc(/C=C/c6cc[cH:2]s6)s5)ccc43)s2)c2cc[cH:1]cc21,20,20,True,ok
*c1ccc(-c2cc3c(=O)n(C)c(=O)c4nc5c(nc4c3s2)c(=O)n(C)c(=O)c2cc(*)sc25)s1,12,2,Cn1c(=O)c2ccsc2c2nc3c(=O)n(C)c(=O)c4cc(-c5ccc(-c6cc7c(=O)n(C)c(=O)c8nc9c(nc8c7s6)c(=O)n(C)c(=O)c6cc(-c7cccs7)sc69)s5)sc4c3nc2c1=O,Cn1c(=O)c2cc(-c3ccc(-c4cc5c(=O)n(C)c(=O)c6nc7c(nc6c5s4)c(=O)n(C)c(=O)c4c[cH:2]sc47)s3)sc2c2nc3c(=O)n(C)c(=O)c4cc(-c5cc[cH:1]s5)sc4c3nc2c1=O,25,25,True,ok
*c1cc2c(=O)n(C)c(=O)c3nc4c(nc3c2s1)c(=O)n(C)c(=O)c1cc(-c2ccc(*)[se]2)sc14,12,2,Cn1c(=O)c2ccsc2c2nc3c(=O)n(C)c(=O)c4cc(-c5ccc(-c6cc7c(=O)n(C)c(=O)c8nc9c(nc8c7s6)c(=O)n(C)c(=O)c6cc(-c7ccc[se]7)sc69)[se]5)sc4c3nc2c1=O,Cn1c(=O)c2cc(-c3ccc(-c4cc5c(=O)n(C)c(=O)c6nc7c(nc6c5s4)c(=O)n(C)c(=O)c4c[cH:1]sc47)[se]3)sc2c2nc3c(=O)n(C)c(=O)c4cc(-c5cc[cH:2][se]5)sc4c3nc2c1=O,25,25,True,ok
*c1ccc(-c2ccc(-c3ccc4c(c3)N(C)C(=O)/C4=C3/C(=O)N(C)c4cc(*)c(Cl)cc43)s2)s1,15,1,CN1C(=O)/C(=C2/C(=O)N(C)c3cc(-c4ccc(-c5cccs5)s4)ccc32)c2cc(Cl)ccc21,CN1C(=O)/C(=C2/C(=O)N(C)c3c[cH:2]c(Cl)cc32)c2ccc(-c3ccc(-c4cc[cH:1]s4)s3)cc21,15,15,True,ok
*c1ccc(/C=C/c2ccc(-c3cc4c(s3)/C(=C3\C(=O)N(C)c5cc(*)sc53)C(=O)N4C)s2)s1,15,1,CN1C(=O)/C(=C2/C(=O)N(C)c3cc(-c4ccc(/C=C/c5cccs5)s4)sc32)c2sccc21,CN1C(=O)/C(=C2/C(=O)N(C)c3c[cH:2]sc32)c2sc(-c3ccc(/C=C/c4cc[cH:1]s4)s3)cc21,15,15,True,ok
*c1ccc(C#Cc2ccc(-c3cc4c(s3)/C(=C3\C(=O)N(C)c5cc(*)sc53)C(=O)N4C)s2)s1,15,1,CN1C(=O)/C(=C2/C(=O)N(C)c3cc(-c4ccc(C#Cc5cccs5)s4)sc32)c2sccc21,CN1C(=O)/C(=C2/C(=O)N(C)c3c[cH:2]sc32)c2sc(-c3ccc(C#Cc4cc[cH:1]s4)s3)cc21,15,15,True,ok
*c1ccc(-c2nnc(-c3ccc(-c4cc5c6c(c(*)cc7c6c4C(=O)N(C)C7=O)C(=O)N(C)C5=O)s3)o2)s1,14,1,CN1C(=O)c2ccc3c4c(c(-c5ccc(-c6nnc(-c7cccs7)o6)s5)cc(c24)C1=O)C(=O)N(C)C3=O,CN1C(=O)c2c[cH:2]c3c4c(cc(-c5ccc(-c6nnc(-c7cc[cH:1]s7)o6)s5)c(c24)C1=O)C(=O)N(C)C3=O,14,14,True,ok
*c1ccc(C2=C3C(=O)N(C)C(c4ccc(-c5cc6sc(*)cc6s5)s4)=C3C(=O)N2C)s1,14,1,CN1C(=O)C2=C(c3ccc(-c4cc5sccc5s4)s3)N(C)C(=O)C2=C1c1cccs1,CN1C(=O)C2=C(c3cc[cH:1]s3)N(C)C(=O)C2=C1c1ccc(-c2cc3s[cH:2]cc3s2)s1,14,14,True,ok
*c1cc(C)c(-c2sc(-c3c4c(c(*)c5nsnc35)C(=O)N(C)C4=O)cc2OC)s1,9,2,COc1cc(-c2c3c(cc4nsnc24)C(=O)N(C)C3=O)sc1-c1sc(-c2c3c(c(-c4cc(OC)c(-c5sccc5C)s4)c4nsnc24)C(=O)N(C)C3=O)cc1C,COc1cc(-c2c3c(c(-c4cc(C)c(-c5sc(-c6c7c([cH:2]c8nsnc68)C(=O)N(C)C7=O)cc5OC)s4)c4nsnc24)C(=O)N(C)C3=O)sc1-c1s[cH:1]cc1C,19,19,True,ok
*c1cc(OC)c(-c2sc(-c3c4c(c(*)c5nsnc35)C(=O)N(C)C4=O)cc2OC)s1,9,2,COc1ccsc1-c1sc(-c2c3c(c(-c4cc(OC)c(-c5sc(-c6c7c(cc8nsnc68)C(=O)N(C)C7=O)cc5OC)s4)c4nsnc24)C(=O)N(C)C3=O)cc1OC,COc1cc(-c2c3c(c(-c4cc(OC)c(-c5s[cH:1]cc5OC)s4)c4nsnc24)C(=O)N(C)C3=O)sc1-c1sc(-c2c3c([cH:2]c4nsnc24)C(=O)N(C)C3=O)cc1OC,19,19,True,ok
*c1ccc(-c2ccc(-c3ccc4c(c3F)N(C)C(=O)/C4=C3/C(=O)N(C)c4c3ccc(/C=C/c3ccc5c(c3F)N(C)C(=O)/C5=C3/C(=O)N(C)c5c3ccc(*)c5F)c4F)s2)s1,27,1,CN1C(=O)/C(=C2/C(=O)N(C)c3c2ccc(/C=C/c2ccc4c(c2F)N(C)C(=O)/C4=C2/C(=O)N(C)c4c2ccc(-c2ccc(-c5cccs5)s2)c4F)c3F)c2cccc(F)c21,CN1C(=O)/C(=C2/C(=O)N(C)c3c2ccc(-c2ccc(-c4cc[cH:1]s4)s2)c3F)c2ccc(/C=C/c3ccc4c(c3F)N(C)C(=O)/C4=C3/C(=O)N(C)c4c3cc[cH:2]c4F)c(F)c21,27,27,True,ok
*c1ccc2c(c1)sc1c3sc4cc(-c5c(F)c(F)c(*)c6nn(C)nc56)ccc4c3n(C)c21,13,1,Cn1nc2cc(F)c(F)c(-c3ccc4c(c3)sc3c5sc6ccccc6c5n(C)c43)c2n1,Cn1nc2c(-c3ccc4c(c3)sc3c5sc6c[cH:1]ccc6c5n(C)c43)c(F)c(F)[cH:2]c2n1,13,13,True,ok
*c1cc2cc3c4cc5cc(-c6c(F)c(F)c(*)c7nn(C)nc67)sc5cc4n(C)c3cc2s1,13,1,Cn1nc2cc(F)c(F)c(-c3cc4cc5c6cc7ccsc7cc6n(C)c5cc4s3)c2n1,Cn1nc2c(-c3cc4cc5c6cc7c[cH:1]sc7cc6n(C)c5cc4s3)c(F)c(F)[cH:2]c2n1,13,13,True,ok
*c1ccc(C2=C3C(=O)N(C)C(c4ccc(-c5ccc(C6=C7C(=O)N(C)C(c8ccc(-c9ccc(-c%10ccc(-c%11ccc(*)s%11)c%11nsnc%10%11)s9)s8)=C7C(=O)N6C)s5)s4)=C3C(=O)N2C)s1,29,1,CN1C(=O)C2=C(c3ccc(-c4ccc(C5=C6C(=O)N(C)C(c7ccc(-c8ccc(-c9ccc(-c%10cccs%10)c%10nsnc9%10)s8)s7)=C6C(=O)N5C)s4)s3)N(C)C(=O)C2=C1c1cccs1,CN1C(=O)C2=C(c3ccc(-c4ccc(-c5ccc(-c6cc[cH:2]s6)c6nsnc56)s4)s3)N(C)C(=O)C2=C1c1ccc(-c2ccc(C3=C4C(=O)N(C)C(c5cc[cH:1]s5)=C4C(=O)N3C)s2)s1,29,29,True,ok
*c1ccc2c(c1)sc1c3ccc(-c4cc5c6c(c(*)cc7c6c4C(=O)N(C)C7=O)C(=O)N(C)C5=O)cc3sc21,14,1,CN1C(=O)c2ccc3c4c(c(-c5ccc6c(c5)sc5c7ccccc7sc65)cc(c24)C1=O)C(=O)N(C)C3=O,CN1C(=O)c2c[cH:2]c3c4c(cc(-c5ccc6c(c5)sc5c7cc[cH:1]cc7sc65)c(c24)C1=O)C(=O)N(C)C3=O,14,14,True,ok
*c1ccc(-c2ccc(-c3sc(-c4cc5c(cc(-c6cc(C)c(*)s6)c6nsnc65)c5nsnc45)cc3C)[se]2)[se]1,17,1,Cc1csc(-c2cc3c(cc(-c4cc(C)c(-c5ccc(-c6ccc[se]6)[se]5)s4)c4nsnc43)c3nsnc23)c1,Cc1cc(-c2cc3c(cc(-c4cc(C)[cH:2]s4)c4nsnc43)c3nsnc23)sc1-c1ccc(-c2cc[cH:1][se]2)[se]1,17,17,True,ok
*c1ccc(-c2ccc(-c3[se]c(-c4cc5c(cc(-c6cc(C)c(*)[se]6)c6nsnc65)c5nsnc45)cc3C)s2)s1,17,1,Cc1c[se]c(-c2cc3c(cc(-c4cc(C)c(-c5ccc(-c6cccs6)s5)[se]4)c4nsnc43)c3nsnc23)c1,Cc1cc(-c2cc3c(cc(-c4cc(C)[cH:2][se]4)c4nsnc43)c3nsnc23)[se]c1-c1ccc(-c2cc[cH:1]s2)s1,17,17,True,ok
*c1ccc(-c2nc3c(=O)n(C)c(=O)c4c(sc5c4sc4c6sc(*)nc6c(=O)n(C)c(=O)c45)c3s2)s1,13,1,Cn1c(=O)c2ncsc2c2sc3c(sc4c5sc(-c6cccs6)nc5c(=O)n(C)c(=O)c43)c2c1=O,Cn1c(=O)c2nc(-c3cc[cH:1]s3)sc2c2sc3c(sc4c5s[cH:2]nc5c(=O)n(C)c(=O)c43)c2c1=O,13,13,True,ok
*c1ccc2c(c1)N(C)C(=O)/C2=C1/C(=O)N(C)c2cc(-c3ccc(/C=C(\C#N)c4ccc(*)s4)s3)ccc21,17,1,CN1C(=O)/C(=C2/C(=O)N(C)c3cc(-c4ccc(/C=C(\C#N)c5cccs5)s4)ccc32)c2ccccc21,CN1C(=O)/C(=C2/C(=O)N(C)c3c[cH:1]ccc32)c2ccc(-c3ccc(/C=C(\C#N)c4cc[cH:2]s4)s3)cc21,17,17,True,ok
*/C=C/c1ccc(/C=C/c2cc3c4c(c(*)cc5c4c2C(=O)N(C)C5=O)C(=O)N(C)C3=O)s1,12,2,C=Cc1ccc(/C=C/c2cc3c4c(c(C=Cc5ccc(/C=C/c6cc7c8c(ccc9c8c6C(=O)N(C)C9=O)C(=O)N(C)C7=O)s5)cc5c4c2C(=O)N(C)C5=O)C(=O)N(C)C3=O)s1,CN1C(=O)c2cc(/C=C/c3ccc(C=[CH2:1])s3)c3c4c(cc(C=Cc5ccc(/C=C/c6cc7c8c([cH:2]cc9c8c6C(=O)N(C)C9=O)C(=O)N(C)C7=O)s5)c(c24)C1=O)C(=O)N(C)C3=O,25,25,True,ok
*c1cc(OC)c(-c2cc(F)c(-c3sc(-c4ccc(*)c5c4C(=O)N(C)C5=O)cc3OC)cc2F)s1,13,1,COc1ccsc1-c1cc(F)c(-c2sc(-c3cccc4c3C(=O)N(C)C4=O)cc2OC)cc1F,COc1cc(-c2cc[cH:2]c3c2C(=O)N(C)C3=O)sc1-c1cc(F)c(-c2s[cH:1]cc2OC)cc1F,13,13,True,ok
*c1ccc2c(n1)N(C)C(=O)/C2=C1/C(=O)N(C)c2nc(-c3cc(F)c(-c4sc(*)cc4F)s3)ccc21,15,1,CN1C(=O)/C(=C2/C(=O)N(C)c3nc(-c4cc(F)c(-c5sccc5F)s4)ccc32)c2cccnc21,CN1C(=O)/C(=C2/C(=O)N(C)c3n[cH:1]ccc32)c2ccc(-c3cc(F)c(-c4s[cH:2]cc4F)s3)nc21,15,15,True,ok
*c1cc2c(=O)n(C)c(=O)c3c(F)c4c(c(F)c3c2s1)c(=O)n(C)c(=O)c1cc(-c2ccc(-c3ccc(*)[se]3)[se]2)sc14,15,1,Cn1c(=O)c2ccsc2c2c(F)c3c(=O)n(C)c(=O)c4cc(-c5ccc(-c6ccc[se]6)[se]5)sc4c3c(F)c2c1=O,Cn1c(=O)c2cc(-c3ccc(-c4cc[cH:2][se]4)[se]3)sc2c2c(F)c3c(=O)n(C)c(=O)c4c[cH:1]sc4c3c(F)c2c1=O,15,15,True,ok
*c1ccc(-c2cc3c(=O)n(C)c(=O)c4c(F)c5c(c(F)c4c3s2)c(=O)n(C)c(=O)c2cc(*)sc25)s1,12,2,Cn1c(=O)c2ccsc2c2c(F)c3c(=O)n(C)c(=O)c4cc(-c5ccc(-c6cc7c(=O)n(C)c(=O)c8c(F)c9c(c(F)c8c7s6)c(=O)n(C)c(=O)c6cc(-c7cccs7)sc69)s5)sc4c3c(F)c2c1=O,Cn1c(=O)c2cc(-c3ccc(-c4cc5c(=O)n(C)c(=O)c6c(F)c7c(c(F)c6c5s4)c(=O)n(C)c(=O)c4c[cH:2]sc47)s3)sc2c2c(F)c3c(=O)n(C)c(=O)c4cc(-c5cc[cH:1]s5)sc4c3c(F)c2c1=O,25,25,True,ok
*c1ccc(-c2cc3c(s2)-c2sc(C4=C5C(=O)N(C)C(c6cc7c(s6)-c6sc(*)cc6C7(C)C)=C5C(=O)N4C)cc2C3(C)C)s1,18,1,CN1C(=O)C2=C(c3cc4c(s3)-c3sc(-c5cccs5)cc3C4(C)C)N(C)C(=O)C2=C1c1cc2c(s1)-c1sccc1C2(C)C,CN1C(=O)C2=C(c3cc4c(s3)-c3s[cH:2]cc3C4(C)C)N(C)C(=O)C2=C1c1cc2c(s1)-c1sc(-c3cc[cH:1]s3)cc1C2(C)C,18,18,True,ok
*c1ccc(/C=C/c2ccc(-c3cc4c(s3)-c3sc(C5=C6C(=O)N(C)C(c7cc8c(s7)-c7sc(*)cc7C8(C)C)=C6C(=O)N5C)cc3C4(C)C)s2)s1,23,1,CN1C(=O)C2=C(c3cc4c(s3)-c3sc(-c5ccc(/C=C/c6cccs6)s5)cc3C4(C)C)N(C)C(=O)C2=C1c1cc2c(s1)-c1sccc1C2(C)C,CN1C(=O)C2=C(c3cc4c(s3)-c3s[cH:2]cc3C4(C)C)N(C)C(=O)C2=C1c1cc2c(s1)-c1sc(-c3ccc(/C=C/c4cc[cH:1]s4)s3)cc1C2(C)C,23,23,True,ok
*c1cc2c(s1)-c1sc(C3=C4C(=O)N(C)C(c5cc6c(s5)-c5sc(-c7ccc(*)[se]7)cc5C6(C)C)=C4C(=O)N3C)cc1C2(C)C,18,1,CN1C(=O)C2=C(c3cc4c(s3)-c3sc(-c5ccc[se]5)cc3C4(C)C)N(C)C(=O)C2=C1c1cc2c(s1)-c1sccc1C2(C)C,CN1C(=O)C2=C(c3cc4c(s3)-c3s[cH:1]cc3C4(C)C)N(C)C(=O)C2=C1c1cc2c(s1)-c1sc(-c3cc[cH:2][se]3)cc1C2(C)C,18,18,True,ok
*c1ccc(-c2ccc(-c3cc4c(s3)/C(=C3\C(=O)N(C)C(=O)c5cc(*)sc53)C(=O)N4C)s2)s1,13,1,CN1C(=O)/C(=C2/C(=O)N(C)c3cc(-c4ccc(-c5cccs5)s4)sc32)c2sccc2C1=O,CN1C(=O)/C(=C2/C(=O)N(C)c3cc(-c4ccc(-c5cc[cH:1]s5)s4)sc32)c2s[cH:2]cc2C1=O,13,13,True,ok
*c1ccc(-c2ccc(-c3cc4c(cc3Cl)/C(=C3\C(=O)N(C)c5cc(*)c(Cl)cc53)C(=O)N4C)s2)s1,15,1,CN1C(=O)/C(=C2/C(=O)N(C)c3cc(-c4ccc(-c5cccs5)s4)c(Cl)cc32)c2cc(Cl)ccc21,CN1C(=O)/C(=C2/C(=O)N(C)c3c[cH:2]c(Cl)cc32)c2cc(Cl)c(-c3ccc(-c4cc[cH:1]s4)s3)cc21,15,15,True,ok
*c1cc2ccc(-c3cc4c(s3)-c3cc5c(cc3C4(C)C)-c3sc(*)cc3C5(C)C)ccc-2c1,15,1,CC1(C)c2cc3c(cc2-c2sccc21)C(C)(C)c1cc(-c2ccc4cccc-4cc2)sc1-3,CC1(C)c2cc3c(cc2-c2sc(-c4ccc5c[cH:1]cc-5cc4)cc21)C(C)(C)c1c[cH:2]sc1-3,15,15,True,ok
*c1cc2ccc(-c3cc4c(s3)-c3cc5c(cc3C4(c3ccc(C)cc3)c3ccc(C)cc3)-c3sc(*)cc3C5(c3ccc(C)cc3)c3ccc(C)cc3)ccc-2c1,15,1,Cc1ccc(C2(c3ccc(C)cc3)c3cc4c(cc3-c3sccc32)C(c2ccc(C)cc2)(c2ccc(C)cc2)c2cc(-c3ccc5cccc-5cc3)sc2-4)cc1,Cc1ccc(C2(c3ccc(C)cc3)c3cc4c(cc3-c3sc(-c5ccc6c[cH:1]cc-6cc5)cc32)C(c2ccc(C)cc2)(c2ccc(C)cc2)c2c[cH:2]sc2-4)cc1,15,15,True,ok
*c1ccc(C2=c3cc4c(cc3N(C)C2=O)=C(c2ccc(-c3ccc(*)o3)cc2)C(=O)N4C)cc1,16,1,CN1C(=O)C(c2ccccc2)=c2cc3c(cc21)=C(c1ccc(-c2ccco2)cc1)C(=O)N3C,CN1C(=O)C(c2ccc(-c3cc[cH:2]o3)cc2)=c2cc3c(cc21)=C(c1cc[cH:1]cc1)C(=O)N3C,16,16,True,ok
*c1ccc(C2=c3cc4c(cc3N(C)C2=O)=C(c2ccc(-c3ccc(*)s3)cc2)C(=O)N4C)cc1,16,1,CN1C(=O)C(c2ccccc2)=c2cc3c(cc21)=C(c1ccc(-c2cccs2)cc1)C(=O)N3C,CN1C(=O)C(c2ccc(-c3cc[cH:2]s3)cc2)=c2cc3c(cc21)=C(c1cc[cH:1]cc1)C(=O)N3C,16,16,True,ok
*c1sc(-c2cc(-c3ccc(C)s3)c(-c3ccc(*)c4nsnc34)s2)cc1-c1ccc(C)s1,9,2,Cc1ccc(-c2csc(-c3cc(-c4ccc(C)s4)c(-c4ccc(-c5sc(-c6cc(-c7ccc(C)s7)c(-c7cccc8nsnc78)s6)cc5-c5ccc(C)s5)c5nsnc45)s3)c2)s1,Cc1ccc(-c2cc(-c3cc(-c4ccc(C)s4)c(-c4cc[cH:2]c5nsnc45)s3)sc2-c2ccc(-c3sc(-c4cc(-c5ccc(C)s5)[cH:1]s4)cc3-c3ccc(C)s3)c3nsnc23)s1,19,19,True,ok
*c1ccc(-c2ccc(-c3ccc(-c4sc(-c5cc(-c6ccc(C)s6)c(*)s5)cc4-c4ccc(C)s4)s3)c3nsnc23)s1,15,1,Cc1ccc(-c2csc(-c3cc(-c4ccc(C)s4)c(-c4ccc(-c5ccc(-c6cccs6)c6nsnc56)s4)s3)c2)s1,Cc1ccc(-c2cc(-c3cc(-c4ccc(C)s4)[cH:2]s3)sc2-c2ccc(-c3ccc(-c4cc[cH:1]s4)c4nsnc34)s2)s1,15,15,True,ok
*c1ccc(-c2ccc(-c3ccc(-c4sc(-c5cc(-c6ccc(C)s6)c(*)s5)cc4-c4ccc(C)s4)s3)c3nc(-c4ccc(OC)cc4)c(-c4ccc(OC)cc4)nc23)s1,15,1,COc1ccc(-c2nc3c(-c4cccs4)ccc(-c4ccc(-c5sc(-c6cc(-c7ccc(C)s7)cs6)cc5-c5ccc(C)s5)s4)c3nc2-c2ccc(OC)cc2)cc1,COc1ccc(-c2nc3c(-c4ccc(-c5sc(-c6cc(-c7ccc(C)s7)[cH:2]s6)cc5-c5ccc(C)s5)s4)ccc(-c4cc[cH:1]s4)c3nc2-c2ccc(OC)cc2)cc1,15,15,True,ok
*/C=C/c1ccc(C2=C3C(=O)N(C)C(c4ccc(*)cc4)=C3C(=O)N2C)cc1,13,1,C=Cc1ccc(C2=C3C(=O)N(C)C(c4ccccc4)=C3C(=O)N2C)cc1,CN1C(=O)C2=C(c3cc[cH:2]cc3)N(C)C(=O)C2=C1c1ccc(C=[CH2:1])cc1,13,13,True,ok
*c1ccc2c(c1)N(C)C(=O)/C2=C1/C(=O)N(C)c2cc(-c3ccc(-c4ccc(*)[se]4)[se]3)ccc21,15,1,CN1C(=O)/C(=C2/C(=O)N(C)c3cc(-c4ccc(-c5ccc[se]5)[se]4)ccc32)c2ccccc21,CN1C(=O)/C(=C2/C(=O)N(C)c3c[cH:1]ccc32)c2ccc(-c3ccc(-c4cc[cH:2][se]4)[se]3)cc21,15,15,True,ok
*c1ccc2c(c1)N(C)C(=O)/C2=C1/C(=O)N(C)c2cc(-c3cc4cc5sc(*)cc5cc4s3)ccc21,16,1,CN1C(=O)/C(=C2/C(=O)N(C)c3cc(-c4cc5cc6sccc6cc5s4)ccc32)c2ccccc21,CN1C(=O)/C(=C2/C(=O)N(C)c3c[cH:1]ccc32)c2ccc(-c3cc4cc5s[cH:2]cc5cc4s3)cc21,16,16,True,ok
*c1ccc2c(c1)N(C)C(=O)/C2=C1/C(=O)N(C)c2cc(-c3cc4ccc5c(ccc6cc(*)sc65)c4s3)ccc21,17,1,CN1C(=O)/C(=C2/C(=O)N(C)c3cc(-c4cc5ccc6c(ccc7ccsc76)c5s4)ccc32)c2ccccc21,CN1C(=O)/C(=C2/C(=O)N(C)c3c[cH:1]ccc32)c2ccc(-c3cc4ccc5c(ccc6c[cH:2]sc65)c4s3)cc21,17,17,True,ok
*c1ccc2c(c1)N(C)C(=O)/C2=C1/C(=O)N(C)c2cc(-c3cc(C)c(-c4sc(*)cc4C)s3)ccc21,15,1,Cc1ccsc1-c1sc(-c2ccc3c(c2)N(C)C(=O)/C3=C2/C(=O)N(C)c3ccccc32)cc1C,Cc1cc(-c2ccc3c(c2)N(C)C(=O)/C3=C2/C(=O)N(C)c3c[cH:1]ccc32)sc1-c1s[cH:2]cc1C,15,15,True,ok
*c1ccc2c(c1)N(C)C(=O)/C2=C1/C(=O)N(C)c2cc(-c3ccc(*)s3)ccc21,12,2,CN1C(=O)/C(=C2/C(=O)N(C)c3cc(-c4ccc(-c5ccc6c(c5)N(C)C(=O)/C6=C5/C(=O)N(C)c6cc(-c7cccs7)ccc65)s4)ccc32)c2ccccc21,CN1C(=O)/C(=C2/C(=O)N(C)c3cc(-c4cc[cH:2]s4)ccc32)c2ccc(-c3ccc(-c4ccc5c(c4)N(C)C(=O)/C5=C4/C(=O)N(C)c5c[cH:1]ccc54)s3)cc21,25,25,True,ok
*c1ccc2c(c1)N(C)C(=O)/C2=C1/C(=O)N(C)c2cc(-c3ccc(-c4ccc(-c5ccc(*)s5)s4)s3)ccc21,18,1,CN1C(=O)/C(=C2/C(=O)N(C)c3cc(-c4ccc(-c5ccc(-c6cccs6)s5)s4)ccc32)c2ccccc21,CN1C(=O)/C(=C2/C(=O)N(C)c3c[cH:1]ccc32)c2ccc(-c3ccc(-c4ccc(-c5cc[cH:2]s5)s4)s3)cc21,18,18,True,ok
*c1ccc2c(c1)N(C)C(=O)/C2=C1/C(=O)N(C)c2cc(-c3cc4sc5cc(*)sc5c4s3)ccc21,15,1,CN1C(=O)/C(=C2/C(=O)N(C)c3cc(-c4cc5sc6ccsc6c5s4)ccc32)c2ccccc21,CN1C(=O)/C(=C2/C(=O)N(C)c3c[cH:1]ccc32)c2ccc(-c3cc4sc5c[cH:2]sc5c4s3)cc21,15,15,True,ok
*c1ccc2c(c1)c(=O)c1cc3c(cc1n2C)c(=O)c1cc(-c2ccc(-c4ccc(*)s4)s2)ccc1n3C,17,1,Cn1c2ccccc2c(=O)c2cc3c(cc21)c(=O)c1cc(-c2ccc(-c4cccs4)s2)ccc1n3C,Cn1c2ccc(-c3ccc(-c4cc[cH:2]s4)s3)cc2c(=O)c2cc3c(cc21)c(=O)c1c[cH:1]ccc1n3C,17,17,True,ok
*c1ccc(C2=C3C(=O)N(C)C(c4ccc(-c5cc6c(C)c(C)c7cc8c(cc7c6s5)c(C)c(C)c5cc(*)sc58)s4)=C3C(=O)N2C)s1,19,1,Cc1c(C)c2ccsc2c2cc3c(C)c(C)c4cc(-c5ccc(C6=C7C(=O)N(C)C(c8cccs8)=C7C(=O)N6C)s5)sc4c3cc12,Cc1c(C)c2cc(-c3ccc(C4=C5C(=O)N(C)C(c6cc[cH:1]s6)=C5C(=O)N4C)s3)sc2c2cc3c(C)c(C)c4c[cH:2]sc4c3cc12,19,19,True,ok
*c1ccc(-c2ccc(-c3ccc(-c4cc5c(s4)-c4cc6c(cc4C5(C)C)-c4sc(*)cc4C6(C)C)s3)c3nsnc23)s1,19,1,CC1(C)c2cc3c(cc2-c2sccc21)C(C)(C)c1cc(-c2ccc(-c4ccc(-c5cccs5)c5nsnc45)s2)sc1-3,CC1(C)c2cc3c(cc2-c2sc(-c4ccc(-c5ccc(-c6cc[cH:1]s6)c6nsnc56)s4)cc21)C(C)(C)c1c[cH:2]sc1-3,19,19,True,ok
*c1ccc(-c2cc3c4c(c(*)cc5c4c2C(=O)N(C)C5=O)C(=O)N(C)C3=O)cc1,9,2,CN1C(=O)c2ccc3c4c(c(-c5ccc(-c6cc7c8c(c(-c9ccccc9)cc9c8c6C(=O)N(C)C9=O)C(=O)N(C)C7=O)cc5)cc(c24)C1=O)C(=O)N(C)C3=O,CN1C(=O)c2cc(-c3cc[cH:1]cc3)c3c4c(cc(-c5ccc(-c6cc7c8c([cH:2]cc9c8c6C(=O)N(C)C9=O)C(=O)N(C)C7=O)cc5)c(c24)C1=O)C(=O)N(C)C3=O,19,19,True,ok
*c1ccc2cc(-c3cc4c5c(c(*)cc6c5c3C(=O)N(C)C6=O)C(=O)N(C)C4=O)ccc2c1,11,2,CN1C(=O)c2ccc3c4c(c(-c5ccc6cc(-c7cc8c9c(c(-c%10ccc%11ccccc%11c%10)cc%10c9c7C(=O)N(C)C%10=O)C(=O)N(C)C8=O)ccc6c5)cc(c24)C1=O)C(=O)N(C)C3=O,CN1C(=O)c2cc(-c3ccc4c[cH:1]ccc4c3)c3c4c(cc(-c5ccc6cc(-c7cc8c9c([cH:2]cc%10c9c7C(=O)N(C)C%10=O)C(=O)N(C)C8=O)ccc6c5)c(c24)C1=O)C(=O)N(C)C3=O,23,23,True,ok
*c1cc2ccc3cc(-c4cc5c6c(c(*)cc7c6c4C(=O)N(C)C7=O)C(=O)N(C)C5=O)cc4ccc(c1)c2c34,13,1,CN1C(=O)c2ccc3c4c(c(-c5cc6ccc7cccc8ccc(c5)c6c78)cc(c24)C1=O)C(=O)N(C)C3=O,CN1C(=O)c2c[cH:2]c3c4c(cc(-c5cc6ccc7c[cH:1]cc8ccc(c5)c6c78)c(c24)C1=O)C(=O)N(C)C3=O,13,13,True,ok
*c1ccc(-c2cc3c4c(c(*)cc5c4c2C(=O)N(C)C5=O)C(=O)N(C)C3=O)[se]1,8,2,CN1C(=O)c2ccc3c4c(c(-c5ccc(-c6cc7c8c(c(-c9ccc[se]9)cc9c8c6C(=O)N(C)C9=O)C(=O)N(C)C7=O)[se]5)cc(c24)C1=O)C(=O)N(C)C3=O,CN1C(=O)c2cc(-c3cc[cH:1][se]3)c3c4c(cc(-c5ccc(-c6cc7c8c([cH:2]cc9c8c6C(=O)N(C)C9=O)C(=O)N(C)C7=O)[se]5)c(c24)C1=O)C(=O)N(C)C3=O,17,17,True,ok
*c1ccc2c(c1)N(C)C(=O)/C2=C1/C(=O)N(C)c2cc(-c3ccc(-c4ccc(*)s4)s3)sc21,14,1,CN1C(=O)/C(=C2/C(=O)N(C)c3cc(-c4ccc(-c5cccs5)s4)sc32)c2ccccc21,CN1C(=O)/C(=C2/C(=O)N(C)c3cc(-c4ccc(-c5cc[cH:2]s5)s4)sc32)c2cc[cH:1]cc21,14,14,True,ok
*c1ccc2c(c1)N(C)C(=O)/C2=C1/C(=O)N(C)c2cc(-c3ccc(-c4ccc(-c5ccc(*)s5)s4)s3)sc21,17,1,CN1C(=O)/C(=C2/C(=O)N(C)c3cc(-c4ccc(-c5ccc(-c6cccs6)s5)s4)sc32)c2ccccc21,CN1C(=O)/C(=C2/C(=O)N(C)c3cc(-c4ccc(-c5ccc(-c6cc[cH:2]s6)s5)s4)sc32)c2cc[cH:1]cc21,17,17,True,ok
*c1ccc(-c2ccc(*)c3nn(C)nc23)s1,6,2,Cn1nc2cccc(-c3ccc(-c4ccc(-c5cccs5)c5nn(C)nc45)s3)c2n1,Cn1nc2c(-c3ccc(-c4cc[cH:2]c5nn(C)nc45)s3)ccc(-c3cc[cH:1]s3)c2n1,13,13,True,ok
*c1ccc(-c2c(OC)c(OC)c(*)c3nn(C)nc23)s1,6,2,COc1cc2nn(C)nc2c(-c2ccc(-c3c(OC)c(OC)c(-c4cccs4)c4nn(C)nc34)s2)c1OC,COc1c(OC)c(-c2cc[cH:1]s2)c2nn(C)nc2c1-c1ccc(-c2c(OC)c(OC)[cH:2]c3nn(C)nc23)s1,13,13,True,ok
*c1ccc(C2=C3C(=O)N(C)C(c4ccc(-c5ccc(/C=C/c6ccc(*)c7nsnc67)c6nsnc56)s4)=C3C(=O)N2C)s1,19,1,CN1C(=O)C2=C(c3ccc(-c4ccc(/C=C/c5cccc6nsnc56)c5nsnc45)s3)N(C)C(=O)C2=C1c1cccs1,CN1C(=O)C2=C(c3cc[cH:1]s3)N(C)C(=O)C2=C1c1ccc(-c2ccc(/C=C/c3cc[cH:2]c4nsnc34)c3nsnc23)s1,19,19,True,ok
*c1ccc(C2=C3C(=O)N(C)C(c4ccc(-c5ccc(C#Cc6ccc(*)c7nsnc67)c6nsnc56)s4)=C3C(=O)N2C)s1,19,1,CN1C(=O)C2=C(c3ccc(-c4ccc(C#Cc5cccc6nsnc56)c5nsnc45)s3)N(C)C(=O)C2=C1c1cccs1,CN1C(=O)C2=C(c3cc[cH:1]s3)N(C)C(=O)C2=C1c1ccc(-c2ccc(C#Cc3cc[cH:2]c4nsnc34)c3nsnc23)s1,19,19,True,ok
*c1ccc2c(c1)N(C)C(=O)/C2=C1/C(=O)N(C)c2cc(-c3ccc(/C=C/c4ccc(*)c5nsnc45)c4nsnc34)ccc21,19,1,CN1C(=O)/C(=C2/C(=O)N(C)c3cc(-c4ccc(/C=C/c5cccc6nsnc56)c5nsnc45)ccc32)c2ccccc21,CN1C(=O)/C(=C2/C(=O)N(C)c3c[cH:1]ccc32)c2ccc(-c3ccc(/C=C/c4cc[cH:2]c5nsnc45)c4nsnc34)cc21,19,19,True,ok
*c1cc2c3c(c(-c4ccc(*)c5nsnc45)cc4c3c1C(=O)N(C)C4=O)C(=O)N(C)C2=O,9,2,CN1C(=O)c2ccc3c4c(c(-c5ccc(-c6cc7c8c(c(-c9cccc%10nsnc9%10)cc9c8c6C(=O)N(C)C9=O)C(=O)N(C)C7=O)c6nsnc56)cc(c24)C1=O)C(=O)N(C)C3=O,CN1C(=O)c2cc(-c3cc[cH:2]c4nsnc34)c3c4c(cc(-c5ccc(-c6cc7c8c([cH:1]cc9c8c6C(=O)N(C)C9=O)C(=O)N(C)C7=O)c6nsnc56)c(c24)C1=O)C(=O)N(C)C3=O,19,19,True,ok
*c1ccc(-c2cc3c4c(ccc5c6c(*)cc7c8c(ccc(c2c45)c86)C(=O)N(C)C7=O)C(=O)N(C)C3=O)cc1,9,2,CN1C(=O)c2ccc3c4ccc5c6c(cc(-c7ccc(-c8cc9c%10c(ccc%11c%12c(-c%13ccccc%13)cc%13c%14c(ccc(c8c%10%11)c%14%12)C(=O)N(C)C%13=O)C(=O)N(C)C9=O)cc7)c(c7ccc(c2c37)C1=O)c64)C(=O)N(C)C5=O,CN1C(=O)c2ccc3c4c(-c5cc[cH:1]cc5)cc5c6c(ccc(c7c(-c8ccc(-c9cc%10c%11c(ccc%12c%11c9c9ccc%11c%13c(c[cH:2]c%12c%139)C(=O)N(C)C%11=O)C(=O)N(C)C%10=O)cc8)cc(c2c37)C1=O)c64)C(=O)N(C)C5=O,19,19,True,ok
*c1ccc(-c2ccc(-c3sc(-c4c5nsnc5c(-c5cc(C)c(*)s5)c5nc6c7ccsc7c7sccc7c6nc45)cc3C)s2)s1,15,1,Cc1csc(-c2c3nsnc3c(-c3cc(C)c(-c4ccc(-c5cccs5)s4)s3)c3nc4c5ccsc5c5sccc5c4nc23)c1,Cc1cc(-c2c3nsnc3c(-c3cc(C)[cH:2]s3)c3nc4c5ccsc5c5sccc5c4nc23)sc1-c1ccc(-c2cc[cH:1]s2)s1,15,15,True,ok
*c1ccc(-c2c(F)c(F)c(-c3ccc(-c4cc5c6c(c(*)cc7c6c4C(=O)N(C)C7=O)C(=O)N(C)C5=O)o3)c(F)c2F)o1,15,1,CN1C(=O)c2ccc3c4c(c(-c5ccc(-c6c(F)c(F)c(-c7ccco7)c(F)c6F)o5)cc(c24)C1=O)C(=O)N(C)C3=O,CN1C(=O)c2c[cH:2]c3c4c(cc(-c5ccc(-c6c(F)c(F)c(-c7cc[cH:1]o7)c(F)c6F)o5)c(c24)C1=O)C(=O)N(C)C3=O,15,15,True,ok
*c1ccc(-c2cc3c4c(c(*)cc5c4c2C(=O)N(C)C5=O)C(=O)N(C)C3=O)s1,8,2,CN1C(=O)c2ccc3c4c(c(-c5ccc(-c6cc7c8c(c(-c9cccs9)cc9c8c6C(=O)N(C)C9=O)C(=O)N(C)C7=O)s5)cc(c24)C1=O)C(=O)N(C)C3=O,CN1C(=O)c2cc(-c3cc[cH:1]s3)c3c4c(cc(-c5ccc(-c6cc7c8c([cH:2]cc9c8c6C(=O)N(C)C9=O)C(=O)N(C)C7=O)s5)c(c24)C1=O)C(=O)N(C)C3=O,17,17,True,ok
*c1ccc(-c2ccc(-c3ccc(-c4cc5c6c(c(*)cc7c6c4C(=O)N(C)C7=O)C(=O)N(C)C5=O)s3)s2)s1,14,1,CN1C(=O)c2ccc3c4c(c(-c5ccc(-c6ccc(-c7cccs7)s6)s5)cc(c24)C1=O)C(=O)N(C)C3=O,CN1C(=O)c2c[cH:2]c3c4c(cc(-c5ccc(-c6ccc(-c7cc[cH:1]s7)s6)s5)c(c24)C1=O)C(=O)N(C)C3=O,14,14,True,ok
*c1ccc(-c2ccc(-c3ccc(-c4cc5c6c(c(-c7ccc(*)s7)cc7c6c4C(=O)N(C)C7=O)C(=O)N(C)C5=O)s3)s2)s1,17,1,CN1C(=O)c2cc(-c3ccc(-c4ccc(-c5cccs5)s4)s3)c3c4c(cc(-c5cccs5)c(c24)C1=O)C(=O)N(C)C3=O,CN1C(=O)c2cc(-c3cc[cH:2]s3)c3c4c(cc(-c5ccc(-c6ccc(-c7cc[cH:1]s7)s6)s5)c(c24)C1=O)C(=O)N(C)C3=O,17,17,True,ok
*c1cc(C)c(-c2sc(-c3cc4c5c(c(*)cc6c5c3C(=O)N(C)C6=O)C(=O)N(C)C4=O)cc2C)s1,11,2,Cc1ccsc1-c1sc(-c2cc3c4c(c(-c5cc(C)c(-c6sc(-c7cc8c9c(ccc%10c9c7C(=O)N(C)C%10=O)C(=O)N(C)C8=O)cc6C)s5)cc5c4c2C(=O)N(C)C5=O)C(=O)N(C)C3=O)cc1C,Cc1cc(-c2cc3c4c(c(-c5cc(C)c(-c6s[cH:1]cc6C)s5)cc5c4c2C(=O)N(C)C5=O)C(=O)N(C)C3=O)sc1-c1sc(-c2cc3c4c([cH:2]cc5c4c2C(=O)N(C)C5=O)C(=O)N(C)C3=O)cc1C,23,23,True,ok
*c1ccc(C2=C3C(=O)N(C)C(c4ccc(-c5sc(-c6ccc(-c7cc(C)c(*)s7)cc6)cc5C)s4)=C3C(=O)N2C)s1,19,1,Cc1csc(-c2ccc(-c3cc(C)c(-c4ccc(C5=C6C(=O)N(C)C(c7cccs7)=C6C(=O)N5C)s4)s3)cc2)c1,Cc1cc(-c2ccc(-c3cc(C)[cH:2]s3)cc2)sc1-c1ccc(C2=C3C(=O)N(C)C(c4cc[cH:1]s4)=C3C(=O)N2C)s1,19,19,True,ok
*c1ccc(C2=C3C(=O)N(C)C(c4ccc(-c5sc(-c6cc(OC)c(-c7cc(C)c(*)s7)cc6OC)cc5C)s4)=C3C(=O)N2C)s1,19,1,COc1cc(-c2cc(C)c(-c3ccc(C4=C5C(=O)N(C)C(c6cccs6)=C5C(=O)N4C)s3)s2)c(OC)cc1-c1cc(C)cs1,COc1cc(-c2cc(C)[cH:2]s2)c(OC)cc1-c1cc(C)c(-c2ccc(C3=C4C(=O)N(C)C(c5cc[cH:1]s5)=C4C(=O)N3C)s2)s1,19,19,True,ok
*c1ccc(-c2cc3sc(C4=C5C(=O)N(C)C(c6cc7sc(*)cc7s6)=C5C(=O)N4C)cc3s2)s1,16,1,CN1C(=O)C2=C(c3cc4sc(-c5cccs5)cc4s3)N(C)C(=O)C2=C1c1cc2sccc2s1,CN1C(=O)C2=C(c3cc4s[cH:2]cc4s3)N(C)C(=O)C2=C1c1cc2sc(-c3cc[cH:1]s3)cc2s1,16,16,True,ok
*c1cc(C)c(-c2sc(-c3cc4cc5cc6sc(*)cc6cc5cc4s3)cc2C)s1,14,1,Cc1ccsc1-c1sc(-c2cc3cc4cc5sccc5cc4cc3s2)cc1C,Cc1cc(-c2cc3cc4cc5s[cH:2]cc5cc4cc3s2)sc1-c1s[cH:1]cc1C,14,14,True,ok
*c1cc(C)c(-c2sc(-c3cc4cc5cc6cc(*)sc6cc5cc4s3)cc2C)s1,14,1,Cc1ccsc1-c1sc(-c2cc3cc4cc5ccsc5cc4cc3s2)cc1C,Cc1cc(-c2cc3cc4cc5c[cH:2]sc5cc4cc3s2)sc1-c1s[cH:1]cc1C,14,14,True,ok
*c1cc(C)c(-c2sc(-c3cc4ccc5c(ccc6cc(*)sc65)c4s3)cc2C)s1,13,1,Cc1ccsc1-c1sc(-c2cc3ccc4c(ccc5ccsc54)c3s2)cc1C,Cc1cc(-c2cc3ccc4c(ccc5c[cH:2]sc54)c3s2)sc1-c1s[cH:1]cc1C,13,13,True,ok
*C#Cc1sc(C#Cc2c3nsnc3c(*)c3nc(-c4ccc(C)cc4)c(-c4ccc(C)cc4)nc23)c(C)c1C,10,2,C#Cc1sc(C#Cc2c3nsnc3c(C#Cc3sc(C#Cc4c5nsnc5cc5nc(-c6ccc(C)cc6)c(-c6ccc(C)cc6)nc45)c(C)c3C)c3nc(-c4ccc(C)cc4)c(-c4ccc(C)cc4)nc23)c(C)c1C,Cc1ccc(-c2nc3c(C#Cc4sc(C#Cc5c6nsnc6[cH:2]c6nc(-c7ccc(C)cc7)c(-c7ccc(C)cc7)nc56)c(C)c4C)c4nsnc4c(C#Cc4sc(C#[CH:1])c(C)c4C)c3nc2-c2ccc(C)cc2)cc1,21,21,True,ok
*c1cc2c(s1)-c1sc(-c3ncc(*)c4nsnc34)cc1C2(C)C,9,2,CC1(C)c2cc(-c3nccc4nsnc34)sc2-c2sc(-c3cnc(-c4cc5c(s4)-c4sccc4C5(C)C)c4nsnc34)cc21,CC1(C)c2cc(-c3cnc(-c4cc5c(s4)-c4s[cH:1]cc4C5(C)C)c4nsnc34)sc2-c2sc(-c3nc[cH:2]c4nsnc34)cc21,19,19,True,ok
*c1cc2c(s1)c1sc(-c3ccc(*)c4nsnc34)cc1c1c(C)sc(C)c21,9,2,Cc1sc(C)c2c3cc(-c4ccc(-c5cc6c(s5)c5sc(-c7cccc8nsnc78)cc5c5c(C)sc(C)c65)c5nsnc45)sc3c3sccc3c12,Cc1sc(C)c2c3cc(-c4cc[cH:2]c5nsnc45)sc3c3sc(-c4ccc(-c5cc6c(s5)c5s[cH:1]cc5c5c(C)sc(C)c65)c5nsnc45)cc3c12,19,19,True,ok
*c1ccc(-c2ccc(-c3ccc4c(c3F)N(C)C(=O)/C4=C3/C(=O)N(C)c4c3ccc(*)c4F)s2)s1,15,1,CN1C(=O)/C(=C2/C(=O)N(C)c3c2ccc(-c2ccc(-c4cccs4)s2)c3F)c2cccc(F)c21,CN1C(=O)/C(=C2/C(=O)N(C)c3c2cc[cH:2]c3F)c2ccc(-c3ccc(-c4cc[cH:1]s4)s3)c(F)c21,15,15,True,ok
*c1cc2c3c4c(c5sc(-c6sc(-c7cc(C)c(*)s7)cc6C)cc5c5c4c(c2s1)C(=O)N(C)C5=O)C(=O)N(C)C3=O,14,1,Cc1csc(-c2cc(C)c(-c3cc4c5c6c(c7sccc7c7c6c(c4s3)C(=O)N(C)C7=O)C(=O)N(C)C5=O)s2)c1,Cc1cc(-c2cc(C)[cH:2]s2)sc1-c1cc2c3c4c(c5s[cH:1]cc5c5c4c(c2s1)C(=O)N(C)C5=O)C(=O)N(C)C3=O,14,14,True,ok
*/C=C/c1ccc2c(c1)N(C)C(=O)/C2=C1/C(=O)Oc2cc3c(cc21)OC(=O)/C3=C1/C(=O)N(C)c2cc(*)ccc21,17,1,C=Cc1ccc2c(c1)N(C)C(=O)/C2=C1/C(=O)Oc2cc3c(cc21)OC(=O)/C3=C1/C(=O)N(C)c2ccccc21,CN1C(=O)/C(=C2/C(=O)Oc3cc4c(cc32)OC(=O)/C4=C2/C(=O)N(C)c3c[cH:2]ccc32)c2ccc(C=[CH2:1])cc21,17,17,True,ok
*/C=C/c1ccc2c(c1F)N(C)C(=O)/C2=C1/C(=O)Oc2cc3c(cc21)OC(=O)/C3=C1/C(=O)N(C)c2c1ccc(*)c2F,17,1,C=Cc1ccc2c(c1F)N(C)C(=O)/C2=C1/C(=O)Oc2cc3c(cc21)OC(=O)/C3=C1/C(=O)N(C)c2c(F)cccc21,CN1C(=O)/C(=C2/C(=O)Oc3cc4c(cc32)OC(=O)/C4=C2/C(=O)N(C)c3c2cc[cH:2]c3F)c2ccc(C=[CH2:1])c(F)c21,17,17,True,ok
*c1ccc(/C=C/c2ccc(-c3sc4c(C)c(*)sc4c3C)s2)s1,12,2,Cc1csc2c(C)c(-c3ccc(/C=C/c4ccc(-c5sc6c(C)c(-c7ccc(/C=C/c8cccs8)s7)sc6c5C)s4)s3)sc12,Cc1c(-c2ccc(/C=C/c3ccc(-c4sc5c(C)[cH:2]sc5c4C)s3)s2)sc2c(C)c(-c3ccc(/C=C/c4cc[cH:1]s4)s3)sc12,25,25,True,ok
*c1cc2sc(-c3sc(/C=C/c4cc(C)c(*)s4)cc3C)cc2s1,12,2,Cc1csc(/C=C/c2cc(C)c(-c3cc4sc(-c5sc(/C=C/c6cc(C)c(-c7cc8sccc8s7)s6)cc5C)cc4s3)s2)c1,Cc1cc(/C=C/c2cc(C)c(-c3cc4s[cH:1]cc4s3)s2)sc1-c1cc2sc(-c3sc(/C=C/c4cc(C)[cH:2]s4)cc3C)cc2s1,25,25,True,ok
*c1cc(C)c(-c2ccc(-c3c(=O)n4c5ccccc5c5c(-c6ccc(-c7sc(-c8cc9c(OC)c%10sc(*)cc%10c(OC)c9s8)cc7C)s6)c(=O)n6c7ccccc7c3c6c54)s2)s1,24,1,COc1c2cc(-c3cc(C)c(-c4ccc(-c5c(=O)n6c7ccccc7c7c(-c8ccc(-c9sccc9C)s8)c(=O)n8c9ccccc9c5c8c76)s4)s3)sc2c(OC)c2ccsc12,COc1c2c[cH:2]sc2c(OC)c2cc(-c3cc(C)c(-c4ccc(-c5c(=O)n6c7ccccc7c7c(-c8ccc(-c9s[cH:1]cc9C)s8)c(=O)n8c9ccccc9c5c8c76)s4)s3)sc12,24,24,True,ok
*c1cc2sc(C3=C4C(=O)N(C)C(c5cc6sc(-c7ccc(*)[se]7)cc6s5)=C4C(=O)N3C)cc2s1,16,1,CN1C(=O)C2=C(c3cc4sc(-c5ccc[se]5)cc4s3)N(C)C(=O)C2=C1c1cc2sccc2s1,CN1C(=O)C2=C(c3cc4s[cH:1]cc4s3)N(C)C(=O)C2=C1c1cc2sc(-c3cc[cH:2][se]3)cc2s1,16,16,True,ok
*c1cc(C)c(-c2ccc3c(c2)c(=O)c2cc4c(cc23)c(=O)c2cc(-c3sc(-c5sc(-c6cc(C)c(*)s6)cc5C)cc3C)ccc24)s1,22,1,Cc1csc(-c2cc(C)c(-c3cc(C)c(-c4ccc5c(c4)c(=O)c4cc6c(cc45)c(=O)c4cc(-c5sccc5C)ccc46)s3)s2)c1,Cc1cc(-c2sc(-c3cc(C)[cH:2]s3)cc2C)sc1-c1ccc2c(c1)c(=O)c1cc3c(cc12)c(=O)c1cc(-c2s[cH:1]cc2C)ccc13,22,22,True,ok
*c1ccc(-c2ccc(-c3sc4c(sc5c(C)c(*)sc54)c3C)s2)s1,11,2,Cc1csc2c1sc1c(C)c(-c3ccc(-c4ccc(-c5sc6c(sc7c(C)c(-c8ccc(-c9cccs9)s8)sc76)c5C)s4)s3)sc12,Cc1c(-c2ccc(-c3ccc(-c4sc5c(sc6c(C)[cH:2]sc65)c4C)s3)s2)sc2c1sc1c(C)c(-c3ccc(-c4cc[cH:1]s4)s3)sc12,23,23,True,ok
*c1ccc(-c2ccc(-c3sc4c(sc5c6sc(*)c(C)c6sc45)c3C)s2)s1,13,1,Cc1csc2c1sc1c3sc(-c4ccc(-c5cccs5)s4)c(C)c3sc21,Cc1c(-c2ccc(-c3cc[cH:1]s3)s2)sc2c1sc1c3s[cH:2]c(C)c3sc21,13,13,True,ok
*c1cc2c(=O)n(C)c(=O)c3c4sc(*)c(C#N)c4sc3c2s1,7,2,Cn1c(=O)c2cc(-c3sc4c(sc5c6sccc6c(=O)n(C)c(=O)c45)c3C#N)sc2c2sc3c(C#N)csc3c2c1=O,Cn1c(=O)c2c[cH:1]sc2c2sc3c(C#N)c(-c4cc5c(=O)n(C)c(=O)c6c7s[cH:2]c(C#N)c7sc6c5s4)sc3c2c1=O,15,15,True,ok
*c1sc2c(sc3c4sc5c(C#N)c(*)sc5c4c(=O)n(C)c(=O)c23)c1C#N,9,2,Cn1c(=O)c2c3scc(C#N)c3sc2c2sc3c(C#N)c(-c4sc5c(sc6c7sc8c(C#N)csc8c7c(=O)n(C)c(=O)c56)c4C#N)sc3c2c1=O,Cn1c(=O)c2c3sc(-c4sc5c(sc6c7sc8c(C#N)[cH:2]sc8c7c(=O)n(C)c(=O)c56)c4C#N)c(C#N)c3sc2c2sc3c(C#N)[cH:1]sc3c2c1=O,19,19,True,ok
*c1cc2c(=O)n(C)c(=O)c3cc(-c4sc5c(c4C#N)c(=O)n(C)c(=O)c4c(C#N)c(*)sc45)sc3c2s1,11,2,Cn1c(=O)c2ccsc2c2sc(-c3sc4c(c3C#N)c(=O)n(C)c(=O)c3c(C#N)c(-c5cc6c(=O)n(C)c(=O)c7cc(-c8sc9c(c8C#N)c(=O)n(C)c(=O)c8c(C#N)csc89)sc7c6s5)sc34)cc2c1=O,Cn1c(=O)c2cc(-c3sc4c(c3C#N)c(=O)n(C)c(=O)c3c(C#N)c(-c5cc6c(=O)n(C)c(=O)c7c[cH:1]sc7c6s5)sc34)sc2c2sc(-c3sc4c(c3C#N)c(=O)n(C)c(=O)c3c(C#N)[cH:2]sc34)cc2c1=O,23,23,True,ok
*c1ccc(C2=C3C(=O)N(C)C(c4ccc(C5=C6C(=O)N(C)C(c7ccc(-c8sc(*)c(F)c8F)s7)=C6C(=O)N5C)cc4)=C3C(=O)N2C)s1,20,1,CN1C(=O)C2=C(c3cccs3)N(C)C(=O)C2=C1c1ccc(C2=C3C(=O)N(C)C(c4ccc(-c5scc(F)c5F)s4)=C3C(=O)N2C)cc1,CN1C(=O)C2=C(c3ccc(-c4s[cH:2]c(F)c4F)s3)N(C)C(=O)C2=C1c1ccc(C2=C3C(=O)N(C)C(c4cc[cH:1]s4)=C3C(=O)N2C)cc1,20,20,True,ok
*c1ccc(C2=C3C(=O)N(C)C(c4ccc(C5=C6C(=O)N(C)C(c7ccc(-c8sc(*)c(F)c8F)s7)=C6C(=O)N5C)s4)=C3C(=O)N2C)s1,19,1,CN1C(=O)C2=C(c3ccc(C4=C5C(=O)N(C)C(c6ccc(-c7scc(F)c7F)s6)=C5C(=O)N4C)s3)N(C)C(=O)C2=C1c1cccs1,CN1C(=O)C2=C(c3ccc(-c4s[cH:2]c(F)c4F)s3)N(C)C(=O)C2=C1c1ccc(C2=C3C(=O)N(C)C(c4cc[cH:1]s4)=C3C(=O)N2C)s1,19,19,True,ok
*c1cc2c([se]1)-c1cc3c(cc1C2(C)C)-c1[se]c(-c2ccc(*)c4nsnc24)cc1C3(C)C,13,1,CC1(C)c2cc3c(cc2-c2[se]ccc21)C(C)(C)c1cc(-c2cccc4nsnc24)[se]c1-3,CC1(C)c2cc3c(cc2-c2[se]c(-c4cc[cH:2]c5nsnc45)cc21)C(C)(C)c1c[cH:1][se]c1-3,13,13,True,ok
*c1ccc(/C=c2\nc(OC)/c(=C/c3ccc(*)s3)nc2OC)s1,11,2,COc1n/c(=C\c2ccc(-c3ccc(/C=c4\nc(OC)/c(=C/c5cccs5)nc4OC)s3)s2)c(OC)n/c1=C\c1cccs1,COc1n/c(=C\c2cc[cH:1]s2)c(OC)n/c1=C\c1ccc(-c2ccc(/C=c3\nc(OC)/c(=C/c4cc[cH:2]s4)nc3OC)s2)s1,23,23,True,ok
*c1ccc(/C=c2\nc(OC)/c(=C/c3ccc(-c4ccc(*)s4)s3)nc2OC)s1,14,1,COc1n/c(=C\c2ccc(-c3cccs3)s2)c(OC)n/c1=C\c1cccs1,COc1n/c(=C\c2cc[cH:1]s2)c(OC)n/c1=C\c1ccc(-c2cc[cH:2]s2)s1,14,14,True,ok
*c1cc2c(s1)-c1sc(-c3ccc(*)c(F)c3F)cc1C2(C)C,9,2,CC1(C)c2ccsc2-c2sc(-c3ccc(-c4cc5c(s4)-c4sc(-c6cccc(F)c6F)cc4C5(C)C)c(F)c3F)cc21,CC1(C)c2cc(-c3ccc(-c4cc5c(s4)-c4s[cH:1]cc4C5(C)C)c(F)c3F)sc2-c2sc(-c3cc[cH:2]c(F)c3F)cc21,19,19,True,ok
*c1cc2c(s1)-c1sc(-c3cc(F)c(*)cc3F)cc1C2(C)C,9,2,CC1(C)c2ccsc2-c2sc(-c3cc(F)c(-c4cc5c(s4)-c4sc(-c6cc(F)ccc6F)cc4C5(C)C)cc3F)cc21,CC1(C)c2cc(-c3cc(F)c(-c4cc5c(s4)-c4s[cH:1]cc4C5(C)C)cc3F)sc2-c2sc(-c3cc(F)[cH:2]cc3F)cc21,19,19,True,ok
*c1cc2c(=O)n(C)c(=O)c3c(sc4c3sc3c5sc(*)cc5c(=O)n(C)c(=O)c34)c2s1,10,2,Cn1c(=O)c2ccsc2c2sc3c(sc4c5sc(-c6cc7c(=O)n(C)c(=O)c8c(sc9c8sc8c%10sccc%10c(=O)n(C)c(=O)c89)c7s6)cc5c(=O)n(C)c(=O)c43)c2c1=O,Cn1c(=O)c2cc(-c3cc4c(=O)n(C)c(=O)c5c(sc6c5sc5c7s[cH:2]cc7c(=O)n(C)c(=O)c56)c4s3)sc2c2sc3c(sc4c5s[cH:1]cc5c(=O)n(C)c(=O)c43)c2c1=O,21,21,True,ok
*c1cc2c(=O)n(C)c(=O)c3c(sc4c3sc3c5sc6c(sc7c8sc(*)cc8c(=O)n(C)c(=O)c76)c5c(=O)n(C)c(=O)c43)c2s1,15,1,Cn1c(=O)c2ccsc2c2sc3c(sc4c5sc6c(sc7c8sccc8c(=O)n(C)c(=O)c76)c5c(=O)n(C)c(=O)c34)c2c1=O,Cn1c(=O)c2c[cH:1]sc2c2sc3c(sc4c5sc6c(sc7c8s[cH:2]cc8c(=O)n(C)c(=O)c76)c5c(=O)n(C)c(=O)c34)c2c1=O,15,15,True,ok
*c1cc2c(=O)n(C)c(=O)c3c(sc4c3sc3c5sc6c(sc7c8sc9c(sc%10c%11sc(*)cc%11c(=O)n(C)c(=O)c%109)c8c(=O)n(C)c(=O)c76)c5c(=O)n(C)c(=O)c43)c2s1,20,1,Cn1c(=O)c2ccsc2c2sc3c(sc4c5sc6c(sc7c8sc9c(sc%10c%11sccc%11c(=O)n(C)c(=O)c%109)c8c(=O)n(C)c(=O)c76)c5c(=O)n(C)c(=O)c34)c2c1=O,Cn1c(=O)c2c[cH:1]sc2c2sc3c(sc4c5sc6c(sc7c8sc9c(sc%10c%11s[cH:2]cc%11c(=O)n(C)c(=O)c%109)c8c(=O)n(C)c(=O)c76)c5c(=O)n(C)c(=O)c34)c2c1=O,20,20,True,ok
*c1cc2c3c(c(-c4sc(-c5ccc(/C=C/c6ccc(-c7cc(C)c(*)s7)c7nsnc67)c6nsnc56)cc4C)cc4c3c1C(=O)N(C)C4=O)C(=O)N(C)C2=O,21,1,Cc1csc(-c2ccc(/C=C/c3ccc(-c4cc(C)c(-c5cc6c7c(ccc8c7c5C(=O)N(C)C8=O)C(=O)N(C)C6=O)s4)c4nsnc34)c3nsnc23)c1,Cc1cc(-c2ccc(/C=C/c3ccc(-c4cc(C)[cH:2]s4)c4nsnc34)c3nsnc23)sc1-c1cc2c3c([cH:1]cc4c3c1C(=O)N(C)C4=O)C(=O)N(C)C2=O,21,21,True,ok
*c1cc2c3c(c(-c4sc(-c5cc(F)c(/C=C/c6c(F)cc(-c7cc(C)c(*)s7)c7nsnc67)c6nsnc56)cc4C)cc4c3c1C(=O)N(C)C4=O)C(=O)N(C)C2=O,21,1,Cc1csc(-c2cc(F)c(/C=C/c3c(F)cc(-c4cc(C)c(-c5cc6c7c(ccc8c7c5C(=O)N(C)C8=O)C(=O)N(C)C6=O)s4)c4nsnc34)c3nsnc23)c1,Cc1cc(-c2cc(F)c(/C=C/c3c(F)cc(-c4cc(C)[cH:2]s4)c4nsnc34)c3nsnc23)sc1-c1cc2c3c([cH:1]cc4c3c1C(=O)N(C)C4=O)C(=O)N(C)C2=O,21,21,True,ok
*/C=C/c1cc2c3c(c(/C=C/c4sc(-c5cc(F)c(/C=C/c6c(F)cc(-c7cc(C)c(*)s7)c7nsnc67)c6nsnc56)cc4C)cc4c3c1C(=O)N(C)C4=O)C(=O)N(C)C2=O,25,1,C=Cc1cc2c3c(c(/C=C/c4sc(-c5cc(F)c(/C=C/c6c(F)cc(-c7cc(C)cs7)c7nsnc67)c6nsnc56)cc4C)cc4c3c1C(=O)N(C)C4=O)C(=O)N(C)C2=O,Cc1cc(-c2cc(F)c(/C=C/c3c(F)cc(-c4cc(C)[cH:2]s4)c4nsnc34)c3nsnc23)sc1/C=C/c1cc2c3c(c(C=[CH2:1])cc4c3c1C(=O)N(C)C4=O)C(=O)N(C)C2=O,25,25,True,ok
*/C=C/c1cc2c3c(c(/C=C/c4ccc(-c5c6c(c(-c7ccc(*)s7)c7nn(C)nc57)N=S=N6)s4)cc4c3c1C(=O)N(C)C4=O)C(=O)N(C)C2=O,19,1,C=Cc1cc2c3c(c(/C=C/c4ccc(-c5c6c(c(-c7cccs7)c7nn(C)nc57)N=S=N6)s4)cc4c3c1C(=O)N(C)C4=O)C(=O)N(C)C2=O,CN1C(=O)c2cc(/C=C/c3ccc(-c4c5c(c(-c6cc[cH:2]s6)c6nn(C)nc46)N=S=N5)s3)c3c4c(cc(C=[CH2:1])c(c24)C1=O)C(=O)N(C)C3=O,19,19,True,ok
*c1ccc(C2=C3C(=O)N(C)C(c4ccc(-c5cc(C#N)c(-c6sc(*)cc6C#N)s5)s4)=C3C(=O)N2C)s1,15,1,CN1C(=O)C2=C(c3ccc(-c4cc(C#N)c(-c5sccc5C#N)s4)s3)N(C)C(=O)C2=C1c1cccs1,CN1C(=O)C2=C(c3cc[cH:1]s3)N(C)C(=O)C2=C1c1ccc(-c2cc(C#N)c(-c3s[cH:2]cc3C#N)s2)s1,15,15,True,ok
*c1cc(C)c(-c2sc(-c3sc(*)cc3C)c3nccnc23)s1,8,2,Cc1ccsc1-c1sc(-c2sc(-c3cc(C)c(-c4sc(-c5sccc5C)c5nccnc45)s3)cc2C)c2nccnc12,Cc1cc(-c2cc(C)c(-c3sc(-c4s[cH:2]cc4C)c4nccnc34)s2)sc1-c1sc(-c2s[cH:1]cc2C)c2nccnc12,17,17,True,ok
*c1cc(C)c(-c2sc(-c3sc(-c4cc(OC)c(*)cc4OC)cc3C)c3nccnc23)s1,12,2,COc1ccc(OC)c(-c2cc(C)c(-c3sc(-c4sc(-c5cc(OC)c(-c6cc(C)c(-c7sc(-c8sccc8C)c8nccnc78)s6)cc5OC)cc4C)c4nccnc34)s2)c1,COc1cc(-c2cc(C)c(-c3sc(-c4s[cH:1]cc4C)c4nccnc34)s2)c(OC)cc1-c1cc(C)c(-c2sc(-c3sc(-c4cc(OC)[cH:2]cc4OC)cc3C)c3nccnc23)s1,25,25,True,ok
*c1ccc2c(c1)Sc1cc(-c3cc4c5c(ccc6c7c(*)cc8c9c(ccc(c3c56)c97)C(=O)N(C)C8=O)C(=O)N(C)C4=O)ccc1N2C,12,2,CN1C(=O)c2ccc3c4ccc5c6c(cc(-c7ccc8c(c7)Sc7cc(-c9cc%10c%11c(ccc%12c%13c(-c%14ccc%15c(c%14)Sc%14ccccc%14N%15C)cc%14c%15c(ccc(c9c%11%12)c%15%13)C(=O)N(C)C%14=O)C(=O)N(C)C%10=O)ccc7N8C)c(c7ccc(c2c37)C1=O)c64)C(=O)N(C)C5=O,CN1C(=O)c2ccc3c4c(-c5ccc6c(c5)Sc5c[cH:1]ccc5N6C)cc5c6c(ccc(c7c(-c8ccc9c(c8)Sc8cc(-c%10cc%11c%12c(ccc%13c%12c%10c%10ccc%12c%14c(c[cH:2]c%13c%14%10)C(=O)N(C)C%12=O)C(=O)N(C)C%11=O)ccc8N9C)cc(c2c37)C1=O)c64)C(=O)N(C)C5=O,25,25,True,ok
*c1ccc(C2=C3C(=O)N(C)C(c4ccc(-c5cc(C)c(-c6nc7cc8sc(-c9sc(*)cc9C)nc8cc7s6)s5)s4)=C3C(=O)N2C)s1,22,1,Cc1ccsc1-c1nc2cc3sc(-c4sc(-c5ccc(C6=C7C(=O)N(C)C(c8cccs8)=C7C(=O)N6C)s5)cc4C)nc3cc2s1,Cc1cc(-c2ccc(C3=C4C(=O)N(C)C(c5cc[cH:1]s5)=C4C(=O)N3C)s2)sc1-c1nc2cc3sc(-c4s[cH:2]cc4C)nc3cc2s1,22,22,True,ok
*c1ccc(C2=C3C(=O)N(C)C(c4ccc(-c5cc(C)c(-c6nc7sc(-c8sc(*)cc8C)nc7s6)s5)s4)=C3C(=O)N2C)s1,20,1,Cc1ccsc1-c1nc2sc(-c3sc(-c4ccc(C5=C6C(=O)N(C)C(c7cccs7)=C6C(=O)N5C)s4)cc3C)nc2s1,Cc1cc(-c2ccc(C3=C4C(=O)N(C)C(c5cc[cH:1]s5)=C4C(=O)N3C)s2)sc1-c1nc2sc(-c3s[cH:2]cc3C)nc2s1,20,20,True,ok
*c1cc2cc3c4cc5cc(-c6sc(*)c7c6C(=O)N(C)C7=O)sc5cc4n(C)c3cc2s1,12,2,CN1C(=O)c2csc(-c3cc4cc5c6cc7cc(-c8sc(-c9cc%10cc%11c%12cc%13ccsc%13cc%12n(C)c%11cc%10s9)c9c8C(=O)N(C)C9=O)sc7cc6n(C)c5cc4s3)c2C1=O,CN1C(=O)c2c(-c3cc4cc5c6cc7cc(-c8s[cH:2]c9c8C(=O)N(C)C9=O)sc7cc6n(C)c5cc4s3)sc(-c3cc4cc5c6cc7c[cH:1]sc7cc6n(C)c5cc4s3)c2C1=O,25,25,True,ok
*c1cc2cc3c(cc2s1)c1cc2sc(-c4sc(*)c5c4C(=O)N(C)C5=O)cc2cc1n3C,12,2,CN1C(=O)c2csc(-c3cc4cc5c(cc4s3)c3cc4sc(-c6sc(-c7cc8cc9c(cc8s7)c7cc8sccc8cc7n9C)c7c6C(=O)N(C)C7=O)cc4cc3n5C)c2C1=O,CN1C(=O)c2c(-c3cc4cc5c(cc4s3)c3cc4sc(-c6s[cH:2]c7c6C(=O)N(C)C7=O)cc4cc3n5C)sc(-c3cc4cc5c(cc4s3)c3cc4s[cH:1]cc4cc3n5C)c2C1=O,25,25,True,ok
*c1ccc2c(c1)N(C)C(=O)/C2=C1/C(=O)N(C)c2cc(-c3cc4cc5c6cc7cc(*)sc7cc6n(C)c5cc4s3)ccc21,19,1,CN1C(=O)/C(=C2/C(=O)N(C)c3cc(-c4cc5cc6c7cc8ccsc8cc7n(C)c6cc5s4)ccc32)c2ccccc21,CN1C(=O)/C(=C2/C(=O)N(C)c3c[cH:1]ccc32)c2ccc(-c3cc4cc5c6cc7c[cH:2]sc7cc6n(C)c5cc4s3)cc21,19,19,True,ok
*c1ccc2c(c1)N(C)C(=O)/C2=C1/C(=O)N(C)c2cc(-c3cc4cc5c(cc4s3)c3cc4sc(*)cc4cc3n5C)ccc21,19,1,CN1C(=O)/C(=C2/C(=O)N(C)c3cc(-c4cc5cc6c(cc5s4)c4cc5sccc5cc4n6C)ccc32)c2ccccc21,CN1C(=O)/C(=C2/C(=O)N(C)c3c[cH:1]ccc32)c2ccc(-c3cc4cc5c(cc4s3)c3cc4s[cH:2]cc4cc3n5C)cc21,19,19,True,ok
*c1ccc(C2=C3C(=O)N(C)C(c4ccc(-c5cc6cc7c8cc9cc(*)sc9cc8n(C)c7cc6s5)s4)=C3C(=O)N2C)s1,19,1,CN1C(=O)C2=C(c3ccc(-c4cc5cc6c7cc8ccsc8cc7n(C)c6cc5s4)s3)N(C)C(=O)C2=C1c1cccs1,CN1C(=O)C2=C(c3cc[cH:1]s3)N(C)C(=O)C2=C1c1ccc(-c2cc3cc4c5cc6c[cH:2]sc6cc5n(C)c4cc3s2)s1,19,19,True,ok
*c1cc2c(C)c(C)c3c(sc4c3sc3c5sc(-c6ccc(*)c7nsnc67)cc5c(C)c(C)c34)c2s1,14,1,Cc1c(C)c2c(sc3c2sc2c4sc(-c5cccc6nsnc56)cc4c(C)c(C)c23)c2sccc12,Cc1c(C)c2c(sc3c2sc2c4s[cH:1]cc4c(C)c(C)c23)c2sc(-c3cc[cH:2]c4nsnc34)cc12,14,14,True,ok
*c1ccc(-c2cc3c(C)c(C)c4c(sc5c4sc4c6sc(*)cc6c(C)c(C)c45)c3s2)s1,13,1,Cc1c(C)c2c(sc3c2sc2c4sc(-c5cccs5)cc4c(C)c(C)c23)c2sccc12,Cc1c(C)c2c(sc3c2sc2c4s[cH:2]cc4c(C)c(C)c23)c2sc(-c3cc[cH:1]s3)cc12,13,13,True,ok
*c1cc2sc(-c3cc4c(C)c(C)c5c(sc6c5sc5c7sc(*)cc7c(C)c(C)c56)c4s3)cc2s1,15,1,Cc1c(C)c2c(sc3c2sc2c4sc(-c5cc6sccc6s5)cc4c(C)c(C)c23)c2sccc12,Cc1c(C)c2c(sc3c2sc2c4s[cH:2]cc4c(C)c(C)c23)c2sc(-c3cc4s[cH:1]cc4s3)cc12,15,15,True,ok
*c1ccc(C2=C3C(=C(c4ccc(-c5cc6c(s5)-c5sc(*)cc5[Si]6(C)C)s4)C(=O)N3C)N(C)C2=O)s1,15,1,CN1C(=O)C(c2ccc(-c3cc4c(s3)-c3sccc3[Si]4(C)C)s2)=C2C1=C(c1cccs1)C(=O)N2C,CN1C(=O)C(c2cc[cH:1]s2)=C2C1=C(c1ccc(-c3cc4c(s3)-c3s[cH:2]cc3[Si]4(C)C)s1)C(=O)N2C,15,15,True,ok
*c1ccc(C2=C3C(=C(c4ccc(-c5cc(C)c(-c6ccc(-c7ccc(-c8sc(*)cc8C)s7)s6)s5)s4)C(=O)N3C)N(C)C2=O)s1,21,1,Cc1ccsc1-c1ccc(-c2ccc(-c3sc(-c4ccc(C5=C6C(=C(c7cccs7)C(=O)N6C)N(C)C5=O)s4)cc3C)s2)s1,Cc1cc(-c2ccc(C3=C4C(=C(c5cc[cH:1]s5)C(=O)N4C)N(C)C3=O)s2)sc1-c1ccc(-c2ccc(-c3s[cH:2]cc3C)s2)s1,21,21,True,ok
*c1ccc(C2=C3C(=C(c4ccc(-c5cc6c(C)c7sc(*)cc7c(C)c6s5)s4)C(=O)N3C)N(C)C2=O)s1,16,1,Cc1c2cc(-c3ccc(C4=C5C(=C(c6cccs6)C(=O)N5C)N(C)C4=O)s3)sc2c(C)c2ccsc12,Cc1c2c[cH:2]sc2c(C)c2cc(-c3ccc(C4=C5C(=C(c6cc[cH:1]s6)C(=O)N5C)N(C)C4=O)s3)sc12,16,16,True,ok
*c1ccc(C2=C3C(=C(c4ccc(-c5cc6c(OC)c7sc(*)cc7c(OC)c6s5)s4)C(=O)N3C)N(C)C2=O)s1,16,1,COc1c2cc(-c3ccc(C4=C5C(=C(c6cccs6)C(=O)N5C)N(C)C4=O)s3)sc2c(OC)c2ccsc12,COc1c2c[cH:2]sc2c(OC)c2cc(-c3ccc(C4=C5C(=C(c6cc[cH:1]s6)C(=O)N5C)N(C)C4=O)s3)sc12,16,16,True,ok
*c1ccc(-c2cc3cc4c(=O)n(C)c5nc(-c6ccc(-c7cc8c(OC)c9sc(*)cc9c(OC)c8s7)s6)cc6cc7c(=O)n(C)c(n2)c3c7c4c65)s1,22,1,COc1c2cc(-c3ccc(-c4cc5cc6c(=O)n(C)c7nc(-c8cccs8)cc8cc9c(=O)n(C)c(n4)c5c9c6c87)s3)sc2c(OC)c2ccsc12,COc1c2c[cH:2]sc2c(OC)c2cc(-c3ccc(-c4cc5cc6c(=O)n(C)c7nc(-c8cc[cH:1]s8)cc8cc9c(=O)n(C)c(n4)c5c9c6c87)s3)sc12,22,22,True,ok
*c1ccc(-c2cc3cc4c(=O)n(C)c5nc(-c6ccc(-c7cc8c(C)c9sc(*)cc9c(C)c8s7)s6)cc6cc7c(=O)n(C)c(n2)c3c7c4c65)s1,22,1,Cc1c2cc(-c3ccc(-c4cc5cc6c(=O)n(C)c7nc(-c8cccs8)cc8cc9c(=O)n(C)c(n4)c5c9c6c87)s3)sc2c(C)c2ccsc12,Cc1c2c[cH:2]sc2c(C)c2cc(-c3ccc(-c4cc5cc6c(=O)n(C)c7nc(-c8cc[cH:1]s8)cc8cc9c(=O)n(C)c(n4)c5c9c6c87)s3)sc12,22,22,True,ok
*c1cc2sc(C3=C4C(=O)N(C)C(c5cc6sc(-c7cc8sc(*)cc8s7)cc6s5)=C4C(=O)N3C)cc2s1,18,1,CN1C(=O)C2=C(c3cc4sc(-c5cc6sccc6s5)cc4s3)N(C)C(=O)C2=C1c1cc2sccc2s1,CN1C(=O)C2=C(c3cc4s[cH:1]cc4s3)N(C)C(=O)C2=C1c1cc2sc(-c3cc4s[cH:2]cc4s3)cc2s1,18,18,True,ok
*c1ccc(-c2cc3sc(C4=C5C(=O)N(C)C(c6cc7sc(*)cc7s6)=C5C(=O)N4C)cc3s2)cc1,17,1,CN1C(=O)C2=C(c3cc4sc(-c5ccccc5)cc4s3)N(C)C(=O)C2=C1c1cc2sccc2s1,CN1C(=O)C2=C(c3cc4s[cH:2]cc4s3)N(C)C(=O)C2=C1c1cc2sc(-c3cc[cH:1]cc3)cc2s1,17,17,True,ok
*c1ccc(-c2ccc(-c3cc4c(cc(*)c5c(=O)n(C)c(=O)c54)c4c(=O)n(C)c(=O)c34)s2)s1,11,2,Cn1c(=O)c2ccc3c(cc(-c4ccc(-c5ccc(-c6cc7c(cc(-c8ccc(-c9cccs9)s8)c8c(=O)n(C)c(=O)c87)c7c(=O)n(C)c(=O)c67)s5)s4)c4c(=O)n(C)c(=O)c43)c2c1=O,Cn1c(=O)c2c(-c3ccc(-c4ccc(-c5cc6c(c[cH:2]c7c(=O)n(C)c(=O)c67)c6c(=O)n(C)c(=O)c56)s4)s3)cc3c(cc(-c4ccc(-c5cc[cH:1]s5)s4)c4c(=O)n(C)c(=O)c43)c2c1=O,23,23,True,ok
*c1ccc(C2=C/C(=C3/C=C(c4ccc(-c5cc6sc(*)cc6s5)s4)N(C)C3=O)C(=O)N2C)s1,16,1,CN1C(=O)/C(=C2\C=C(c3ccc(-c4cc5sccc5s4)s3)N(C)C2=O)C=C1c1cccs1,CN1C(=O)/C(=C2\C=C(c3cc[cH:1]s3)N(C)C2=O)C=C1c1ccc(-c2cc3s[cH:2]cc3s2)s1,16,16,True,ok
*c1cc2ccc3cc(-c4ccc(C5=C6C(=O)N(C)C(c7ccc(*)s7)=C6C(=O)N5C)s4)cc4ccc(c1)c2c34,17,1,CN1C(=O)C2=C(c3ccc(-c4cc5ccc6cccc7ccc(c4)c5c67)s3)N(C)C(=O)C2=C1c1cccs1,CN1C(=O)C2=C(c3cc[cH:2]s3)N(C)C(=O)C2=C1c1ccc(-c2cc3ccc4c[cH:1]cc5ccc(c2)c3c45)s1,17,17,True,ok
*c1ccc(C2=C3C(=O)N(C)C(c4ccc(-c5cc6ccc7c(ccc8cc(*)sc87)c6s5)s4)=C3C(=O)N2C)s1,17,1,CN1C(=O)C2=C(c3ccc(-c4cc5ccc6c(ccc7ccsc76)c5s4)s3)N(C)C(=O)C2=C1c1cccs1,CN1C(=O)C2=C(c3cc[cH:1]s3)N(C)C(=O)C2=C1c1ccc(-c2cc3ccc4c(ccc5c[cH:2]sc54)c3s2)s1,17,17,True,ok
*c1ccc(C2=C3C(=O)N(C)C(c4ccc(-c5cc6cc7sc(*)cc7cc6s5)s4)=C3C(=O)N2C)s1,16,1,CN1C(=O)C2=C(c3ccc(-c4cc5cc6sccc6cc5s4)s3)N(C)C(=O)C2=C1c1cccs1,CN1C(=O)C2=C(c3cc[cH:1]s3)N(C)C(=O)C2=C1c1ccc(-c2cc3cc4s[cH:2]cc4cc3s2)s1,16,16,True,ok
*c1ccc(C2=C3C(=O)N(C)C(c4ccc(-c5cc6sc7cc(*)sc7c6s5)s4)=C3C(=O)N2C)s1,15,1,CN1C(=O)C2=C(c3ccc(-c4cc5sc6ccsc6c5s4)s3)N(C)C(=O)C2=C1c1cccs1,CN1C(=O)C2=C(c3cc[cH:1]s3)N(C)C(=O)C2=C1c1ccc(-c2cc3sc4c[cH:2]sc4c3s2)s1,15,15,True,ok
*c1ccc(/C=C/c2ccc(-c3cc4c5c6c(c7sc(*)cc7c7c6c(c4s3)C(=O)N(C)C7=O)C(=O)N(C)C5=O)s2)s1,16,1,CN1C(=O)c2c3ccsc3c3c4c(c5cc(-c6ccc(/C=C/c7cccs7)s6)sc5c(c24)C1=O)C(=O)N(C)C3=O,CN1C(=O)c2c3cc(-c4ccc(/C=C/c5cc[cH:1]s5)s4)sc3c3c4c(c5c[cH:2]sc5c(c24)C1=O)C(=O)N(C)C3=O,16,16,True,ok
*c1cc2c3c4c(c5sc(-c6cc7ccc8c(ccc9cc(*)sc98)c7s6)cc5c5c4c(c2s1)C(=O)N(C)C5=O)C(=O)N(C)C3=O,16,1,CN1C(=O)c2c3ccsc3c3c4c(c5cc(-c6cc7ccc8c(ccc9ccsc98)c7s6)sc5c(c24)C1=O)C(=O)N(C)C3=O,CN1C(=O)c2c3cc(-c4cc5ccc6c(ccc7c[cH:2]sc76)c5s4)sc3c3c4c(c5c[cH:1]sc5c(c24)C1=O)C(=O)N(C)C3=O,16,16,True,ok
*/C=C/c1cc2c3c4c(c5sc(*)cc5c5c4c(c2s1)C(=O)N(C)C5=O)C(=O)N(C)C3=O,10,2,C=Cc1cc2c3c4c(c5sc(C=Cc6cc7c8c9c(c%10sccc%10c%10c9c(c7s6)C(=O)N(C)C%10=O)C(=O)N(C)C8=O)cc5c5c4c(c2s1)C(=O)N(C)C5=O)C(=O)N(C)C3=O,CN1C(=O)c2c3cc(C=Cc4cc5c6c7c(c8s[cH:2]cc8c8c7c(c5s4)C(=O)N(C)C8=O)C(=O)N(C)C6=O)sc3c3c4c(c5cc(C=[CH2:1])sc5c(c24)C1=O)C(=O)N(C)C3=O,21,21,True,ok
*c1cc2c3c4c(c5sc(-c6cc7c(cc(*)c8nsnc87)c7nsnc67)cc5c5c4c(c2s1)C(=O)N(C)C5=O)C(=O)N(C)C3=O,14,1,CN1C(=O)c2c3ccsc3c3c4c(c5cc(-c6cc7c(ccc8nsnc87)c7nsnc67)sc5c(c24)C1=O)C(=O)N(C)C3=O,CN1C(=O)c2c3cc(-c4cc5c(c[cH:2]c6nsnc56)c5nsnc45)sc3c3c4c(c5c[cH:1]sc5c(c24)C1=O)C(=O)N(C)C3=O,14,14,True,ok
*c1cc2c3c4c(c5sc(-c6ccc(*)c7nsnc67)cc5c5c4c(c2s1)C(=O)N(C)C5=O)C(=O)N(C)C3=O,12,2,CN1C(=O)c2c3ccsc3c3c4c(c5cc(-c6ccc(-c7cc8c9c%10c(c%11sc(-c%12cccc%13nsnc%12%13)cc%11c%11c%10c(c8s7)C(=O)N(C)C%11=O)C(=O)N(C)C9=O)c7nsnc67)sc5c(c24)C1=O)C(=O)N(C)C3=O,CN1C(=O)c2c3cc(-c4ccc(-c5cc6c7c8c(c9s[cH:1]cc9c9c8c(c6s5)C(=O)N(C)C9=O)C(=O)N(C)C7=O)c5nsnc45)sc3c3c4c(c5cc(-c6cc[cH:2]c7nsnc67)sc5c(c24)C1=O)C(=O)N(C)C3=O,25,25,True,ok
*C(C#N)=c1sc2c(s1)c1c(=O)n(C)c(=O)c3c4sc(=C(C#N)c5ccc(*)s5)sc4c4c(=O)n(C)c(=O)c2c4c13,13,1,Cn1c(=O)c2c3sc(=CC#N)sc3c3c(=O)n(C)c(=O)c4c5sc(=C(C#N)c6cccs6)sc5c(c1=O)c2c34,Cn1c(=O)c2c3sc(=C(C#N)c4cc[cH:2]s4)sc3c3c(=O)n(C)c(=O)c4c5sc(=[CH:1]C#N)sc5c(c1=O)c2c34,13,13,True,ok
*c1ccc2c(c1)c(=O)n(C)c1nc3cc(-c4ccc(/C=C/c5ccc(*)s5)s4)ccc3cc21,17,1,Cn1c(=O)c2ccccc2c2cc3ccc(-c4ccc(/C=C/c5cccs5)s4)cc3nc21,Cn1c(=O)c2c[cH:1]ccc2c2cc3ccc(-c4ccc(/C=C/c5cc[cH:2]s5)s4)cc3nc21,17,17,True,ok
*c1ccc2c(c1)c(=O)n(C)c1nc3cc(-c4ccc(-c5ccc(-c6ccc(*)s6)c6nsnc56)s4)ccc3cc21,19,1,Cn1c(=O)c2ccccc2c2cc3ccc(-c4ccc(-c5ccc(-c6cccs6)c6nsnc56)s4)cc3nc21,Cn1c(=O)c2c[cH:1]ccc2c2cc3ccc(-c4ccc(-c5ccc(-c6cc[cH:2]s6)c6nsnc56)s4)cc3nc21,19,19,True,ok
*c1cnc(C2=C3C(=O)N(C)C(c4cnc(-c5sc(*)c(F)c5F)cn4)=C3C(=O)N2C)cn1,14,1,CN1C(=O)C2=C(c3cnc(-c4scc(F)c4F)cn3)N(C)C(=O)C2=C1c1cnccn1,CN1C(=O)C2=C(c3cn[cH:1]cn3)N(C)C(=O)C2=C1c1cnc(-c2s[cH:2]c(F)c2F)cn1,14,14,True,ok
*c1ccc(C2=C3C(=O)N(C)C(c4ccc(-c5ccc(*)c6nsnc56)s4)=C3C(=O)N2C)s1,13,1,CN1C(=O)C2=C(c3ccc(-c4cccc5nsnc45)s3)N(C)C(=O)C2=C1c1cccs1,CN1C(=O)C2=C(c3cc[cH:1]s3)N(C)C(=O)C2=C1c1ccc(-c2cc[cH:2]c3nsnc23)s1,13,13,True,ok
*c1ccc(C2=C3C(=O)N(C)C(c4ccc(-c5c6nsnc6c(*)c6nc(C)c(C)nc56)s4)=C3C(=O)N2C)s1,13,1,Cc1nc2cc3nsnc3c(-c3ccc(C4=C5C(=O)N(C)C(c6cccs6)=C5C(=O)N4C)s3)c2nc1C,Cc1nc2c(-c3ccc(C4=C5C(=O)N(C)C(c6cc[cH:1]s6)=C5C(=O)N4C)s3)c3nsnc3[cH:2]c2nc1C,13,13,True,ok
*c1ccc(C2=C3C(=O)N(C)C(c4ccc(-c5ccc(*)[se]5)[se]4)=C3C(=O)N2C)[se]1,12,2,CN1C(=O)C2=C(c3ccc(-c4ccc(-c5ccc(C6=C7C(=O)N(C)C(c8ccc(-c9ccc[se]9)[se]8)=C7C(=O)N6C)[se]5)[se]4)[se]3)N(C)C(=O)C2=C1c1ccc[se]1,CN1C(=O)C2=C(c3ccc(-c4cc[cH:2][se]4)[se]3)N(C)C(=O)C2=C1c1ccc(-c2ccc(-c3ccc(C4=C5C(=O)N(C)C(c6cc[cH:1][se]6)=C5C(=O)N4C)[se]3)[se]2)[se]1,25,25,True,ok
*c1ccc(C2=N/C(=C3/N=C(c4ccc(-c5cc6sc(*)cc6s5)s4)N(C)C3=O)C(=O)N2C)s1,16,1,CN1C(=O)/C(=C2\N=C(c3ccc(-c4cc5sccc5s4)s3)N(C)C2=O)N=C1c1cccs1,CN1C(=O)/C(=C2\N=C(c3cc[cH:1]s3)N(C)C2=O)N=C1c1ccc(-c2cc3s[cH:2]cc3s2)s1,16,16,True,ok
*c1ccc(C2=N/C(=C3/N=C(c4ccc(-c5ccc(-c6ccc(*)s6)s5)s4)N(C)C3=O)C(=O)N2C)s1,17,1,CN1C(=O)/C(=C2\N=C(c3ccc(-c4ccc(-c5cccs5)s4)s3)N(C)C2=O)N=C1c1cccs1,CN1C(=O)/C(=C2\N=C(c3cc[cH:1]s3)N(C)C2=O)N=C1c1ccc(-c2ccc(-c3cc[cH:2]s3)s2)s1,17,17,True,ok
*c1ccc(C2=N/C(=C3/N=C(c4ccc(-c5cc6c(C)c7sc(*)cc7c(C)c6s5)s4)N(C)C3=O)C(=O)N2C)s1,18,1,Cc1c2cc(-c3ccc(C4=N/C(=C5/N=C(c6cccs6)N(C)C5=O)C(=O)N4C)s3)sc2c(C)c2ccsc12,Cc1c2c[cH:2]sc2c(C)c2cc(-c3ccc(C4=N/C(=C5/N=C(c6cc[cH:1]s6)N(C)C5=O)C(=O)N4C)s3)sc12,18,18,True,ok
*c1cc2c3c(c(-c4[se]c5c(C)c(*)[se]c5c4C)cc4c3c1C(=O)N(C)C4=O)C(=O)N(C)C2=O,10,2,Cc1c[se]c2c(C)c(-c3cc4c5c(c(-c6[se]c7c(C)c(-c8cc9c%10c(ccc%11c%10c8C(=O)N(C)C%11=O)C(=O)N(C)C9=O)[se]c7c6C)cc6c5c3C(=O)N(C)C6=O)C(=O)N(C)C4=O)[se]c12,Cc1c(-c2cc3c4c(c(-c5[se]c6c(C)[cH:2][se]c6c5C)cc5c4c2C(=O)N(C)C5=O)C(=O)N(C)C3=O)[se]c2c(C)c(-c3cc4c5c([cH:1]cc6c5c3C(=O)N(C)C6=O)C(=O)N(C)C4=O)[se]c12,21,21,True,ok
*c1cc2cc3[se]c(-c4cc5c6c(c(*)cc7c6c4C(=O)N(C)C7=O)C(=O)N(C)C5=O)cc3cc2[se]1,12,2,CN1C(=O)c2ccc3c4c(c(-c5cc6cc7[se]c(-c8cc9c%10c(c(-c%11cc%12cc%13[se]ccc%13cc%12[se]%11)cc%11c%10c8C(=O)N(C)C%11=O)C(=O)N(C)C9=O)cc7cc6[se]5)cc(c24)C1=O)C(=O)N(C)C3=O,CN1C(=O)c2cc(-c3cc4cc5[se][cH:1]cc5cc4[se]3)c3c4c(cc(-c5cc6cc7[se]c(-c8cc9c%10c([cH:2]cc%11c%10c8C(=O)N(C)C%11=O)C(=O)N(C)C9=O)cc7cc6[se]5)c(c24)C1=O)C(=O)N(C)C3=O,25,25,True,ok
*c1ccc(-c2ccc3c(c2)c(=O)c2cc4c(cc2n3C)c(=O)c2cc(-c3ccc(-c5ccc(*)c6nsnc56)s3)ccc2n4C)s1,21,1,Cn1c2ccc(-c3cccs3)cc2c(=O)c2cc3c(cc21)c(=O)c1cc(-c2ccc(-c4cccc5nsnc45)s2)ccc1n3C,Cn1c2ccc(-c3ccc(-c4cc[cH:2]c5nsnc45)s3)cc2c(=O)c2cc3c(cc21)c(=O)c1cc(-c2cc[cH:1]s2)ccc1n3C,21,21,True,ok
*c1ccc(-c2ccc(-c3sc(C4=C5C(=C(c6cc(C)c(*)s6)c6ccccc65)c5ccccc54)cc3C)s2)s1,15,1,Cc1csc(C2=C3C(=C(c4cc(C)c(-c5ccc(-c6cccs6)s5)s4)c4ccccc43)c3ccccc32)c1,Cc1cc(C2=C3C(=C(c4cc(C)[cH:2]s4)c4ccccc43)c3ccccc32)sc1-c1ccc(-c2cc[cH:1]s2)s1,15,15,True,ok
*c1ccc2c(c1)[nH]c1cc(-c3ccc(C4=C5C(=O)N(C)C(c6ccc(*)s6)=C5C(=O)N4C)s3)ccc12,16,1,CN1C(=O)C2=C(c3ccc(-c4ccc5c(c4)[nH]c4ccccc45)s3)N(C)C(=O)C2=C1c1cccs1,CN1C(=O)C2=C(c3cc[cH:2]s3)N(C)C(=O)C2=C1c1ccc(-c2ccc3c(c2)[nH]c2c[cH:1]ccc23)s1,16,16,True,ok
*c1ccc2c(c1)N(C)C(=O)/C2=C1/C(=O)N(C)c2cc3c(cc21)N(C)C(=O)/C3=C1/C(=O)N(C)c2cc(-c3ccc(/C=C/c4ccc(*)s4)s3)ccc21,23,1,CN1C(=O)/C(=C2/C(=O)N(C)c3cc4c(cc32)N(C)C(=O)/C4=C2/C(=O)N(C)c3cc(-c4ccc(/C=C/c5cccs5)s4)ccc32)c2ccccc21,CN1C(=O)/C(=C2/C(=O)N(C)c3cc4c(cc32)N(C)C(=O)/C4=C2/C(=O)N(C)c3c[cH:1]ccc32)c2ccc(-c3ccc(/C=C/c4cc[cH:2]s4)s3)cc21,23,23,True,ok
*c1ccc2c(c1)N(C)C(=O)/C2=C1/C(=O)Oc2c1ccc1c3c(ccc21)/C(=C1\C(=O)N(C)c2cc(-c4cc5sc(*)cc5s4)ccc21)C(=O)O3,22,1,CN1C(=O)/C(=C2/C(=O)Oc3c2ccc2c4c(ccc32)/C(=C2\C(=O)N(C)c3cc(-c5cc6sccc6s5)ccc32)C(=O)O4)c2ccccc21,CN1C(=O)/C(=C2/C(=O)Oc3c2ccc2c4c(ccc32)/C(=C2\C(=O)N(C)c3c[cH:1]ccc32)C(=O)O4)c2ccc(-c3cc4s[cH:2]cc4s3)cc21,22,22,True,ok
*c1ccc(-c2cc3c(s2)-c2sc(*)cc2B2c4cc(C)sc4-c4sc(C)cc4N23)s1,8,2,Cc1cc2c(s1)-c1sc(C)cc1N1B2c2ccsc2-c2sc(-c3ccc(-c4cc5c(s4)-c4sc(-c6cccs6)cc4N4B5c5cc(C)sc5-c5sc(C)cc54)s3)cc21,Cc1cc2c(s1)-c1sc(C)cc1N1B2c2cc(-c3ccc(-c4cc5c(s4)-c4s[cH:2]cc4B4c6cc(C)sc6-c6sc(C)cc6N45)s3)sc2-c2sc(-c3cc[cH:1]s3)cc21,17,17,True,ok
*c1ccc(-c2cc3c(Cl)c4c(cc3s2)/C(=C2\C(=O)N(C)c3c2cc2sc(*)cc2c3Cl)C(=O)N4C)s1,14,1,CN1C(=O)/C(=C2/C(=O)N(C)c3c2cc2sc(-c4cccs4)cc2c3Cl)c2cc3sccc3c(Cl)c21,CN1C(=O)/C(=C2/C(=O)N(C)c3c2cc2s[cH:2]cc2c3Cl)c2cc3sc(-c4cc[cH:1]s4)cc3c(Cl)c21,14,14,True,ok
*c1ccc2c(c1)N(C)C(=O)/C2=C\c1ccc(/C=C/c2ccc(/C=C3\C(=O)N(C)c4cc(-c5ccc(/C=C/c6ccc(*)s6)s5)ccc43)s2)s1,27,1,CN1C(=O)/C(=C\c2ccc(/C=C/c3ccc(/C=C4\C(=O)N(C)c5cc(-c6ccc(/C=C/c7cccs7)s6)ccc54)s3)s2)c2ccccc21,CN1C(=O)/C(=C\c2ccc(/C=C/c3ccc(/C=C4\C(=O)N(C)c5c[cH:1]ccc54)s3)s2)c2ccc(-c3ccc(/C=C/c4cc[cH:2]s4)s3)cc21,27,27,True,ok
*c1ccc(-c2ccc(-c3ccc(-c4nc5cc6c(cc5n(C)c4=O)nc(-c4ccc(*)s4)c(=O)n6C)s3)s2)s1,19,1,Cn1c(=O)c(-c2cccs2)nc2cc3c(cc21)nc(-c1ccc(-c2ccc(-c4cccs4)s2)s1)c(=O)n3C,Cn1c(=O)c(-c2ccc(-c3ccc(-c4cc[cH:1]s4)s3)s2)nc2cc3c(cc21)nc(-c1cc[cH:2]s1)c(=O)n3C,19,19,True,ok
*c1ccc(/C=C/c2ccc(-c3cc4sc(C5=C6C(=O)N(C)C(c7cc8sc(*)cc8s7)=C6C(=O)N5C)cc4s3)s2)s1,21,1,CN1C(=O)C2=C(c3cc4sc(-c5ccc(/C=C/c6cccs6)s5)cc4s3)N(C)C(=O)C2=C1c1cc2sccc2s1,CN1C(=O)C2=C(c3cc4s[cH:2]cc4s3)N(C)C(=O)C2=C1c1cc2sc(-c3ccc(/C=C/c4cc[cH:1]s4)s3)cc2s1,21,21,True,ok
*c1ccc(/C=C/c2ccc(-c3cnc(C4=C5C(=O)N(C)C(c6ncc(*)s6)=C5C(=O)N4C)s3)s2)s1,17,1,CN1C(=O)C2=C(c3ncc(-c4ccc(/C=C/c5cccs5)s4)s3)N(C)C(=O)C2=C1c1nccs1,CN1C(=O)C2=C(c3nc[cH:2]s3)N(C)C(=O)C2=C1c1ncc(-c2ccc(/C=C/c3cc[cH:1]s3)s2)s1,17,17,True,ok
*c1ccc2sc(C3=C4C(=O)N(C)C(c5cc6cc(-c7ccc(/C=C/c8ccc(*)s8)s7)ccc6s5)=C4C(=O)N3C)cc2c1,21,1,CN1C(=O)C2=C(c3cc4cc(-c5ccc(/C=C/c6cccs6)s5)ccc4s3)N(C)C(=O)C2=C1c1cc2ccccc2s1,CN1C(=O)C2=C(c3cc4c[cH:1]ccc4s3)N(C)C(=O)C2=C1c1cc2cc(-c3ccc(/C=C/c4cc[cH:2]s4)s3)ccc2s1,21,21,True,ok
*c1ccc2c(n1)N(C)C(=O)/C2=C1/C(=O)N(C)c2nc(-c3ccc(*)c4nsnc34)ccc21,13,1,CN1C(=O)/C(=C2/C(=O)N(C)c3nc(-c4cccc5nsnc45)ccc32)c2cccnc21,CN1C(=O)/C(=C2/C(=O)N(C)c3n[cH:1]ccc32)c2ccc(-c3cc[cH:2]c4nsnc34)nc21,13,13,True,ok
*c1ccc(-c2ccc(-c3ccc(C4=C5C(=O)N(C)C(c6ccc(*)s6)=C5C(=O)N4C)s3)cn2)cc1,17,1,CN1C(=O)C2=C(c3ccc(-c4ccc(-c5ccccc5)nc4)s3)N(C)C(=O)C2=C1c1cccs1,CN1C(=O)C2=C(c3cc[cH:2]s3)N(C)C(=O)C2=C1c1ccc(-c2ccc(-c3cc[cH:1]cc3)nc2)s1,17,17,True,ok
*c1ccc(C2=C3C(=O)N(C)C(c4ccc(-c5ccc(-c6ccc(*)s6)nc5)s4)=C3C(=O)N2C)s1,16,1,CN1C(=O)C2=C(c3ccc(-c4ccc(-c5cccs5)nc4)s3)N(C)C(=O)C2=C1c1cccs1,CN1C(=O)C2=C(c3cc[cH:1]s3)N(C)C(=O)C2=C1c1ccc(-c2ccc(-c3cc[cH:2]s3)nc2)s1,16,16,True,ok
*c1cc2c(s1)c1cc3c(cc1n2C)c1sc(-c2ccc(*)c4nsnc24)cc1n3C,13,1,Cn1c2cc3c4sc(-c5cccc6nsnc56)cc4n(C)c3cc2c2sccc21,Cn1c2cc3c4s[cH:1]cc4n(C)c3cc2c2sc(-c3cc[cH:2]c4nsnc34)cc21,13,13,True,ok
*c1cc2c(s1)c1cc3c(cc1n2C)c1sc(-c2c(F)c(F)c(*)c4nsnc24)cc1n3C,13,1,Cn1c2cc3c4sc(-c5c(F)c(F)cc6nsnc56)cc4n(C)c3cc2c2sccc21,Cn1c2cc3c4s[cH:1]cc4n(C)c3cc2c2sc(-c3c(F)c(F)[cH:2]c4nsnc34)cc21,13,13,True,ok
*c1cc2c(s1)c1cc3c(cc1n2C)c1sc(-c2sc(*)c4c2C(=O)N(C)C4=O)cc1n3C,12,2,CN1C(=O)c2csc(-c3cc4c(s3)c3cc5c(cc3n4C)c3sc(-c4sc(-c6cc7c(s6)c6cc8c(cc6n7C)c6sccc6n8C)c6c4C(=O)N(C)C6=O)cc3n5C)c2C1=O,CN1C(=O)c2c(-c3cc4c(s3)c3cc5c(cc3n4C)c3sc(-c4s[cH:2]c6c4C(=O)N(C)C6=O)cc3n5C)sc(-c3cc4c(s3)c3cc5c(cc3n4C)c3s[cH:1]cc3n5C)c2C1=O,25,25,True,ok
*c1ccc(C2=C3C(=O)N(C)C(c4ccc(-c5sc6c(sc7c(C)c(*)sc76)c5C)s4)=C3C(=O)N2C)s1,15,1,Cc1csc2c1sc1c(C)c(-c3ccc(C4=C5C(=O)N(C)C(c6cccs6)=C5C(=O)N4C)s3)sc12,Cc1c(-c2ccc(C3=C4C(=O)N(C)C(c5cc[cH:1]s5)=C4C(=O)N3C)s2)sc2c1sc1c(C)[cH:2]sc12,15,15,True,ok
*c1ccc(C2=c3nc4c(nc3N(C)C2=O)=C(c2ccc(-c3ccc(-c5ccc(*)s5)s3)cc2)C(=O)N4C)cc1,19,1,CN1C(=O)C(c2ccccc2)=c2nc3c(nc21)=C(c1ccc(-c2ccc(-c4cccs4)s2)cc1)C(=O)N3C,CN1C(=O)C(c2ccc(-c3ccc(-c4cc[cH:2]s4)s3)cc2)=c2nc3c(nc21)=C(c1cc[cH:1]cc1)C(=O)N3C,19,19,True,ok
*c1ccc(-c2ccc(C3=C4C(=O)N(C)C(c5ccc(*)o5)=C4C(=O)N3C)o2)cc1,13,1,CN1C(=O)C2=C(c3ccc(-c4ccccc4)o3)N(C)C(=O)C2=C1c1ccco1,CN1C(=O)C2=C(c3cc[cH:2]o3)N(C)C(=O)C2=C1c1ccc(-c2cc[cH:1]cc2)o1,13,13,True,ok
*c1ccc2cc(-c3ccc(C4=C5C(=O)N(C)C(c6ccc(*)o6)=C5C(=O)N4C)o3)ccc2c1,15,1,CN1C(=O)C2=C(c3ccc(-c4ccc5ccccc5c4)o3)N(C)C(=O)C2=C1c1ccco1,CN1C(=O)C2=C(c3cc[cH:2]o3)N(C)C(=O)C2=C1c1ccc(-c2ccc3c[cH:1]ccc3c2)o1,15,15,True,ok
*c1ccc(-c2ccc(-c3ccc(*)c4c3C(=O)N(C)C4=O)s2)s1,9,2,CN1C(=O)c2cccc(-c3ccc(-c4ccc(-c5ccc(-c6ccc(-c7cccs7)s6)c6c5C(=O)N(C)C6=O)s4)s3)c2C1=O,CN1C(=O)c2c(-c3ccc(-c4ccc(-c5cc[cH:2]c6c5C(=O)N(C)C6=O)s4)s3)ccc(-c3ccc(-c4cc[cH:1]s4)s3)c2C1=O,19,19,True,ok
*c1cc2c3cc4c(cc3c3cc(-c5sc(-c6cc(C)c(*)s6)cc5C)sc3c2s1)C(=O)N(C)C4=O,11,2,Cc1csc(-c2cc(C)c(-c3cc4c5cc6c(cc5c5cc(-c7sc(-c8cc(C)c(-c9cc%10c%11cc%12c(cc%11c%11ccsc%11c%10s9)C(=O)N(C)C%12=O)s8)cc7C)sc5c4s3)C(=O)N(C)C6=O)s2)c1,Cc1cc(-c2cc(C)c(-c3cc4c5cc6c(cc5c5c[cH:1]sc5c4s3)C(=O)N(C)C6=O)s2)sc1-c1cc2c3cc4c(cc3c3cc(-c5sc(-c6cc(C)[cH:2]s6)cc5C)sc3c2s1)C(=O)N(C)C4=O,23,23,True,ok
*c1cc2c(OC)c3sc(-c4cc5c6cc7c(cc6c6cc(*)sc6c5s4)C(=O)N(C)C7=O)cc3c(OC)c2s1,12,2,COc1c2cc(-c3cc4c5cc6c(cc5c5cc(-c7cc8c(OC)c9sc(-c%10cc%11c%12cc%13c(cc%12c%12ccsc%12c%11s%10)C(=O)N(C)C%13=O)cc9c(OC)c8s7)sc5c4s3)C(=O)N(C)C6=O)sc2c(OC)c2ccsc12,COc1c2cc(-c3cc4c5cc6c(cc5c5c[cH:2]sc5c4s3)C(=O)N(C)C6=O)sc2c(OC)c2cc(-c3cc4c5cc6c(cc5c5cc(-c7cc8c(OC)c9s[cH:1]cc9c(OC)c8s7)sc5c4s3)C(=O)N(C)C6=O)sc12,25,25,True,ok
*c1ccc(C2=c3cc4c(cc3N(C)C2=O)=C(c2ccc(-c3ccc(-c5ccc(*)s5)s3)s2)C(=O)N4C)s1,17,1,CN1C(=O)C(c2cccs2)=c2cc3c(cc21)=C(c1ccc(-c2ccc(-c4cccs4)s2)s1)C(=O)N3C,CN1C(=O)C(c2ccc(-c3ccc(-c4cc[cH:2]s4)s3)s2)=c2cc3c(cc21)=C(c1cc[cH:1]s1)C(=O)N3C,17,17,True,ok
*c1ccc2c(c1)N(C)C(=O)/C2=C1/C(=O)N(C)c2cc(-c3ccc(*)c4nsnc34)ccc21,13,1,CN1C(=O)/C(=C2/C(=O)N(C)c3cc(-c4cccc5nsnc45)ccc32)c2ccccc21,CN1C(=O)/C(=C2/C(=O)N(C)c3c[cH:1]ccc32)c2ccc(-c3cc[cH:2]c4nsnc34)cc21,13,13,True,ok
*c1ccc(/C=C2\C(=O)N(C)c3cc4c(cc32)N(C)C(=O)/C4=C\c2ccc(-c3ccc(-c4ccc(*)s4)s3)s2)s1,19,1,CN1C(=O)/C(=C\c2cccs2)c2cc3c(cc21)/C(=C/c1ccc(-c2ccc(-c4cccs4)s2)s1)C(=O)N3C,CN1C(=O)/C(=C\c2ccc(-c3ccc(-c4cc[cH:2]s4)s3)s2)c2cc3c(cc21)/C(=C/c1cc[cH:1]s1)C(=O)N3C,19,19,True,ok
*c1ccc(/C=C2\C(=O)N(C)c3cc4c(cc32)N(C)C(=O)/C4=C\c2ccc(-c3ccc(*)s3)s2)s1,16,1,CN1C(=O)/C(=C\c2cccs2)c2cc3c(cc21)/C(=C/c1ccc(-c2cccs2)s1)C(=O)N3C,CN1C(=O)/C(=C\c2ccc(-c3cc[cH:2]s3)s2)c2cc3c(cc21)/C(=C/c1cc[cH:1]s1)C(=O)N3C,16,16,True,ok
*c1ccc(-c2ccc(-c3cc4c(OC)nc5cc6c(cc5c4s3)nc(OC)c3cc(*)sc36)s2)s1,15,1,COc1nc2cc3c(cc2c2sccc12)nc(OC)c1cc(-c2ccc(-c4cccs4)s2)sc13,COc1nc2cc3c(cc2c2sc(-c4ccc(-c5cc[cH:1]s5)s4)cc12)nc(OC)c1c[cH:2]sc13,15,15,True,ok
*c1ccc(-c2ccc(-c3nc4c5c6c(c7sc(-c8ccc(*)cc8)nc7c7c6c(c4s3)C(=O)N(C)C7=O)C(=O)N(C)C5=O)cc2)cc1,20,1,CN1C(=O)c2c3nc(-c4ccccc4)sc3c3c4c(c5nc(-c6ccc(-c7ccccc7)cc6)sc5c(c24)C1=O)C(=O)N(C)C3=O,CN1C(=O)c2c3nc(-c4ccc(-c5cc[cH:1]cc5)cc4)sc3c3c4c(c5nc(-c6cc[cH:2]cc6)sc5c(c24)C1=O)C(=O)N(C)C3=O,20,20,True,ok
*c1ccc(-c2nc3c4c5c(c6sc(-c7ccc(-c8ccc(*)s8)cc7)nc6c6c5c(c3s2)C(=O)N(C)C6=O)C(=O)N(C)C4=O)cc1,19,1,CN1C(=O)c2c3nc(-c4ccccc4)sc3c3c4c(c5nc(-c6ccc(-c7cccs7)cc6)sc5c(c24)C1=O)C(=O)N(C)C3=O,CN1C(=O)c2c3nc(-c4ccc(-c5cc[cH:2]s5)cc4)sc3c3c4c(c5nc(-c6cc[cH:1]cc6)sc5c(c24)C1=O)C(=O)N(C)C3=O,19,19,True,ok
*c1ccc(C2=C3C(=O)N(C)C(c4ccc(-c5ccc(-c6ccc(-c7ccc(*)[se]7)[se]6)[se]5)s4)=C3C(=O)N2C)s1,18,1,CN1C(=O)C2=C(c3ccc(-c4ccc(-c5ccc(-c6ccc[se]6)[se]5)[se]4)s3)N(C)C(=O)C2=C1c1cccs1,CN1C(=O)C2=C(c3cc[cH:1]s3)N(C)C(=O)C2=C1c1ccc(-c2ccc(-c3ccc(-c4cc[cH:2][se]4)[se]3)[se]2)s1,18,18,True,ok
*c1ccc(C2=C3C(=O)N(C)C(c4ccc(-c5ccc(-c6ccc(-c7ccc(*)s7)[se]6)s5)s4)=C3C(=O)N2C)s1,18,1,CN1C(=O)C2=C(c3ccc(-c4ccc(-c5ccc(-c6cccs6)[se]5)s4)s3)N(C)C(=O)C2=C1c1cccs1,CN1C(=O)C2=C(c3cc[cH:1]s3)N(C)C(=O)C2=C1c1ccc(-c2ccc(-c3ccc(-c4cc[cH:2]s4)[se]3)s2)s1,18,18,True,ok
*c1ccc(C2=C3C(=O)N(C)C(c4ccc(-c5ccc(-c6ccc(-c7ccc(*)s7)s6)s5)s4)=C3C(=O)N2C)s1,18,1,CN1C(=O)C2=C(c3ccc(-c4ccc(-c5ccc(-c6cccs6)s5)s4)s3)N(C)C(=O)C2=C1c1cccs1,CN1C(=O)C2=C(c3cc[cH:1]s3)N(C)C(=O)C2=C1c1ccc(-c2ccc(-c3ccc(-c4cc[cH:2]s4)s3)s2)s1,18,18,True,ok
*c1ccc(-c2ccc(-c3ccc(C4=C5C(=O)N(C)C(c6ccc(*)[se]6)=C5C(=O)N4C)[se]3)s2)s1,15,1,CN1C(=O)C2=C(c3ccc(-c4ccc(-c5cccs5)s4)[se]3)N(C)C(=O)C2=C1c1ccc[se]1,CN1C(=O)C2=C(c3cc[cH:2][se]3)N(C)C(=O)C2=C1c1ccc(-c2ccc(-c3cc[cH:1]s3)s2)[se]1,15,15,True,ok
*c1ccc(/C=C/c2ccc(-c3ccc(C4=C5C(=O)N(C)C(c6ccc(*)[se]6)=C5C(=O)N4C)[se]3)s2)s1,17,1,CN1C(=O)C2=C(c3ccc(-c4ccc(/C=C/c5cccs5)s4)[se]3)N(C)C(=O)C2=C1c1ccc[se]1,CN1C(=O)C2=C(c3cc[cH:2][se]3)N(C)C(=O)C2=C1c1ccc(-c2ccc(/C=C/c3cc[cH:1]s3)s2)[se]1,17,17,True,ok
*c1ccc(C2=C3C(=O)N(C)C(c4ccc(-c5ccc(-c6ccc(*)[se]6)[se]5)[se]4)=C3C(=O)N2C)[se]1,15,1,CN1C(=O)C2=C(c3ccc(-c4ccc(-c5ccc[se]5)[se]4)[se]3)N(C)C(=O)C2=C1c1ccc[se]1,CN1C(=O)C2=C(c3cc[cH:1][se]3)N(C)C(=O)C2=C1c1ccc(-c2ccc(-c3cc[cH:2][se]3)[se]2)[se]1,15,15,True,ok
*c1ccc2c(c1)N(C)C(=O)/C2=C1/C(=O)Oc2cc3c(cc21)OC(=O)/C3=C1/C(=O)N(C)c2cc(-c3ccc(/C=C/c4ccc(*)s4)s3)ccc21,23,1,CN1C(=O)/C(=C2/C(=O)Oc3cc4c(cc32)OC(=O)/C4=C2/C(=O)N(C)c3cc(-c4ccc(/C=C/c5cccs5)s4)ccc32)c2ccccc21,CN1C(=O)/C(=C2/C(=O)Oc3cc4c(cc32)OC(=O)/C4=C2/C(=O)N(C)c3c[cH:1]ccc32)c2ccc(-c3ccc(/C=C/c4cc[cH:2]s4)s3)cc21,23,23,True,ok
*c1ccc(C2=c3cc4c(cc3N(C)C2=O)=C(c2ccc(-c3ccc(-c5ccc(*)s5)s3)cc2)C(=O)N4C)cc1,19,1,CN1C(=O)C(c2ccccc2)=c2cc3c(cc21)=C(c1ccc(-c2ccc(-c4cccs4)s2)cc1)C(=O)N3C,CN1C(=O)C(c2ccc(-c3ccc(-c4cc[cH:2]s4)s3)cc2)=c2cc3c(cc21)=C(c1cc[cH:1]cc1)C(=O)N3C,19,19,True,ok
*c1ccc(C2=c3cc4c(cc3N(C)C2=O)=C(c2ccc(-c3cc5sc(*)cc5s3)cc2)C(=O)N4C)cc1,18,1,CN1C(=O)C(c2ccccc2)=c2cc3c(cc21)=C(c1ccc(-c2cc4sccc4s2)cc1)C(=O)N3C,CN1C(=O)C(c2ccc(-c3cc4s[cH:2]cc4s3)cc2)=c2cc3c(cc21)=C(c1cc[cH:1]cc1)C(=O)N3C,18,18,True,ok
*c1ccc(C2=c3cc4c(cc3N(C)C2=O)=C(c2ccc(-c3ccc(/C=C/c5ccc(*)s5)s3)cc2)C(=O)N4C)cc1,21,1,CN1C(=O)C(c2ccccc2)=c2cc3c(cc21)=C(c1ccc(-c2ccc(/C=C/c4cccs4)s2)cc1)C(=O)N3C,CN1C(=O)C(c2ccc(-c3ccc(/C=C/c4cc[cH:2]s4)s3)cc2)=c2cc3c(cc21)=C(c1cc[cH:1]cc1)C(=O)N3C,21,21,True,ok
*c1ccc(C2=c3cc4c(cc3N(C)C2=O)=C(c2ccc(-c3cc5c(s3)-c3sc(*)cc3C5(C)C)cc2)C(=O)N4C)cc1,19,1,CN1C(=O)C(c2ccccc2)=c2cc3c(cc21)=C(c1ccc(-c2cc4c(s2)-c2sccc2C4(C)C)cc1)C(=O)N3C,CN1C(=O)C(c2ccc(-c3cc4c(s3)-c3s[cH:2]cc3C4(C)C)cc2)=c2cc3c(cc21)=C(c1cc[cH:1]cc1)C(=O)N3C,19,19,True,ok
*c1ccc(-c2c(C#N)c(C#N)c(-c3ccc(-c4c[c]5c(s4)-c4sc(*)c[c]4[Ge]5([CH3])[CH3])s3)c3nsnc23)s1,15,1,[CH3][Ge]1([CH3])[c]2ccsc2-c2sc(-c3ccc(-c4c(C#N)c(C#N)c(-c5cccs5)c5nsnc45)s3)c[c]21,[CH3][Ge]1([CH3])[c]2cc(-c3ccc(-c4c(C#N)c(C#N)c(-c5cc[cH:1]s5)c5nsnc45)s3)sc2-c2s[cH:2]c[c]21,15,15,True,ok
*c1ccc(-c2c(F)c(F)c(-c3ccc(-c4c[c]5c(s4)-c4sc(*)c[c]4[Ge]5([CH3])[CH3])s3)c3nsnc23)s1,15,1,[CH3][Ge]1([CH3])[c]2ccsc2-c2sc(-c3ccc(-c4c(F)c(F)c(-c5cccs5)c5nsnc45)s3)c[c]21,[CH3][Ge]1([CH3])[c]2cc(-c3ccc(-c4c(F)c(F)c(-c5cc[cH:1]s5)c5nsnc45)s3)sc2-c2s[cH:2]c[c]21,15,15,True,ok
*c1ccc(-c2c(C#N)c(C#N)c(-c3ccc(-c4cc5c(s4)-c4cc6c(cc4C5(C)C)-c4sc(*)cc4C6(C)C)s3)c3nsnc23)s1,19,1,CC1(C)c2cc3c(cc2-c2sccc21)C(C)(C)c1cc(-c2ccc(-c4c(C#N)c(C#N)c(-c5cccs5)c5nsnc45)s2)sc1-3,CC1(C)c2cc3c(cc2-c2sc(-c4ccc(-c5c(C#N)c(C#N)c(-c6cc[cH:1]s6)c6nsnc56)s4)cc21)C(C)(C)c1c[cH:2]sc1-3,19,19,True,ok
*c1cc2c(s1)-c1sc(-c3ccc(*)c4nsnc34)cc1C2(C)C,9,2,CC1(C)c2ccsc2-c2sc(-c3ccc(-c4cc5c(s4)-c4sc(-c6cccc7nsnc67)cc4C5(C)C)c4nsnc34)cc21,CC1(C)c2cc(-c3ccc(-c4cc5c(s4)-c4s[cH:1]cc4C5(C)C)c4nsnc34)sc2-c2sc(-c3cc[cH:2]c4nsnc34)cc21,19,19,True,ok
*c1cc2c(s1)-c1sc(-c3cc(F)c(*)c4nsnc34)cc1C2(C)C,9,2,CC1(C)c2ccsc2-c2sc(-c3cc(F)c(-c4cc5c(s4)-c4sc(-c6cc(F)cc7nsnc67)cc4C5(C)C)c4nsnc34)cc21,CC1(C)c2cc(-c3c(F)cc(-c4cc5c(s4)-c4s[cH:1]cc4C5(C)C)c4nsnc34)sc2-c2sc(-c3cc(F)[cH:2]c4nsnc34)cc21,19,19,True,ok
*c1cc2c(s1)-c1sc(-c3c(F)cc(-c4cc5c(s4)-c4sc(-c6cc(F)c(*)c7nsnc67)cc4C5(C)C)c4nsnc34)cc1C2(C)C,19,1,CC1(C)c2cc(-c3cc(F)cc4nsnc34)sc2-c2sc(-c3cc(F)c(-c4cc5c(s4)-c4sccc4C5(C)C)c4nsnc34)cc21,CC1(C)c2cc(-c3cc(F)c(-c4cc5c(s4)-c4s[cH:1]cc4C5(C)C)c4nsnc34)sc2-c2sc(-c3cc(F)[cH:2]c4nsnc34)cc21,19,19,True,ok
*c1cc2c(s1)/C(=C1\C(=O)Oc3cc4c(cc31)OC(=O)/C4=C1/C(=O)N(C)c3cc(-c4cc(C)c(-c5sc(*)cc5C)s4)sc31)C(=O)N2C,19,1,Cc1ccsc1-c1sc(-c2cc3c(s2)/C(=C2\C(=O)Oc4cc5c(cc42)OC(=O)/C5=C2/C(=O)N(C)c4ccsc42)C(=O)N3C)cc1C,Cc1cc(-c2cc3c(s2)/C(=C2\C(=O)Oc4cc5c(cc42)OC(=O)/C5=C2/C(=O)N(C)c4c[cH:1]sc42)C(=O)N3C)sc1-c1s[cH:2]cc1C,19,19,True,ok
*c1ccc(C2=C3C(=O)N(C)C(c4ccc(-c5cc(OC)c(-c6sc(*)cc6OC)s5)cn4)=C3C(=O)N2C)nc1,17,1,COc1ccsc1-c1sc(-c2ccc(C3=C4C(=O)N(C)C(c5ccccn5)=C4C(=O)N3C)nc2)cc1OC,COc1cc(-c2ccc(C3=C4C(=O)N(C)C(c5cc[cH:1]cn5)=C4C(=O)N3C)nc2)sc1-c1s[cH:2]cc1OC,17,17,True,ok
*c1ccc(C2=C3C(=O)N(C)C(c4ccc(-c5cc6c(-c7ccc(C)s7)c7sc(*)cc7c(-c7ccc(C)s7)c6s5)cn4)=C3C(=O)N2C)nc1,18,1,Cc1ccc(-c2c3cc(-c4ccc(C5=C6C(=O)N(C)C(c7ccccn7)=C6C(=O)N5C)nc4)sc3c(-c3ccc(C)s3)c3ccsc23)s1,Cc1ccc(-c2c3c[cH:2]sc3c(-c3ccc(C)s3)c3cc(-c4ccc(C5=C6C(=O)N(C)C(c7cc[cH:1]cn7)=C6C(=O)N5C)nc4)sc23)s1,18,18,True,ok
*c1ccc(C2=C3C(=O)N(C)C(c4ccc(-c5ccc(*)s5)cn4)=C3C(=O)N2C)nc1.C,14,1,C.CN1C(=O)C2=C(c3ccc(-c4cccs4)cn3)N(C)C(=O)C2=C1c1ccccn1,C.CN1C(=O)C2=C(c3cc[cH:1]cn3)N(C)C(=O)C2=C1c1ccc(-c2cc[cH:2]s2)cn1,14,14,True,ok
*c1ccc(C2=C3C(=O)N(C)C(c4ccc(-c5ccc(*)c6nsnc56)cn4)=C3C(=O)N2C)nc1,15,1,CN1C(=O)C2=C(c3ccc(-c4cccc5nsnc45)cn3)N(C)C(=O)C2=C1c1ccccn1,CN1C(=O)C2=C(c3cc[cH:1]cn3)N(C)C(=O)C2=C1c1ccc(-c2cc[cH:2]c3nsnc23)cn1,15,15,True,ok
*c1ccc(-c2ccc(-c3cc4c5cc(C)sc5c5cc6c(cc5c4s3)c3sc(C)cc3c3cc(*)sc36)s2)s1,15,1,Cc1cc2c3ccsc3c3cc4c(cc3c2s1)c1sc(-c2ccc(-c3cccs3)s2)cc1c1cc(C)sc14,Cc1cc2c3cc(-c4ccc(-c5cc[cH:1]s5)s4)sc3c3cc4c(cc3c2s1)c1s[cH:2]cc1c1cc(C)sc41,15,15,True,ok
*c1cc2sc(-c3cc4c5cc(C)sc5c5cc6c(cc5c4s3)c3sc(C)cc3c3cc(*)sc36)cc2s1,14,1,Cc1cc2c3ccsc3c3cc4c(cc3c2s1)c1sc(-c2cc3sccc3s2)cc1c1cc(C)sc14,Cc1cc2c3cc(-c4cc5s[cH:1]cc5s4)sc3c3cc4c(cc3c2s1)c1s[cH:2]cc1c1cc(C)sc41,14,14,True,ok
*c1ccc(C2=C3C(=O)N(C)C(c4ccc(-c5sc(*)c(C#N)c5C#N)s4)=C3C(=O)N2C)s1,12,2,CN1C(=O)C2=C(c3ccc(-c4sc(-c5ccc(C6=C7C(=O)N(C)C(c8ccc(-c9scc(C#N)c9C#N)s8)=C7C(=O)N6C)s5)c(C#N)c4C#N)s3)N(C)C(=O)C2=C1c1cccs1,CN1C(=O)C2=C(c3ccc(-c4s[cH:2]c(C#N)c4C#N)s3)N(C)C(=O)C2=C1c1ccc(-c2sc(-c3ccc(C4=C5C(=O)N(C)C(c6cc[cH:1]s6)=C5C(=O)N4C)s3)c(C#N)c2C#N)s1,25,25,True,ok
*c1ccc(-c2ccc(-c3sc(-c4sc(*)c5c4C(=O)N(C)C5=O)c4c3C(=O)N(C)C4=O)s2)s1,11,2,CN1C(=O)c2csc(-c3sc(-c4ccc(-c5ccc(-c6sc(-c7sc(-c8ccc(-c9cccs9)s8)c8c7C(=O)N(C)C8=O)c7c6C(=O)N(C)C7=O)s5)s4)c4c3C(=O)N(C)C4=O)c2C1=O,CN1C(=O)c2c(-c3ccc(-c4ccc(-c5sc(-c6s[cH:2]c7c6C(=O)N(C)C7=O)c6c5C(=O)N(C)C6=O)s4)s3)sc(-c3sc(-c4ccc(-c5cc[cH:1]s5)s4)c4c3C(=O)N(C)C4=O)c2C1=O,23,23,True,ok
*c1ccc(-c2ccc(-c3ccc(-c4sc(-c5sc(-c6ccc(*)s6)c6c5C(=O)N(C)C6=O)c5c4C(=O)N(C)C5=O)s3)s2)s1,17,1,CN1C(=O)c2c(-c3cccs3)sc(-c3sc(-c4ccc(-c5ccc(-c6cccs6)s5)s4)c4c3C(=O)N(C)C4=O)c2C1=O,CN1C(=O)c2c(-c3ccc(-c4ccc(-c5cc[cH:1]s5)s4)s3)sc(-c3sc(-c4cc[cH:2]s4)c4c3C(=O)N(C)C4=O)c2C1=O,17,17,True,ok
*c1ccc(-c2ccc(-c3cc(C)c(-c4sc(-c5sc(-c6sc(*)cc6C)c6c5C(=O)N(C)C6=O)c5c4C(=O)N(C)C5=O)s3)s2)s1,17,1,Cc1ccsc1-c1sc(-c2sc(-c3sc(-c4ccc(-c5cccs5)s4)cc3C)c3c2C(=O)N(C)C3=O)c2c1C(=O)N(C)C2=O,Cc1cc(-c2ccc(-c3cc[cH:1]s3)s2)sc1-c1sc(-c2sc(-c3s[cH:2]cc3C)c3c2C(=O)N(C)C3=O)c2c1C(=O)N(C)C2=O,17,17,True,ok
*c1ccc(-c2ccc(-c3cc4c(=O)n(C)c5cc6c7sc(*)cc7c(=O)n(C)c6cc5c4s3)s2)s1,15,1,Cn1c(=O)c2ccsc2c2cc3c(cc21)c1sc(-c2ccc(-c4cccs4)s2)cc1c(=O)n3C,Cn1c(=O)c2cc(-c3ccc(-c4cc[cH:1]s4)s3)sc2c2cc3c(cc21)c1s[cH:2]cc1c(=O)n3C,15,15,True,ok
*c1ccc(C2=C3C(=O)N(C)C(c4ccc(-c5ccc(-c6ccc(-c7ccc(*)s7)cc6)s5)s4)=C3C(=O)N2C)s1,19,1,CN1C(=O)C2=C(c3ccc(-c4ccc(-c5ccc(-c6cccs6)cc5)s4)s3)N(C)C(=O)C2=C1c1cccs1,CN1C(=O)C2=C(c3cc[cH:1]s3)N(C)C(=O)C2=C1c1ccc(-c2ccc(-c3ccc(-c4cc[cH:2]s4)cc3)s2)s1,19,19,True,ok
*c1ccc(C2=C3C(=O)N(C)C(c4ccc(-c5ccc(-c6cc(F)c(-c7ccc(*)s7)cc6F)s5)s4)=C3C(=O)N2C)s1,19,1,CN1C(=O)C2=C(c3ccc(-c4ccc(-c5cc(F)c(-c6cccs6)cc5F)s4)s3)N(C)C(=O)C2=C1c1cccs1,CN1C(=O)C2=C(c3cc[cH:1]s3)N(C)C(=O)C2=C1c1ccc(-c2ccc(-c3cc(F)c(-c4cc[cH:2]s4)cc3F)s2)s1,19,19,True,ok
*c1cc2c3[n+](c1)[B-](F)(F)N(C)c1cc(-c4ccc(/C=C/c5ccc(*)s5)s4)c[n+](c1-3)[B-](F)(F)N2C,15,1,CN1c2cc(-c3ccc(/C=C/c4cccs4)s3)c[n+]3c2-c2c(ccc[n+]2[B-]1(F)F)N(C)[B-]3(F)F,CN1c2c[cH:1]c[n+]3c2-c2c(cc(-c4ccc(/C=C/c5cc[cH:2]s5)s4)c[n+]2[B-]1(F)F)N(C)[B-]3(F)F,15,15,True,ok
*c1cc2c3[n+](c1)[B-](F)(F)N(C)c1cc(-c4ccc(-c5ccc(*)s5)s4)c[n+](c1-3)[B-](F)(F)N2C,13,1,CN1c2cc(-c3ccc(-c4cccs4)s3)c[n+]3c2-c2c(ccc[n+]2[B-]1(F)F)N(C)[B-]3(F)F,CN1c2c[cH:1]c[n+]3c2-c2c(cc(-c4ccc(-c5cc[cH:2]s5)s4)c[n+]2[B-]1(F)F)N(C)[B-]3(F)F,13,13,True,ok
*/C=C/c1sc(-c2cc3c(=O)oc(-c4cc(C)c(*)s4)cc3c(=O)o2)cc1C,13,1,C=Cc1sc(-c2cc3c(=O)oc(-c4cc(C)cs4)cc3c(=O)o2)cc1C,Cc1cc(-c2cc3c(=O)oc(-c4cc(C)[cH:2]s4)cc3c(=O)o2)sc1C=[CH2:1],13,13,True,ok
*c1ccc(C2=C3C(=O)N(C)C(c4ccc(-c5ccc(/C=C/c6ccc(*)c(F)c6F)c(F)c5F)s4)=C3C(=O)N2C)s1,19,1,CN1C(=O)C2=C(c3ccc(-c4ccc(/C=C/c5cccc(F)c5F)c(F)c4F)s3)N(C)C(=O)C2=C1c1cccs1,CN1C(=O)C2=C(c3cc[cH:1]s3)N(C)C(=O)C2=C1c1ccc(-c2ccc(/C=C/c3cc[cH:2]c(F)c3F)c(F)c2F)s1,19,19,True,ok
*c1cc(F)c(/C=C/c2c(F)cc(-c3ccc(C4=C5C(=O)N(C)C(c6ccc(*)s6)=C5C(=O)N4C)s3)cc2F)c(F)c1,19,1,CN1C(=O)C2=C(c3ccc(-c4cc(F)c(/C=C/c5c(F)cccc5F)c(F)c4)s3)N(C)C(=O)C2=C1c1cccs1,CN1C(=O)C2=C(c3cc[cH:2]s3)N(C)C(=O)C2=C1c1ccc(-c2cc(F)c(/C=C/c3c(F)c[cH:1]cc3F)c(F)c2)s1,19,19,True,ok
*c1ccc2c(c1)N(C)C(=O)/C2=C1C=C/C(=C2C=C/C(=C3\C(=O)N(C)c4cc(-c5ccc(-c6ccc(*)s6)s5)ccc43)S/2(=O)=O)S\1(=O)=O,21,1,CN1C(=O)/C(=C2\C=C/C(=C3/C=C/C(=C4\C(=O)N(C)c5cc(-c6ccc(-c7cccs7)s6)ccc54)S3(=O)=O)S2(=O)=O)c2ccccc21,CN1C(=O)/C(=C2\C=C/C(=C3/C=C/C(=C4\C(=O)N(C)c5c[cH:1]ccc54)S3(=O)=O)S2(=O)=O)c2ccc(-c3ccc(-c4cc[cH:2]s4)s3)cc21,21,21,True,ok
*c1ccc(C2=C3C(=O)N(C)C(c4ccc(-c5cc(C)c(-c6cc7sc(-c8sc(*)cc8C)cc7s6)s5)nc4)=C3C(=O)N2C)cn1,22,1,Cc1ccsc1-c1cc2sc(-c3sc(-c4ccc(C5=C6C(=O)N(C)C(c7cccnc7)=C6C(=O)N5C)cn4)cc3C)cc2s1,Cc1cc(-c2ccc(C3=C4C(=O)N(C)C(c5cc[cH:1]nc5)=C4C(=O)N3C)cn2)sc1-c1cc2sc(-c3s[cH:2]cc3C)cc2s1,22,22,True,ok
*c1ccc2c(c1)N(C)C(=O)/C2=C1/C(=O)Oc2cc3c(cc21)OC(=O)/C3=C1/C(=O)N(C)c2cc(-c3cc(C)c(-c4sc(*)cc4C)s3)ccc21,21,1,Cc1ccsc1-c1sc(-c2ccc3c(c2)N(C)C(=O)/C3=C2/C(=O)Oc3cc4c(cc32)OC(=O)/C4=C2/C(=O)N(C)c3ccccc32)cc1C,Cc1cc(-c2ccc3c(c2)N(C)C(=O)/C3=C2/C(=O)Oc3cc4c(cc32)OC(=O)/C4=C2/C(=O)N(C)c3c[cH:1]ccc32)sc1-c1s[cH:2]cc1C,21,21,True,ok
*c1ccc2c(c1)N(C)C(=O)/C2=C1/C(=O)Oc2cc3c(cc21)OC(=O)/C3=C1/C(=O)N(C)c2cc(-c3cc(C)c(-c4cc(C)c(*)s4)s3)ccc21,21,1,Cc1csc(-c2sc(-c3ccc4c(c3)N(C)C(=O)/C4=C3/C(=O)Oc4cc5c(cc43)OC(=O)/C5=C3/C(=O)N(C)c4ccccc43)cc2C)c1,Cc1cc(-c2ccc3c(c2)N(C)C(=O)/C3=C2/C(=O)Oc3cc4c(cc32)OC(=O)/C4=C2/C(=O)N(C)c3c[cH:1]ccc32)sc1-c1cc(C)[cH:2]s1,21,21,True,ok
*c1ccc(C2=C3C(=O)N(C)C(c4ccc(-c5cc6sc(*)cc6s5)s4)=C3C(=O)N2C)nc1,15,1,CN1C(=O)C2=C(c3ccc(-c4cc5sccc5s4)s3)N(C)C(=O)C2=C1c1ccccn1,CN1C(=O)C2=C(c3ccc(-c4cc5s[cH:2]cc5s4)s3)N(C)C(=O)C2=C1c1cc[cH:1]cn1,15,15,True,ok
*c1ccc2c(c1)N(C)C(=O)/C2=C1/C(=O)N(C)c2cc3c(cc21)c(=O)c1cc2c(cc13)c(=O)c1cc3c(cc12)N(C)C(=O)/C3=C1/C(=O)N(C)c2cc(-c3ccc(-c4ccc(*)s4)s3)ccc21,28,1,CN1C(=O)/C(=C2/C(=O)N(C)c3cc4c(cc32)c(=O)c2cc3c(cc24)c(=O)c2cc4c(cc23)N(C)C(=O)/C4=C2/C(=O)N(C)c3cc(-c4ccc(-c5cccs5)s4)ccc32)c2ccccc21,CN1C(=O)/C(=C2/C(=O)N(C)c3cc4c(cc32)c(=O)c2cc3c(cc24)c(=O)c2cc4c(cc23)N(C)C(=O)/C4=C2/C(=O)N(C)c3c[cH:1]ccc32)c2ccc(-c3ccc(-c4cc[cH:2]s4)s3)cc21,28,28,True,ok
*c1ccc(-c2c(F)c(F)c(-c3ccc(-c4cc5c(cc(C)c6c7cc(*)sc7cc(C)c56)s4)s3)c3nsnc23)s1,17,1,Cc1cc2sc(-c3ccc(-c4c(F)c(F)c(-c5cccs5)c5nsnc45)s3)cc2c2c(C)cc3sccc3c12,Cc1cc2s[cH:2]cc2c2c(C)cc3sc(-c4ccc(-c5c(F)c(F)c(-c6cc[cH:1]s6)c6nsnc56)s4)cc3c12,17,17,True,ok
*c1ccc2c(n1)N(C)C(=O)/C2=C1/C(=O)Oc2cc3c(cc21)OC(=O)/C3=C1/C(=O)N(C)c2nc(-c3cc(C)c(-c4sc(*)cc4C)s3)ccc21,21,1,Cc1ccsc1-c1sc(-c2ccc3c(n2)N(C)C(=O)/C3=C2/C(=O)Oc3cc4c(cc32)OC(=O)/C4=C2/C(=O)N(C)c3ncccc32)cc1C,Cc1cc(-c2ccc3c(n2)N(C)C(=O)/C3=C2/C(=O)Oc3cc4c(cc32)OC(=O)/C4=C2/C(=O)N(C)c3n[cH:1]ccc32)sc1-c1s[cH:2]cc1C,21,21,True,ok
*c1ccc(C2=c3ccc4c5c(ccc4c3N(C)C2=O)=C(c2ccc(-c3ccc(-c4ccc(*)s4)s3)cc2)C(=O)N5C)cc1,21,1,CN1C(=O)C(c2ccccc2)=c2ccc3c4c(ccc3c21)=C(c1ccc(-c2ccc(-c3cccs3)s2)cc1)C(=O)N4C,CN1C(=O)C(c2ccc(-c3ccc(-c4cc[cH:2]s4)s3)cc2)=c2ccc3c4c(ccc3c21)=C(c1cc[cH:1]cc1)C(=O)N4C,21,21,True,ok
*c1ccc(C2=C3C(=O)N(C)C(c4cc5ccc(-c6ccc(-c7ccc(*)s7)s6)cc5s4)=C3C(=O)N2C)s1,17,1,CN1C(=O)C2=C(c3cc4ccc(-c5ccc(-c6cccs6)s5)cc4s3)N(C)C(=O)C2=C1c1cccs1,CN1C(=O)C2=C(c3cc[cH:1]s3)N(C)C(=O)C2=C1c1cc2ccc(-c3ccc(-c4cc[cH:2]s4)s3)cc2s1,17,17,True,ok
*c1ccc(C2=C3C(=O)N(C)C(c4cc5ccc(-c6cc7sc(*)cc7s6)cc5s4)=C3C(=O)N2C)s1,16,1,CN1C(=O)C2=C(c3cc4ccc(-c5cc6sccc6s5)cc4s3)N(C)C(=O)C2=C1c1cccs1,CN1C(=O)C2=C(c3cc[cH:1]s3)N(C)C(=O)C2=C1c1cc2ccc(-c3cc4s[cH:2]cc4s3)cc2s1,16,16,True,ok
*c1ccc(/C=C/c2ccc(-c3ccc(C4=C5C(=O)N(C)C(c6ccc(*)o6)=C5C(=O)N4C)o3)o2)o1,17,1,CN1C(=O)C2=C(c3ccc(-c4ccc(/C=C/c5ccco5)o4)o3)N(C)C(=O)C2=C1c1ccco1,CN1C(=O)C2=C(c3cc[cH:2]o3)N(C)C(=O)C2=C1c1ccc(-c2ccc(/C=C/c3cc[cH:1]o3)o2)o1,17,17,True,ok
*c1ccc(C2=C3C(=O)N(C)C(c4ccc(-c5ccc(/C(C#N)=C/c6cc(OC)c(/C=C(\C#N)c7ccc(*)s7)cc6OC)s5)s4)=C3C(=O)N2C)s1,23,1,COc1cc(/C=C(\C#N)c2ccc(-c3ccc(C4=C5C(=O)N(C)C(c6cccs6)=C5C(=O)N4C)s3)s2)c(OC)cc1/C=C(\C#N)c1cccs1,COc1cc(/C=C(\C#N)c2cc[cH:2]s2)c(OC)cc1/C=C(\C#N)c1ccc(-c2ccc(C3=C4C(=O)N(C)C(c5cc[cH:1]s5)=C4C(=O)N3C)s2)s1,23,23,True,ok
*c1ccc2c(c1)N(C)C(=O)/C2=C1/C(=O)Oc2c1ccc1c3c(ccc21)/C(=C1\C(=O)N(C)c2cc(-c4sc(-c5cc(C)c(*)s5)cc4C)ccc21)C(=O)O3,23,1,Cc1csc(-c2cc(C)c(-c3ccc4c(c3)N(C)C(=O)/C4=C3/C(=O)Oc4c3ccc3c5c(ccc43)/C(=C3\C(=O)N(C)c4ccccc43)C(=O)O5)s2)c1,Cc1cc(-c2cc(C)[cH:2]s2)sc1-c1ccc2c(c1)N(C)C(=O)/C2=C1/C(=O)Oc2c1ccc1c3c(ccc21)/C(=C1\C(=O)N(C)c2c[cH:1]ccc21)C(=O)O3,23,23,True,ok
*c1cc(C)c(-c2nc3sc(-c4sc(-c5cc(C)c(-c6sc(*)cc6C)s5)cc4C)nc3s2)s1,16,1,Cc1ccsc1-c1nc2sc(-c3sc(-c4cc(C)c(-c5sccc5C)s4)cc3C)nc2s1,Cc1cc(-c2cc(C)c(-c3s[cH:2]cc3C)s2)sc1-c1nc2sc(-c3s[cH:1]cc3C)nc2s1,16,16,True,ok
*c1cc(C)c(/C=C/c2sc(-c3cc(C)c(-c4nc5sc(-c6sc(*)cc6C)nc5s4)s3)cc2C)s1,18,1,Cc1ccsc1/C=C/c1sc(-c2cc(C)c(-c3nc4sc(-c5sccc5C)nc4s3)s2)cc1C,Cc1cc(-c2cc(C)c(-c3nc4sc(-c5s[cH:2]cc5C)nc4s3)s2)sc1/C=C/c1s[cH:1]cc1C,18,18,True,ok
*c1ccc(-c2cc3c(=O)n(C)c(=O)c4cc5c(cc4c3s2)c(=O)n(C)c(=O)c2cc(*)sc25)s1,12,2,Cn1c(=O)c2cc3c(cc2c2sccc2c1=O)c(=O)n(C)c(=O)c1cc(-c2ccc(-c4cc5c(=O)n(C)c(=O)c6cc7c(cc6c5s4)c(=O)n(C)c(=O)c4cc(-c5cccs5)sc47)s2)sc13,Cn1c(=O)c2cc3c(cc2c2sc(-c4ccc(-c5cc6c(=O)n(C)c(=O)c7cc8c(cc7c6s5)c(=O)n(C)c(=O)c5c[cH:2]sc58)s4)cc2c1=O)c(=O)n(C)c(=O)c1cc(-c2cc[cH:1]s2)sc13,25,25,True,ok
*c1ccc2c(ccc3cc(-c4ccc(C5=C6C(=O)N(C)C(c7ccc(*)s7)=C6C(=O)N5C)s4)ccc32)c1,17,1,CN1C(=O)C2=C(c3ccc(-c4ccc5c(ccc6ccccc65)c4)s3)N(C)C(=O)C2=C1c1cccs1,CN1C(=O)C2=C(c3cc[cH:2]s3)N(C)C(=O)C2=C1c1ccc(-c2ccc3c(ccc4c[cH:1]ccc43)c2)s1,17,17,True,ok
*c1ccc2c(c1)c(OC)c(OC)c1cc(-c3ccc(C4=C5C(=O)N(C)C(c6ccc(*)s6)=C5C(=O)N4C)s3)ccc12,17,1,COc1c(OC)c2cc(-c3ccc(C4=C5C(=O)N(C)C(c6cccs6)=C5C(=O)N4C)s3)ccc2c2ccccc12,COc1c(OC)c2c[cH:1]ccc2c2ccc(-c3ccc(C4=C5C(=O)N(C)C(c6cc[cH:2]s6)=C5C(=O)N4C)s3)cc12,17,17,True,ok
*c1ccc2cc(-c3ccc(C4=C5C(=O)N(C)C(c6ccc(*)s6)=C5C(=O)N4C)s3)ccc2c1,15,1,CN1C(=O)C2=C(c3ccc(-c4ccc5ccccc5c4)s3)N(C)C(=O)C2=C1c1cccs1,CN1C(=O)C2=C(c3cc[cH:2]s3)N(C)C(=O)C2=C1c1ccc(-c2ccc3c[cH:1]ccc3c2)s1,15,15,True,ok
*c1ccc(-c2sc(-c3c4c(c(-c5cc(C)c(*)s5)c5nsnc35)N=S=N4)cc2C)cc1,13,1,Cc1csc(-c2c3c(c(-c4cc(C)c(-c5ccccc5)s4)c4nsnc24)N=S=N3)c1,Cc1cc(-c2c3c(c(-c4cc(C)[cH:2]s4)c4nsnc24)N=S=N3)sc1-c1cc[cH:1]cc1,13,13,True,ok
*c1sc(-c2c3c(c(-c4cc(C)c(-c5c(F)c(F)c(*)c(F)c5F)s4)c4nsnc24)N=S=N3)cc1C,13,1,Cc1csc(-c2c3c(c(-c4cc(C)c(-c5c(F)c(F)cc(F)c5F)s4)c4nsnc24)N=S=N3)c1,Cc1cc(-c2c3c(c(-c4cc(C)[cH:1]s4)c4nsnc24)N=S=N3)sc1-c1c(F)c(F)[cH:2]c(F)c1F,13,13,True,ok
*c1ccc(-c2ccc(-c3ccc(-c4sc(-c5c6c(c(-c7cc(C)c(*)s7)c7nn(C)nc57)N=S=N6)cc4C)s3)cc2)s1,19,1,Cc1csc(-c2c3c(c(-c4cc(C)c(-c5ccc(-c6ccc(-c7cccs7)cc6)s5)s4)c4nn(C)nc24)N=S=N3)c1,Cc1cc(-c2c3c(c(-c4cc(C)[cH:2]s4)c4nn(C)nc24)N=S=N3)sc1-c1ccc(-c2ccc(-c3cc[cH:1]s3)cc2)s1,19,19,True,ok
*c1ccc(-c2cc3sc4c(c3s2)C(C)(C)c2cc3c(cc2-4)C(C)(C)c2c-3sc3cc(*)sc23)s1,15,1,CC1(C)c2cc3c(cc2-c2sc4ccsc4c21)C(C)(C)c1c-3sc2cc(-c3cccs3)sc12,CC1(C)c2cc3c(cc2-c2sc4cc(-c5cc[cH:1]s5)sc4c21)C(C)(C)c1c-3sc2c[cH:2]sc12,15,15,True,ok
*c1cc2sc(-c3cc4sc5c(c4s3)C(C)(C)c3cc4c(cc3-5)C(C)(C)c3c-4sc4cc(*)sc34)cc2s1,17,1,CC1(C)c2cc3c(cc2-c2sc4ccsc4c21)C(C)(C)c1c-3sc2cc(-c3cc4sccc4s3)sc12,CC1(C)c2cc3c(cc2-c2sc4cc(-c5cc6s[cH:1]cc6s5)sc4c21)C(C)(C)c1c-3sc2c[cH:2]sc12,17,17,True,ok
*/C=C/c1sc(/C=C/c2c(F)c(F)c(/C=C/c3cc(C)c(*)s3)c3nsnc23)cc1C,15,1,C=Cc1sc(/C=C/c2c(F)c(F)c(/C=C/c3cc(C)cs3)c3nsnc23)cc1C,Cc1cc(/C=C/c2c(F)c(F)c(/C=C/c3cc(C)[cH:2]s3)c3nsnc23)sc1C=[CH2:1],15,15,True,ok
*c1ccc(-c2ccc(-c3sc(-c4ccc(-c5cc(C)c(*)s5)c5nsnc45)cc3C)s2)s1,15,1,Cc1csc(-c2ccc(-c3cc(C)c(-c4ccc(-c5cccs5)s4)s3)c3nsnc23)c1,Cc1cc(-c2ccc(-c3cc(C)[cH:2]s3)c3nsnc23)sc1-c1ccc(-c2cc[cH:1]s2)s1,15,15,True,ok
*c1ccc(/C=C/c2ccc(-c3sc(-c4ccc(-c5cc(C)c(*)s5)c5nsnc45)cc3C)s2)s1,17,1,Cc1csc(-c2ccc(-c3cc(C)c(-c4ccc(/C=C/c5cccs5)s4)s3)c3nsnc23)c1,Cc1cc(-c2ccc(-c3cc(C)[cH:2]s3)c3nsnc23)sc1-c1ccc(/C=C/c2cc[cH:1]s2)s1,17,17,True,ok
*c1ccc(-c2ccc(-c3sc(/C=C/c4ccc(/C=C/c5cc(C)c(*)s5)c5nsnc45)cc3C)s2)s1,19,1,Cc1csc(/C=C/c2ccc(/C=C/c3cc(C)c(-c4ccc(-c5cccs5)s4)s3)c3nsnc23)c1,Cc1cc(/C=C/c2ccc(/C=C/c3cc(C)[cH:2]s3)c3nsnc23)sc1-c1ccc(-c2cc[cH:1]s2)s1,19,19,True,ok
*c1cc(OC)c(-c2sc(-c3c(C#N)c(C#N)c(*)c4nsnc34)cc2C)s1,9,2,COc1ccsc1-c1sc(-c2c(C#N)c(C#N)c(-c3cc(OC)c(-c4sc(-c5c(C#N)c(C#N)cc6nsnc56)cc4C)s3)c3nsnc23)cc1C,COc1cc(-c2c(C#N)c(C#N)c(-c3cc(C)c(-c4s[cH:1]cc4OC)s3)c3nsnc23)sc1-c1sc(-c2c(C#N)c(C#N)[cH:2]c3nsnc23)cc1C,19,19,True,ok
*c1ccc(C2=C/C(=C3/C=C(c4ccc(-c5ccc(-c6ccc(*)s6)s5)s4)N(C)C3=O)C(=O)N2C)s1,17,1,CN1C(=O)/C(=C2\C=C(c3ccc(-c4ccc(-c5cccs5)s4)s3)N(C)C2=O)C=C1c1cccs1,CN1C(=O)/C(=C2\C=C(c3cc[cH:1]s3)N(C)C2=O)C=C1c1ccc(-c2ccc(-c3cc[cH:2]s3)s2)s1,17,17,True,ok
*c1ccc(C2=C/C(=C3/C=C(c4ccc(-c5ccc(*)[se]5)s4)N(C)C3=O)C(=O)N2C)s1,14,1,CN1C(=O)/C(=C2\C=C(c3ccc(-c4ccc[se]4)s3)N(C)C2=O)C=C1c1cccs1,CN1C(=O)/C(=C2\C=C(c3cc[cH:1]s3)N(C)C2=O)C=C1c1ccc(-c2cc[cH:2][se]2)s1,14,14,True,ok
*c1ccc(-c2ccc(-c3ccc(-c4c5nn(C)nc5c(-c5ccc(*)s5)c5n[n+](C)[n-]c45)s3)s2)s1,15,1,Cn1nc2c(-c3cccs3)c3n[n+](C)[n-]c3c(-c3ccc(-c4ccc(-c5cccs5)s4)s3)c2n1,Cn1nc2c(-c3cc[cH:2]s3)c3n[n+](C)[n-]c3c(-c3ccc(-c4ccc(-c5cc[cH:1]s5)s4)s3)c2n1,15,15,True,ok
*c1ccc(-c2c3nn(C)nc3c(-c3ccc(-c4cc5sc(*)cc5s4)s3)c3[n-][n+](C)nc23)s1,14,1,Cn1nc2c(-c3cccs3)c3n[n+](C)[n-]c3c(-c3ccc(-c4cc5sccc5s4)s3)c2n1,Cn1nc2c(-c3cc[cH:1]s3)c3n[n+](C)[n-]c3c(-c3ccc(-c4cc5s[cH:2]cc5s4)s3)c2n1,14,14,True,ok
*c1ccc(-c2ccc(-c3sc(C4=C5C(=O)N(C)C(c6cc(C)c(*)s6)=C5C(=O)N4C)cc3C)s2)s1,15,1,Cc1csc(C2=C3C(=O)N(C)C(c4cc(C)c(-c5ccc(-c6cccs6)s5)s4)=C3C(=O)N2C)c1,Cc1cc(C2=C3C(=O)N(C)C(c4cc(C)[cH:2]s4)=C3C(=O)N2C)sc1-c1ccc(-c2cc[cH:1]s2)s1,15,15,True,ok
*c1ccc(/C=C/c2ccc(-c3sc(C4=C5C(=O)N(C)C(c6cc(C)c(*)s6)=C5C(=O)N4C)cc3C)s2)s1,17,1,Cc1csc(C2=C3C(=O)N(C)C(c4cc(C)c(-c5ccc(/C=C/c6cccs6)s5)s4)=C3C(=O)N2C)c1,Cc1cc(C2=C3C(=O)N(C)C(c4cc(C)[cH:2]s4)=C3C(=O)N2C)sc1-c1ccc(/C=C/c2cc[cH:1]s2)s1,17,17,True,ok
*c1ccc2c(c1)N(C)C(=O)/C2=C1/C(=O)N(C)c2cc(-c3cc(OC)c(-c4sc(*)cc4OC)s3)ccc21,15,1,COc1ccsc1-c1sc(-c2ccc3c(c2)N(C)C(=O)/C3=C2/C(=O)N(C)c3ccccc32)cc1OC,COc1cc(-c2ccc3c(c2)N(C)C(=O)/C3=C2/C(=O)N(C)c3c[cH:1]ccc32)sc1-c1s[cH:2]cc1OC,15,15,True,ok
*c1ccc(-c2cc3sc4c(c3s2)N(C)C(=O)/C4=C2/C(=O)N(C)c3c2sc2cc(*)sc32)s1,14,1,CN1C(=O)/C(=C2/C(=O)N(C)c3c2sc2cc(-c4cccs4)sc32)c2sc3ccsc3c21,CN1C(=O)/C(=C2/C(=O)N(C)c3c2sc2c[cH:2]sc32)c2sc3cc(-c4cc[cH:1]s4)sc3c21,14,14,True,ok
*c1cc2sc(-c3cc4sc5c(c4s3)N(C)C(=O)/C5=C3/C(=O)N(C)c4c3sc3cc(*)sc43)cc2s1,16,1,CN1C(=O)/C(=C2/C(=O)N(C)c3c2sc2cc(-c4cc5sccc5s4)sc32)c2sc3ccsc3c21,CN1C(=O)/C(=C2/C(=O)N(C)c3c2sc2c[cH:2]sc32)c2sc3cc(-c4cc5s[cH:1]cc5s4)sc3c21,16,16,True,ok
*c1ccc(/C=C/c2ccc(-c3cc4sc5c(c4s3)N(C)C(=O)/C5=C3/C(=O)N(C)c4c3sc3cc(*)sc43)s2)s1,19,1,CN1C(=O)/C(=C2/C(=O)N(C)c3c2sc2cc(-c4ccc(/C=C/c5cccs5)s4)sc32)c2sc3ccsc3c21,CN1C(=O)/C(=C2/C(=O)N(C)c3c2sc2c[cH:2]sc32)c2sc3cc(-c4ccc(/C=C/c5cc[cH:1]s5)s4)sc3c21,19,19,True,ok
*c1ccc(C2=C3C(=O)N(C)C(c4ccc(-c5cc(C#N)c(-c6sc(*)cc6C#N)s5)cn4)=C3C(=O)N2C)nc1,17,1,CN1C(=O)C2=C(c3ccc(-c4cc(C#N)c(-c5sccc5C#N)s4)cn3)N(C)C(=O)C2=C1c1ccccn1,CN1C(=O)C2=C(c3cc[cH:1]cn3)N(C)C(=O)C2=C1c1ccc(-c2cc(C#N)c(-c3s[cH:2]cc3C#N)s2)cn1,17,17,True,ok
*c1ccc(-c2ccc(-c3cc4c(s3)C3=C5C(=O)N6C=C(C)c7cc(*)sc7C6=C5C(=O)N3C=C4C)s2)s1,15,1,CC1=CN2C(=O)C3=C4c5sc(-c6ccc(-c7cccs7)s6)cc5C(C)=CN4C(=O)C3=C2c2sccc21,CC1=CN2C(=O)C3=C4c5s[cH:2]cc5C(C)=CN4C(=O)C3=C2c2sc(-c3ccc(-c4cc[cH:1]s4)s3)cc21,15,15,True,ok
*c1ccc(-c2ccc(-c3cc4c(c5ccsc35)c3c(=O)n(C)c(=O)c3c3c5cc(*)c6sccc6c5c5c(=O)n(C)c(=O)c5c43)s2)s1,13,1,Cn1c(=O)c2c(c1=O)c1c3cc(-c4ccc(-c5cccs5)s4)c4sccc4c3c3c(=O)n(C)c(=O)c3c1c1ccc3sccc3c12,Cn1c(=O)c2c(c1=O)c1c3c[cH:2]c4sccc4c3c3c(=O)n(C)c(=O)c3c1c1cc(-c3ccc(-c4cc[cH:1]s4)s3)c3sccc3c12,13,13,True,ok
*c1ccc2c(n1)N(C)C(=O)/C2=C1/C(=O)N(C)c2c1ccc1c3c(ccc21)/C(=C1\C(=O)N(C)c2nc(-c4ccc(-c5ccc(*)s5)s4)ccc21)C(=O)N3C,23,1,CN1C(=O)/C(=C2/C(=O)N(C)c3c2ccc2c4c(ccc32)/C(=C2\C(=O)N(C)c3nc(-c5ccc(-c6cccs6)s5)ccc32)C(=O)N4C)c2cccnc21,CN1C(=O)/C(=C2/C(=O)N(C)c3c2ccc2c4c(ccc32)/C(=C2\C(=O)N(C)c3n[cH:1]ccc32)C(=O)N4C)c2ccc(-c3ccc(-c4cc[cH:2]s4)s3)nc21,23,23,True,ok
*c1ccc(C2=C3C(=O)N(C)C(c4ccc(-c5cc6sc(/C=C/c7sc8cc(*)sc8c7C)c(C)c6s5)s4)=C3C(=O)N2C)s1,21,1,Cc1c(/C=C/c2sc3cc(-c4ccc(C5=C6C(=O)N(C)C(c7cccs7)=C6C(=O)N5C)s4)sc3c2C)sc2ccsc12,Cc1c(/C=C/c2sc3c[cH:2]sc3c2C)sc2cc(-c3ccc(C4=C5C(=O)N(C)C(c6cc[cH:1]s6)=C5C(=O)N4C)s3)sc12,21,21,True,ok
*c1cc2sc(C3=C4C(=O)N(C)C(c5cc6sc(-c7cc8sc(/C=C/c9sc%10cc(*)sc%10c9C)c(C)c8s7)cc6s5)=C4C(=O)N3C)cc2s1,25,1,Cc1c(/C=C/c2sc3cc(-c4cc5sc(C6=C7C(=O)N(C)C(c8cc9sccc9s8)=C7C(=O)N6C)cc5s4)sc3c2C)sc2ccsc12,Cc1c(/C=C/c2sc3c[cH:2]sc3c2C)sc2cc(-c3cc4sc(C5=C6C(=O)N(C)C(c7cc8s[cH:1]cc8s7)=C6C(=O)N5C)cc4s3)sc12,25,25,True,ok
*c1ccc2c(c1)N(C)C(=O)/C2=C1\C=C2C(=C/C(=C3\C(=O)N(C)c4cc(-c5ccc(*)s5)ccc43)S2(=O)=O)S1(=O)=O,17,1,CN1C(=O)/C(=C2\C=C3C(=C/C(=C4\C(=O)N(C)c5cc(-c6cccs6)ccc54)S3(=O)=O)S2(=O)=O)c2ccccc21,CN1C(=O)/C(=C2\C=C3C(=C/C(=C4\C(=O)N(C)c5c[cH:1]ccc54)S3(=O)=O)S2(=O)=O)c2ccc(-c3cc[cH:2]s3)cc21,17,17,True,ok
*c1ccc2c(c1)N(C)C(=O)/C2=C1\C=C2C(=C/C(=C3\C(=O)N(C)c4cc(-c5cc6sc(*)cc6s5)ccc43)S2(=O)=O)S1(=O)=O,19,1,CN1C(=O)/C(=C2\C=C3C(=C/C(=C4\C(=O)N(C)c5cc(-c6cc7sccc7s6)ccc54)S3(=O)=O)S2(=O)=O)c2ccccc21,CN1C(=O)/C(=C2\C=C3C(=C/C(=C4\C(=O)N(C)c5c[cH:1]ccc54)S3(=O)=O)S2(=O)=O)c2ccc(-c3cc4s[cH:2]cc4s3)cc21,19,19,True,ok
*c1ccc2c(c1)N(C)C(=O)/C2=C1\C=C2C(=C/C(=C3\C(=O)N(C)c4cc(-c5ccc(-c6ccc(*)s6)s5)ccc43)S2(=O)=O)S1(=O)=O,20,1,CN1C(=O)/C(=C2\C=C3C(=C/C(=C4\C(=O)N(C)c5cc(-c6ccc(-c7cccs7)s6)ccc54)S3(=O)=O)S2(=O)=O)c2ccccc21,CN1C(=O)/C(=C2\C=C3C(=C/C(=C4\C(=O)N(C)c5c[cH:1]ccc54)S3(=O)=O)S2(=O)=O)c2ccc(-c3ccc(-c4cc[cH:2]s4)s3)cc21,20,20,True,ok
*c1cnc(-c2ccc(C3=C4C(=O)N(C)C(c5ccc(*)s5)=C4C(=O)N3C)s2)cn1,13,1,CN1C(=O)C2=C(c3ccc(-c4cnccn4)s3)N(C)C(=O)C2=C1c1cccs1,CN1C(=O)C2=C(c3cc[cH:2]s3)N(C)C(=O)C2=C1c1ccc(-c2cn[cH:1]cn2)s1,13,13,True,ok
*c1cc2c(OC)c3cccc4c(*)cc5c(OC)c6cccc1c6c2c5c43,7,2,COc1c2cccc3c(-c4cc5c(OC)c6cccc7ccc8c(OC)c9cccc4c9c5c8c76)cc4c(OC)c5cccc6ccc1c(c65)c4c32,COc1c2cccc3c(-c4cc5c(OC)c6cccc7c6c6c(c[cH:2]7)c(OC)c7cccc4c7c56)cc4c(OC)c5cccc6c5c(c1c[cH:1]6)c4c32,15,15,True,ok
*c1ccc(-c2ccc(-c3ccc(-c4cc5c(OC)c6cccc7c(*)cc8c(OC)c9cccc4c9c5c8c76)s3)c3nonc23)s1,17,1,COc1c2cccc3c(-c4ccc(-c5ccc(-c6cccs6)c6nonc56)s4)cc4c(OC)c5cccc6ccc1c(c65)c4c32,COc1c2cccc3c(-c4ccc(-c5ccc(-c6cc[cH:1]s6)c6nonc56)s4)cc4c(OC)c5cccc6c5c(c1c[cH:2]6)c4c32,17,17,True,ok
*c1ccc(-c2ccc(-c3ccc(-c4cc5c(OC)c6cccc7c(*)cc8c(OC)c9cccc4c9c5c8c76)s3)c3nsnc23)s1,17,1,COc1c2cccc3c(-c4ccc(-c5ccc(-c6cccs6)c6nsnc56)s4)cc4c(OC)c5cccc6ccc1c(c65)c4c32,COc1c2cccc3c(-c4ccc(-c5ccc(-c6cc[cH:1]s6)c6nsnc56)s4)cc4c(OC)c5cccc6c5c(c1c[cH:2]6)c4c32,17,17,True,ok
*c1ccc2c(c1)N(C)C(=O)/C2=C1/C(=O)N(C)c2cc(-c3cc(C#N)c(/C=C/c4sc(*)cc4C#N)s3)ccc21,17,1,CN1C(=O)/C(=C2/C(=O)N(C)c3cc(-c4cc(C#N)c(/C=C/c5sccc5C#N)s4)ccc32)c2ccccc21,CN1C(=O)/C(=C2/C(=O)N(C)c3c[cH:1]ccc32)c2ccc(-c3cc(C#N)c(/C=C/c4s[cH:2]cc4C#N)s3)cc21,17,17,True,ok
*c1ccc2c(n1)N(C)C(=O)/C2=C1/C(=O)N(C)c2nc(-c3cc(C#N)c(/C=C/c4sc(*)cc4C#N)s3)ccc21,17,1,CN1C(=O)/C(=C2/C(=O)N(C)c3nc(-c4cc(C#N)c(/C=C/c5sccc5C#N)s4)ccc32)c2cccnc21,CN1C(=O)/C(=C2/C(=O)N(C)c3n[cH:1]ccc32)c2ccc(-c3cc(C#N)c(/C=C/c4s[cH:2]cc4C#N)s3)nc21,17,17,True,ok
*c1ccc(C2=C3C(=O)N(C)C(c4ccc(-c5ccc(-c6nnc(-c7ccc(*)s7)o6)s5)s4)=C3C(=O)N2C)s1,18,1,CN1C(=O)C2=C(c3ccc(-c4ccc(-c5nnc(-c6cccs6)o5)s4)s3)N(C)C(=O)C2=C1c1cccs1,CN1C(=O)C2=C(c3cc[cH:1]s3)N(C)C(=O)C2=C1c1ccc(-c2ccc(-c3nnc(-c4cc[cH:2]s4)o3)s2)s1,18,18,True,ok
*c1ccc(C2=C3C(=O)N(C)C(c4ccc(-c5ccc(-c6nnc(-c7ccc(*)s7)s6)s5)s4)=C3C(=O)N2C)s1,18,1,CN1C(=O)C2=C(c3ccc(-c4ccc(-c5nnc(-c6cccs6)s5)s4)s3)N(C)C(=O)C2=C1c1cccs1,CN1C(=O)C2=C(c3cc[cH:1]s3)N(C)C(=O)C2=C1c1ccc(-c2ccc(-c3nnc(-c4cc[cH:2]s4)s3)s2)s1,18,18,True,ok
*c1ccc(C2=C3C(=O)N(C)C(c4ccc(-c5ccc(-c6nnc(-c7ccc(*)[se]7)o6)[se]5)s4)=C3C(=O)N2C)s1,18,1,CN1C(=O)C2=C(c3ccc(-c4ccc(-c5nnc(-c6ccc[se]6)o5)[se]4)s3)N(C)C(=O)C2=C1c1cccs1,CN1C(=O)C2=C(c3cc[cH:1]s3)N(C)C(=O)C2=C1c1ccc(-c2ccc(-c3nnc(-c4cc[cH:2][se]4)o3)[se]2)s1,18,18,True,ok
*c1ccc(/C=C2\C(=O)N(C)c3c2ccc2c4c(ccc32)/C(=C/c2ccc(-c3sc(-c5cc(C)c(*)s5)cc3C)s2)C(=O)N4C)s1,21,1,Cc1csc(-c2cc(C)c(-c3ccc(/C=C4\C(=O)N(C)c5c4ccc4c6c(ccc54)/C(=C/c4cccs4)C(=O)N6C)s3)s2)c1,Cc1cc(-c2cc(C)[cH:2]s2)sc1-c1ccc(/C=C2\C(=O)N(C)c3c2ccc2c4c(ccc32)/C(=C/c2cc[cH:1]s2)C(=O)N4C)s1,21,21,True,ok
*/C=C/c1ccc2c(c1)N(C)C(=O)/C2=C\c1ccc(/C=C2\C(=O)N(C)c3cc(*)ccc32)cc1,17,1,C=Cc1ccc2c(c1)N(C)C(=O)/C2=C\c1ccc(/C=C2\C(=O)N(C)c3ccccc32)cc1,CN1C(=O)/C(=C\c2ccc(/C=C3\C(=O)N(C)c4c[cH:2]ccc43)cc2)c2ccc(C=[CH2:1])cc21,17,17,True,ok
*c1ccc2c(c1)N(C)C(=O)/C2=c1\s/c(=c2/s/c(=C3\C(=O)N(C)c4cc(-c5ccc(-c6ccc(*)s6)s5)ccc43)c(OC)c2OC)c(OC)c1OC,21,1,COc1c(OC)/c(=c2\s/c(=C3\C(=O)N(C)c4cc(-c5ccc(-c6cccs6)s5)ccc43)c(OC)c2OC)s/c1=C1\C(=O)N(C)c2ccccc21,COc1c(OC)/c(=c2\s/c(=C3\C(=O)N(C)c4c[cH:1]ccc43)c(OC)c2OC)s/c1=C1\C(=O)N(C)c2cc(-c3ccc(-c4cc[cH:2]s4)s3)ccc21,21,21,True,ok
*c1ccc(-c2ccc(-c3ccc4c(c3F)N(C)C(=O)/C4=c3\s/c(=c4/s/c(=C5\C(=O)N(C)c6c5ccc(*)c6F)c(OC)c4OC)c(OC)c3OC)s2)s1,21,1,COc1c(OC)/c(=c2\s/c(=C3\C(=O)N(C)c4c3ccc(-c3ccc(-c5cccs5)s3)c4F)c(OC)c2OC)s/c1=C1\C(=O)N(C)c2c(F)cccc21,COc1c(OC)/c(=c2\s/c(=C3\C(=O)N(C)c4c3cc[cH:2]c4F)c(OC)c2OC)s/c1=C1\C(=O)N(C)c2c1ccc(-c1ccc(-c3cc[cH:1]s3)s1)c2F,21,21,True,ok
*c1ccc2c(c1)N(C)C(=O)/C2=c1\s/c(=c2/s/c(=C3\C(=O)N(C)c4cc(-c5cc(F)c(-c6sc(*)cc6F)s5)ccc43)c(OC)c2OC)c(OC)c1OC,21,1,COc1c(OC)/c(=c2\s/c(=C3\C(=O)N(C)c4cc(-c5cc(F)c(-c6sccc6F)s5)ccc43)c(OC)c2OC)s/c1=C1\C(=O)N(C)c2ccccc21,COc1c(OC)/c(=c2\s/c(=C3\C(=O)N(C)c4c[cH:1]ccc43)c(OC)c2OC)s/c1=C1\C(=O)N(C)c2cc(-c3cc(F)c(-c4s[cH:2]cc4F)s3)ccc21,21,21,True,ok
*c1ccc(-c2ccc(-c3ccc(-c4cc5c6c(c(*)cc7c6c4C(=O)N(C)C7=O)C(=O)N(C)C5=O)s3)cc2)s1,15,1,CN1C(=O)c2ccc3c4c(c(-c5ccc(-c6ccc(-c7cccs7)cc6)s5)cc(c24)C1=O)C(=O)N(C)C3=O,CN1C(=O)c2c[cH:2]c3c4c(cc(-c5ccc(-c6ccc(-c7cc[cH:1]s7)cc6)s5)c(c24)C1=O)C(=O)N(C)C3=O,15,15,True,ok
*c1ccc(-c2ccc(-c3ccc(-c4cc5c6c(c(*)cc7c6c4C(=O)N(C)C7=O)C(=O)N(C)C5=O)s3)cn2)s1,15,1,CN1C(=O)c2ccc3c4c(c(-c5ccc(-c6ccc(-c7cccs7)nc6)s5)cc(c24)C1=O)C(=O)N(C)C3=O,CN1C(=O)c2c[cH:2]c3c4c(cc(-c5ccc(-c6ccc(-c7cc[cH:1]s7)nc6)s5)c(c24)C1=O)C(=O)N(C)C3=O,15,15,True,ok
*c1ccc2c(c1)N(C)C(=O)/C2=C1/C(=O)N(C)c2cc(-c3ccc4c(c3)c(OC)c3ccc5c6ccc(*)cc6c(OC)c6ccc4c3c65)ccc21,21,1,COc1c2ccccc2c2ccc3c(OC)c4cc(-c5ccc6c(c5)N(C)C(=O)/C6=C5/C(=O)N(C)c6ccccc65)ccc4c4ccc1c2c34,COc1c2cc(-c3ccc4c(c3)N(C)C(=O)/C4=C3/C(=O)N(C)c4c[cH:1]ccc43)ccc2c2ccc3c(OC)c4c[cH:2]ccc4c4ccc1c2c34,21,21,True,ok
*c1ccc2c(c1)c(OC)c1ccc3c4ccc(-c5ccc(C6=C7C(=O)N(C)C(c8ccc(*)s8)=C7C(=O)N6C)s5)cc4c(OC)c4ccc2c1c43,21,1,COc1c2ccccc2c2ccc3c(OC)c4cc(-c5ccc(C6=C7C(=O)N(C)C(c8cccs8)=C7C(=O)N6C)s5)ccc4c4ccc1c2c34,COc1c2cc(-c3ccc(C4=C5C(=O)N(C)C(c6cc[cH:2]s6)=C5C(=O)N4C)s3)ccc2c2ccc3c(OC)c4c[cH:1]ccc4c4ccc1c2c34,21,21,True,ok
*c1nc2sc3nc(-c4sc(/C=C/c5cc(C)c(*)s5)cc4C)sc3c2s1,13,1,Cc1csc(/C=C/c2cc(C)c(-c3nc4sc5ncsc5c4s3)s2)c1,Cc1cc(/C=C/c2cc(C)[cH:2]s2)sc1-c1nc2sc3n[cH:1]sc3c2s1,13,13,True,ok
*c1nc2[se]c3nc(-c4sc(/C=C/c5cc(C)c(*)s5)cc4C)sc3c2s1,13,1,Cc1csc(/C=C/c2cc(C)c(-c3nc4[se]c5ncsc5c4s3)s2)c1,Cc1cc(/C=C/c2cc(C)[cH:2]s2)sc1-c1nc2[se]c3n[cH:1]sc3c2s1,13,13,True,ok
*c1cc2c(s1)-c1sc(-c3sc(/C=C/c4cc(C)c(*)s4)cc3C)cc1[Si]2(C)C,13,1,Cc1csc(/C=C/c2cc(C)c(-c3cc4c(s3)-c3sccc3[Si]4(C)C)s2)c1,Cc1cc(/C=C/c2cc(C)[cH:2]s2)sc1-c1cc2c(s1)-c1s[cH:1]cc1[Si]2(C)C,13,13,True,ok
*c1ccc(-c2sc(-c3c(OC)c(OC)c(-c4cc(C)c(*)s4)c4nsnc34)cc2C)s1,12,2,COc1c(OC)c(-c2cc(C)c(-c3ccc(-c4sc(-c5c(OC)c(OC)c(-c6cc(C)c(-c7cccs7)s6)c6nsnc56)cc4C)s3)s2)c2nsnc2c1-c1cc(C)cs1,COc1c(OC)c(-c2cc(C)c(-c3cc[cH:1]s3)s2)c2nsnc2c1-c1cc(C)c(-c2ccc(-c3sc(-c4c(OC)c(OC)c(-c5cc(C)[cH:2]s5)c5nsnc45)cc3C)s2)s1,25,25,True,ok
*c1sc(-c2c(OC)c(OC)c(-c3cc(C)c(-c4sc(*)c(F)c4F)s3)c3nsnc23)cc1C,12,2,COc1c(OC)c(-c2cc(C)c(-c3sc(-c4sc(-c5c(OC)c(OC)c(-c6cc(C)c(-c7scc(F)c7F)s6)c6nsnc56)cc4C)c(F)c3F)s2)c2nsnc2c1-c1cc(C)cs1,COc1c(OC)c(-c2cc(C)c(-c3s[cH:2]c(F)c3F)s2)c2nsnc2c1-c1cc(C)c(-c2sc(-c3sc(-c4c(OC)c(OC)c(-c5cc(C)[cH:1]s5)c5nsnc45)cc3C)c(F)c2F)s1,25,25,True,ok
*c1ccc(-c2ccc(-c3sc(-c4c(OC)c(OC)c(-c5cc(C)c(*)s5)c5nsnc45)cc3C)s2)s1,15,1,COc1c(OC)c(-c2cc(C)c(-c3ccc(-c4cccs4)s3)s2)c2nsnc2c1-c1cc(C)cs1,COc1c(OC)c(-c2cc(C)[cH:2]s2)c2nsnc2c1-c1cc(C)c(-c2ccc(-c3cc[cH:1]s3)s2)s1,15,15,True,ok
*c1cc(F)c(-c2sc(-c3sc(-c4c(OC)c(OC)c(-c5cc(C)c(*)s5)c5nsnc45)cc3C)cc2F)s1,15,1,COc1c(OC)c(-c2cc(C)c(-c3cc(F)c(-c4sccc4F)s3)s2)c2nsnc2c1-c1cc(C)cs1,COc1c(OC)c(-c2cc(C)[cH:2]s2)c2nsnc2c1-c1cc(C)c(-c2cc(F)c(-c3s[cH:1]cc3F)s2)s1,15,15,True,ok
*c1ccc(-c2cc3c(=O)n(C)c(=O)c4cc5c(*)cc6c(=O)n(C)c(=O)c7cc2c(c34)c5c67)s1,8,2,Cn1c(=O)c2ccc3cc4c(=O)n(C)c(=O)c5cc(-c6ccc(-c7cc8c(=O)n(C)c(=O)c9cc%10c(-c%11cccs%11)cc%11c(=O)n(C)c(=O)c%12cc7c(c89)c%10c%11%12)s6)c6cc(c1=O)c2c3c6c54,Cn1c(=O)c2cc(-c3ccc(-c4cc5c(=O)n(C)c(=O)c6cc7c8c9c(cc4c8c56)c(=O)n(C)c(=O)c9c[cH:2]7)s3)c3cc4c(=O)n(C)c(=O)c5cc(-c6cc[cH:1]s6)c6cc(c1=O)c2c3c6c54,17,17,True,ok
*c1ccc2c(n1)N(C)C(=O)/C2=C1/C(=O)Oc2cc3c(cc21)OC(=O)/C3=C1/C(=O)N(C)c2nc(-c3cc4sc(*)cc4s3)ccc21,20,1,CN1C(=O)/C(=C2/C(=O)Oc3cc4c(cc32)OC(=O)/C4=C2/C(=O)N(C)c3nc(-c4cc5sccc5s4)ccc32)c2cccnc21,CN1C(=O)/C(=C2/C(=O)Oc3cc4c(cc32)OC(=O)/C4=C2/C(=O)N(C)c3n[cH:1]ccc32)c2ccc(-c3cc4s[cH:2]cc4s3)nc21,20,20,True,ok
*c1ccc2c(n1)N(C)C(=O)/C2=C1/C(=O)Oc2cc3c(cc21)OC(=O)/C3=C1/C(=O)N(C)c2nc(-c3sc4c(C)c(*)sc4c3C)ccc21,20,1,Cc1csc2c(C)c(-c3ccc4c(n3)N(C)C(=O)/C4=C3/C(=O)Oc4cc5c(cc43)OC(=O)/C5=C3/C(=O)N(C)c4ncccc43)sc12,Cc1c(-c2ccc3c(n2)N(C)C(=O)/C3=C2/C(=O)Oc3cc4c(cc32)OC(=O)/C4=C2/C(=O)N(C)c3n[cH:1]ccc32)sc2c(C)[cH:2]sc12,20,20,True,ok
*c1ccc(-c2sc(-c3ncc(-c4cnc(-c5cc(C)c(*)s5)c5nsnc45)c4nsnc34)cc2C)s1,16,1,Cc1csc(-c2ncc(-c3cnc(-c4cc(C)c(-c5cccs5)s4)c4nsnc34)c3nsnc23)c1,Cc1cc(-c2ncc(-c3cnc(-c4cc(C)[cH:2]s4)c4nsnc34)c3nsnc23)sc1-c1cc[cH:1]s1,16,16,True,ok
*c1ccc(C2=C3C(=O)N(C)C(c4ccc(-c5sc(/C=C/c6sc(*)c(F)c6F)c(F)c5F)o4)=C3C(=O)N2C)o1,17,1,CN1C(=O)C2=C(c3ccc(-c4sc(/C=C/c5scc(F)c5F)c(F)c4F)o3)N(C)C(=O)C2=C1c1ccco1,CN1C(=O)C2=C(c3cc[cH:1]o3)N(C)C(=O)C2=C1c1ccc(-c2sc(/C=C/c3s[cH:2]c(F)c3F)c(F)c2F)o1,17,17,True,ok
*c1cc2c(SC)c3sc(-c4ccc(-c5c(F)c(F)c(-c6ccc(*)[se]6)c6nsnc56)[se]4)cc3c(SC)c2s1,16,1,CSc1c2cc(-c3ccc(-c4c(F)c(F)c(-c5ccc[se]5)c5nsnc45)[se]3)sc2c(SC)c2ccsc12,CSc1c2c[cH:1]sc2c(SC)c2cc(-c3ccc(-c4c(F)c(F)c(-c5cc[cH:2][se]5)c5nsnc45)[se]3)sc12,16,16,True,ok
*c1cc2c(SC)c3sc(-c4ccc(-c5c(OC)c(F)c(-c6ccc(*)[se]6)c6nsnc56)[se]4)cc3c(SC)c2s1,16,1,COc1c(F)c(-c2ccc[se]2)c2nsnc2c1-c1ccc(-c2cc3c(SC)c4sccc4c(SC)c3s2)[se]1,COc1c(F)c(-c2cc[cH:2][se]2)c2nsnc2c1-c1ccc(-c2cc3c(SC)c4s[cH:1]cc4c(SC)c3s2)[se]1,16,16,True,ok
*c1ccc(-c2ccc(-c3sc(-c4c5c(c(-c6cc(C)c(*)s6)c6nsnc46)SC(=C(C#N)C#N)S5)cc3C)s2)s1,15,1,Cc1csc(-c2c3c(c(-c4cc(C)c(-c5ccc(-c6cccs6)s5)s4)c4nsnc24)SC(=C(C#N)C#N)S3)c1,Cc1cc(-c2c3c(c(-c4cc(C)[cH:2]s4)c4nsnc24)SC(=C(C#N)C#N)S3)sc1-c1ccc(-c2cc[cH:1]s2)s1,15,15,True,ok
*c1cc2sc(-c3sc(-c4c5c(c(-c6cc(C)c(*)s6)c6nsnc46)SC(=C(C#N)C#N)S5)cc3C)cc2s1,14,1,Cc1csc(-c2c3c(c(-c4cc(C)c(-c5cc6sccc6s5)s4)c4nsnc24)SC(=C(C#N)C#N)S3)c1,Cc1cc(-c2c3c(c(-c4cc(C)[cH:2]s4)c4nsnc24)SC(=C(C#N)C#N)S3)sc1-c1cc2s[cH:1]cc2s1,14,14,True,ok
*c1cc(F)c(-c2sc(-c3sc(-c4c5c(c(-c6cc(C)c(*)s6)c6nsnc46)SC(=C(C#N)C#N)S5)cc3C)cc2F)s1,15,1,Cc1csc(-c2c3c(c(-c4cc(C)c(-c5cc(F)c(-c6sccc6F)s5)s4)c4nsnc24)SC(=C(C#N)C#N)S3)c1,Cc1cc(-c2c3c(c(-c4cc(C)[cH:2]s4)c4nsnc24)SC(=C(C#N)C#N)S3)sc1-c1cc(F)c(-c2s[cH:1]cc2F)s1,15,15,True,ok
*c1nc2c(s1)c1sc3c(sc4c5sc(*)nc5n(C)c43)c1n2C,10,2,Cn1c2ncsc2c2sc3c(sc4c5sc(-c6nc7c(s6)c6sc8c(sc9c%10scnc%10n(C)c98)c6n7C)nc5n(C)c43)c21,Cn1c2nc(-c3nc4c(s3)c3sc5c(sc6c7s[cH:2]nc7n(C)c65)c3n4C)sc2c2sc3c(sc4c5s[cH:1]nc5n(C)c43)c21,21,21,True,ok
*c1cc2c(=O)n(C)c(=O)c3cc(-c4sc(-c5sc(*)c(F)c5F)c(F)c4F)sc3c2s1,11,2,Cn1c(=O)c2ccsc2c2sc(-c3sc(-c4sc(-c5cc6c(=O)n(C)c(=O)c7cc(-c8sc(-c9scc(F)c9F)c(F)c8F)sc7c6s5)c(F)c4F)c(F)c3F)cc2c1=O,Cn1c(=O)c2cc(-c3sc(-c4sc(-c5cc6c(=O)n(C)c(=O)c7c[cH:1]sc7c6s5)c(F)c4F)c(F)c3F)sc2c2sc(-c3sc(-c4s[cH:2]c(F)c4F)c(F)c3F)cc2c1=O,23,23,True,ok
*c1cc2c(=O)n(C)c(=O)c3cc(-c4sc(/C=C/c5sc(*)c(F)c5F)c(F)c4F)sc3c2s1,13,1,Cn1c(=O)c2ccsc2c2sc(-c3sc(/C=C/c4scc(F)c4F)c(F)c3F)cc2c1=O,Cn1c(=O)c2cc(-c3sc(/C=C/c4s[cH:2]c(F)c4F)c(F)c3F)sc2c2s[cH:1]cc2c1=O,13,13,True,ok
*c1cc2c(=O)n(C)c(=O)c3cc(-c4cc5c(=O)n(C)c(=O)c6cc(-c7sc(-c8sc(*)c(F)c8F)c(F)c7F)sc6c5s4)sc3c2s1,17,1,Cn1c(=O)c2ccsc2c2sc(-c3cc4c(=O)n(C)c(=O)c5cc(-c6sc(-c7scc(F)c7F)c(F)c6F)sc5c4s3)cc2c1=O,Cn1c(=O)c2cc(-c3cc4c(=O)n(C)c(=O)c5c[cH:1]sc5c4s3)sc2c2sc(-c3sc(-c4s[cH:2]c(F)c4F)c(F)c3F)cc2c1=O,17,17,True,ok
*c1ccc(-c2cnc(-c3ccc4c(c3F)N(C)C(=O)/C4=C3/C(=O)N(C)c4c3ccc(-c3ncc(*)s3)c4F)s2)s1,18,1,CN1C(=O)/C(=C2/C(=O)N(C)c3c2ccc(-c2ncc(-c4cccs4)s2)c3F)c2ccc(-c3nccs3)c(F)c21,CN1C(=O)/C(=C2/C(=O)N(C)c3c2ccc(-c2nc[cH:2]s2)c3F)c2ccc(-c3ncc(-c4cc[cH:1]s4)s3)c(F)c21,18,18,True,ok
*c1ccc(C2=C3C(=O)N(C)C(c4ccc(-c5ccc(-c6c7nn(C)nc7c(-c7ccc(*)s7)c7[n-][n+](C)nc67)s5)s4)=C3C(=O)N2C)s1,19,1,CN1C(=O)C2=C(c3ccc(-c4ccc(-c5c6nn(C)nc6c(-c6cccs6)c6[n-][n+](C)nc56)s4)s3)N(C)C(=O)C2=C1c1cccs1,CN1C(=O)C2=C(c3cc[cH:1]s3)N(C)C(=O)C2=C1c1ccc(-c2ccc(-c3c4nn(C)nc4c(-c4cc[cH:2]s4)c4[n-][n+](C)nc34)s2)s1,19,19,True,ok
*c1ccc(C2=C3C(=O)N(C)C(c4ccc(-c5ccc(-c6c7c(c(-c8ccc(*)s8)c8nn(C)nc68)N=S=N7)s5)s4)=C3C(=O)N2C)s1,19,1,CN1C(=O)C2=C(c3ccc(-c4ccc(-c5c6c(c(-c7cccs7)c7nn(C)nc57)N=S=N6)s4)s3)N(C)C(=O)C2=C1c1cccs1,CN1C(=O)C2=C(c3cc[cH:1]s3)N(C)C(=O)C2=C1c1ccc(-c2ccc(-c3c4c(c(-c5cc[cH:2]s5)c5nn(C)nc35)N=S=N4)s2)s1,19,19,True,ok
*c1ccc2c(c1)N(C)C(=O)/C2=c1\s/c(=C2\C(=O)N(C)c3cc(-c4ccc(-c5ccc(*)s5)s4)ccc32)c2c1OCCO2,18,1,CN1C(=O)/C(=c2\s/c(=C3\C(=O)N(C)c4cc(-c5ccc(-c6cccs6)s5)ccc43)c3c2OCCO3)c2ccccc21,CN1C(=O)/C(=c2\s/c(=C3\C(=O)N(C)c4c[cH:1]ccc43)c3c2OCCO3)c2ccc(-c3ccc(-c4cc[cH:2]s4)s3)cc21,18,18,True,ok
*c1ccc2c(c1)N(C)C(=O)/C2=C1/C(=O)N(C)c2cc(-c3ccc(-c4ccc(-c5ccc(*)s5)c5nsnc45)s3)ccc21,19,1,CN1C(=O)/C(=C2/C(=O)N(C)c3cc(-c4ccc(-c5ccc(-c6cccs6)c6nsnc56)s4)ccc32)c2ccccc21,CN1C(=O)/C(=C2/C(=O)N(C)c3c[cH:1]ccc32)c2ccc(-c3ccc(-c4ccc(-c5cc[cH:2]s5)c5nsnc45)s3)cc21,19,19,True,ok
*c1ccc(-c2ccc(-c3ccc(-c4cc5c(cc4F)/C(=C4\C(=O)N(C)c6cc(*)c(F)cc64)C(=O)N5C)s3)c3nsnc23)s1,19,1,CN1C(=O)/C(=C2/C(=O)N(C)c3cc(-c4ccc(-c5ccc(-c6cccs6)c6nsnc56)s4)c(F)cc32)c2cc(F)ccc21,CN1C(=O)/C(=C2/C(=O)N(C)c3c[cH:2]c(F)cc32)c2cc(F)c(-c3ccc(-c4ccc(-c5cc[cH:1]s5)c5nsnc45)s3)cc21,19,19,True,ok
*c1ccc2c(c1)C(=O)N(C)C(=O)/C2=C\c1cc2sc(/C=C3\C(=O)N(C)C(=O)c4cc(-c5cc(F)c(-c6sc(*)cc6F)s5)ccc43)cc2s1,22,1,CN1C(=O)/C(=C\c2cc3sc(/C=C4\C(=O)N(C)C(=O)c5cc(-c6cc(F)c(-c7sccc7F)s6)ccc54)cc3s2)c2ccccc2C1=O,CN1C(=O)/C(=C\c2cc3sc(/C=C4\C(=O)N(C)C(=O)c5c[cH:1]ccc54)cc3s2)c2ccc(-c3cc(F)c(-c4s[cH:2]cc4F)s3)cc2C1=O,22,22,True,ok
*c1ccc2c(c1)C(=O)N(C)C(=O)/C2=C\c1ccc(-c2ccc(/C=C3\C(=O)N(C)C(=O)c4cc(-c5cc(F)c(-c6sc(*)cc6F)s5)ccc43)s2)s1,23,1,CN1C(=O)/C(=C\c2ccc(-c3ccc(/C=C4\C(=O)N(C)C(=O)c5cc(-c6cc(F)c(-c7sccc7F)s6)ccc54)s3)s2)c2ccccc2C1=O,CN1C(=O)/C(=C\c2ccc(-c3ccc(/C=C4\C(=O)N(C)C(=O)c5c[cH:1]ccc54)s3)s2)c2ccc(-c3cc(F)c(-c4s[cH:2]cc4F)s3)cc2C1=O,23,23,True,ok
*c1ccc(-c2ccc(-c3cc4c(s3)c3sc(*)cc3c3c5c(=O)n(C)c(=O)c5c5c(=O)n(C)c(=O)c5c43)s2)s1,11,2,Cn1c(=O)c2c3c(=O)n(C)c(=O)c3c3c4cc(-c5ccc(-c6ccc(-c7cc8c(s7)c7sc(-c9ccc(-c%10cccs%10)s9)cc7c7c9c(=O)n(C)c(=O)c9c9c(=O)n(C)c(=O)c9c87)s6)s5)sc4c4sccc4c3c2c1=O,Cn1c(=O)c2c3c(=O)n(C)c(=O)c3c3c4cc(-c5ccc(-c6cc[cH:1]s6)s5)sc4c4sc(-c5ccc(-c6ccc(-c7cc8c(s7)c7s[cH:2]cc7c7c9c(=O)n(C)c(=O)c9c9c(=O)n(C)c(=O)c9c87)s6)s5)cc4c3c2c1=O,23,23,True,ok
*c1cc(F)c(-c2sc(-c3cc4c(s3)c3sc(*)cc3c3c5c(=O)n(C)c(=O)c5c5c(=O)n(C)c(=O)c5c43)cc2F)s1,11,2,Cn1c(=O)c2c3c(=O)n(C)c(=O)c3c3c4cc(-c5cc(F)c(-c6sc(-c7cc8c(s7)c7sc(-c9cc(F)c(-c%10sccc%10F)s9)cc7c7c9c(=O)n(C)c(=O)c9c9c(=O)n(C)c(=O)c9c87)cc6F)s5)sc4c4sccc4c3c2c1=O,Cn1c(=O)c2c3c(=O)n(C)c(=O)c3c3c4cc(-c5cc(F)c(-c6s[cH:1]cc6F)s5)sc4c4sc(-c5cc(F)c(-c6sc(-c7cc8c(s7)c7s[cH:2]cc7c7c9c(=O)n(C)c(=O)c9c9c(=O)n(C)c(=O)c9c87)cc6F)s5)cc4c3c2c1=O,23,23,True,ok
*c1cc2c3nc4c(nc3c3cc(*)sc3c2s1)C(=O)N(C)C4=O,5,3,CN1C(=O)c2nc3c4ccsc4c4sc(-c5cc6c7nc8c(nc7c7cc(-c9cc%10c%11nc%12c(nc%11c%11ccsc%11c%10s9)C(=O)N(C)C%12=O)sc7c6s5)C(=O)N(C)C8=O)cc4c3nc2C1=O,CN1C(=O)c2nc3c4cc(-c5cc6c7nc8c(nc7c7c[cH:1]sc7c6s5)C(=O)N(C)C8=O)sc4c4sc(-c5cc6c7nc8c(nc7c7c[cH:2]sc7c6s5)C(=O)N(C)C8=O)cc4c3nc2C1=O,17,17,True,ok
*c1ccc(C2=C3C(=O)N(C)C(c4ccc(-c5ccc(C6=C7C(=O)N(C)C(c8ccc(-c9ccc(C%10=C%11C(OC)=NC(c%12ccc(-c%13ccc(*)c%14nsnc%13%14)s%12)=C%11C(=O)N%10C)s9)s8)=C7C(=O)N6C)s5)s4)=C3C(OC)=N2)s1,33,1,COC1=NC(c2cccs2)=C2C(=O)N(C)C(c3ccc(-c4ccc(C5=C6C(=O)N(C)C(c7ccc(-c8ccc(C9=C%10C(OC)=NC(c%11ccc(-c%12cccc%13nsnc%12%13)s%11)=C%10C(=O)N9C)s8)s7)=C6C(=O)N5C)s4)s3)=C12,COC1=NC(c2ccc(-c3cc[cH:2]c4nsnc34)s2)=C2C(=O)N(C)C(c3ccc(-c4ccc(C5=C6C(=O)N(C)C(c7ccc(-c8ccc(C9=C%10C(OC)=NC(c%11cc[cH:1]s%11)=C%10C(=O)N9C)s8)s7)=C6C(=O)N5C)s4)s3)=C12,33,33,True,ok
*c1cc(C)c(-c2cc3c4nsnc4c4c5sc(-c6sc(*)cc6C)cc5c5nsnc5c4c3s2)s1,13,1,Cc1ccsc1-c1cc2c3nsnc3c3c4sc(-c5sccc5C)cc4c4nsnc4c3c2s1,Cc1c[cH:1]sc1-c1cc2c3nsnc3c3c4sc(-c5s[cH:2]cc5C)cc4c4nsnc4c3c2s1,13,13,True,ok
*c1cc2c(-c3cc(F)c(C)s3)c3sc(-c4sc(-c5cc6c(cc(-c7cc(C)c(*)s7)c7nsnc76)c6nsnc56)cc4C)cc3c(-c3cc(F)c(C)s3)c2s1,18,1,Cc1csc(-c2cc3c(cc(-c4cc(C)c(-c5cc6c(-c7cc(F)c(C)s7)c7sccc7c(-c7cc(F)c(C)s7)c6s5)s4)c4nsnc43)c3nsnc23)c1,Cc1cc(-c2cc3c(cc(-c4cc(C)[cH:2]s4)c4nsnc43)c3nsnc23)sc1-c1cc2c(-c3cc(F)c(C)s3)c3s[cH:1]cc3c(-c3cc(F)c(C)s3)c2s1,18,18,True,ok
*c1cc2c(s1)-c1cc3ccc4c5c(cc6ccc(c1C2(C)C)c3c64)-c1sc(-c2ccc(*)c3nsnc23)cc1C5(C)C,17,1,CC1(C)c2ccsc2-c2cc3ccc4c5c(cc6ccc(c21)c3c64)-c1sc(-c2cccc3nsnc23)cc1C5(C)C,CC1(C)c2cc(-c3cc[cH:2]c4nsnc34)sc2-c2cc3ccc4c5c(cc6ccc(c21)c3c64)-c1s[cH:1]cc1C5(C)C,17,17,True,ok
*c1ccc2c(c1)N(C)C(=O)C2=c1ccc(=c2ccc(=C3C(=O)N(C)c4cc(-c5ccc(*)s5)ccc43)s2)s1,18,1,CN1C(=O)C(=c2ccc(=c3ccc(=C4C(=O)N(C)c5cc(-c6cccs6)ccc54)s3)s2)c2ccccc21,CN1C(=O)C(=c2ccc(=c3ccc(=C4C(=O)N(C)c5c[cH:1]ccc54)s3)s2)c2ccc(-c3cc[cH:2]s3)cc21,18,18,True,ok
*c1sc(-c2sc(-c3cnc(-c4ncc(-c5sc(*)c6c5C(=O)N(C)C6=O)s4)s3)c3c2C(=O)N(C)C3=O)c(C#N)c1C#N,14,1,CN1C(=O)c2csc(-c3cnc(-c4ncc(-c5sc(-c6scc(C#N)c6C#N)c6c5C(=O)N(C)C6=O)s4)s3)c2C1=O,CN1C(=O)c2c(-c3cnc(-c4ncc(-c5s[cH:2]c6c5C(=O)N(C)C6=O)s4)s3)sc(-c3s[cH:1]c(C#N)c3C#N)c2C1=O,14,14,True,ok
*c1ccc(-c2ccc(-c3cc(OC)c(C4=C/C(=C5/C=C(c6sc(*)cc6OC)SC5=O)C(=O)S4)s3)s2)s1,17,1,COc1ccsc1C1=C/C(=C2/C=C(c3sc(-c4ccc(-c5cccs5)s4)cc3OC)SC2=O)C(=O)S1,COc1cc(-c2ccc(-c3cc[cH:1]s3)s2)sc1C1=C/C(=C2/C=C(c3s[cH:2]cc3OC)SC2=O)C(=O)S1,17,17,True,ok
*c1ccc(-c2cc(OC)c(C3=C/C(=C4/C=C(c5sc(*)cc5OC)SC4=O)C(=O)S3)s2)s1,14,1,COc1ccsc1C1=C/C(=C2/C=C(c3sc(-c4cccs4)cc3OC)SC2=O)C(=O)S1,COc1cc(-c2cc[cH:1]s2)sc1C1=C/C(=C2/C=C(c3s[cH:2]cc3OC)SC2=O)C(=O)S1,14,14,True,ok
*c1ccc(C2=C3C(=O)N(C)C(c4ccc(-c5sc6c(Cl)c(*)sc6c5Cl)s4)=C3C(=O)N2C)s1,14,1,CN1C(=O)C2=C(c3ccc(-c4sc5c(Cl)csc5c4Cl)s3)N(C)C(=O)C2=C1c1cccs1,CN1C(=O)C2=C(c3cc[cH:1]s3)N(C)C(=O)C2=C1c1ccc(-c2sc3c(Cl)[cH:2]sc3c2Cl)s1,14,14,True,ok
*c1ccc2c(n1)N(C)C(=O)/C2=C1/C(=O)N(C)c2nc(/C=C/c3ccc4c(n3)N(C)C(=O)/C4=C3/C(=O)N(C)c4nc(-c5ccc(-c6ccc(-c7ccc(*)s7)c7nsnc67)s5)ccc43)ccc21,31,1,CN1C(=O)/C(=C2/C(=O)N(C)c3nc(/C=C/c4ccc5c(n4)N(C)C(=O)/C5=C4/C(=O)N(C)c5nc(-c6ccc(-c7ccc(-c8cccs8)c8nsnc78)s6)ccc54)ccc32)c2cccnc21,CN1C(=O)/C(=C2/C(=O)N(C)c3nc(-c4ccc(-c5ccc(-c6cc[cH:2]s6)c6nsnc56)s4)ccc32)c2ccc(/C=C/c3ccc4c(n3)N(C)C(=O)/C4=C3/C(=O)N(C)c4n[cH:1]ccc43)nc21,31,31,True,ok
*c1ccc2c(n1)N(C)C(=O)/C2=C1/C(=O)N(C)c2c1ccc(/C=C/c1ccc3c(c1F)N(C)C(=O)/C3=C1/C(=O)N(C)c3nc(-c4ccc(-c5ccc(-c6ccc(*)s6)c6nsnc56)s4)ccc31)c2F,31,1,CN1C(=O)/C(=C2/C(=O)N(C)c3c2ccc(/C=C/c2ccc4c(c2F)N(C)C(=O)/C4=C2/C(=O)N(C)c4nc(-c5ccc(-c6ccc(-c7cccs7)c7nsnc67)s5)ccc42)c3F)c2cccnc21,CN1C(=O)/C(=C2/C(=O)N(C)c3c2ccc(/C=C/c2ccc4c(c2F)N(C)C(=O)/C4=C2/C(=O)N(C)c4n[cH:1]ccc42)c3F)c2ccc(-c3ccc(-c4ccc(-c5cc[cH:2]s5)c5nsnc45)s3)nc21,31,31,True,ok
*c1ccc2c(c1)N(C)C(=O)/C2=C1/C(=O)Oc2cc3c(cc21)OC(=O)/C3=C1/C(=O)N(C)c2cc(-c3ccc(-c4ccc(-c5ccc(*)s5)c5nsnc45)s3)ccc21,25,1,CN1C(=O)/C(=C2/C(=O)Oc3cc4c(cc32)OC(=O)/C4=C2/C(=O)N(C)c3cc(-c4ccc(-c5ccc(-c6cccs6)c6nsnc56)s4)ccc32)c2ccccc21,CN1C(=O)/C(=C2/C(=O)Oc3cc4c(cc32)OC(=O)/C4=C2/C(=O)N(C)c3c[cH:1]ccc32)c2ccc(-c3ccc(-c4ccc(-c5cc[cH:2]s5)c5nsnc45)s3)cc21,25,25,True,ok
*c1cc2c(s1)-c1sc(-c3c4nc(C)oc4c(*)c4nc(C)oc34)cc1C2(C)C,9,2,Cc1nc2c(-c3cc4c(s3)-c3sc(-c5c6nc(C)oc6c(-c6cc7c(s6)-c6sccc6C7(C)C)c6nc(C)oc56)cc3C4(C)C)c3oc(C)nc3cc2o1,Cc1nc2c(-c3cc4c(s3)-c3s[cH:1]cc3C4(C)C)c3oc(C)nc3c(-c3cc4c(s3)-c3sc(-c5c6nc(C)oc6[cH:2]c6nc(C)oc56)cc3C4(C)C)c2o1,19,19,True,ok
*c1ccc(-c2c3nc(C)oc3c(-c3ccc(-c4cc5c(s4)-c4sc(*)cc4C5(C)C)s3)c3nc(C)oc23)s1,15,1,Cc1nc2c(-c3ccc(-c4cc5c(s4)-c4sccc4C5(C)C)s3)c3oc(C)nc3c(-c3cccs3)c2o1,Cc1nc2c(-c3cc[cH:1]s3)c3oc(C)nc3c(-c3ccc(-c4cc5c(s4)-c4s[cH:2]cc4C5(C)C)s3)c2o1,15,15,True,ok
*c1cc(C#N)c(-c2sc(-c3sc(C4=C5SC(=O)C(c6cc(C)c(*)s6)=C5SC4=O)cc3C)cc2C#N)s1,15,1,Cc1csc(C2=C3SC(=O)C(c4cc(C)c(-c5cc(C#N)c(-c6sccc6C#N)s5)s4)=C3SC2=O)c1,Cc1cc(C2=C3SC(=O)C(c4cc(C)[cH:2]s4)=C3SC2=O)sc1-c1cc(C#N)c(-c2s[cH:1]cc2C#N)s1,15,15,True,ok
*c1ccc(-c2c(F)c(F)c(-c3ccc(-c4cc5c(s4)-c4cc6c(cc4[Si]5(C)C)-c4sc(*)cc4[Si]6(C)C)s3)c3nsnc23)s1,19,1,C[Si]1(C)c2cc3c(cc2-c2sccc21)[Si](C)(C)c1cc(-c2ccc(-c4c(F)c(F)c(-c5cccs5)c5nsnc45)s2)sc1-3,C[Si]1(C)c2cc3c(cc2-c2sc(-c4ccc(-c5c(F)c(F)c(-c6cc[cH:1]s6)c6nsnc56)s4)cc21)[Si](C)(C)c1c[cH:2]sc1-3,19,19,True,ok
*c1ccc(/C(OCC)=C(\OCC)c2ccc(-c3cc4c(OC)c5sc(*)cc5c(OC)c4s3)s2)s1,14,1,CCO/C(=C(/OCC)c1ccc(-c2cc3c(OC)c4sccc4c(OC)c3s2)s1)c1cccs1,CCO/C(=C(/OCC)c1cc[cH:1]s1)c1ccc(-c2cc3c(OC)c4s[cH:2]cc4c(OC)c3s2)s1,14,14,True,ok
*c1ccc(C2=C3C(=O)N(C)C(c4ccc(-c5sc(*)c(F)c5F)cc4)=C3C(=O)N2C)cc1,14,1,CN1C(=O)C2=C(c3ccc(-c4scc(F)c4F)cc3)N(C)C(=O)C2=C1c1ccccc1,CN1C(=O)C2=C(c3cc[cH:1]cc3)N(C)C(=O)C2=C1c1ccc(-c2s[cH:2]c(F)c2F)cc1,14,14,True,ok
*c1cc2c(cc(C)c3c4cc(-c5sc(-c6cc7c(cc(-c8cc(C)c(*)s8)c8nsnc87)c7nsnc67)cc5C)sc4cc(C)c23)s1,19,1,Cc1csc(-c2cc3c(cc(-c4cc(C)c(-c5cc6c(cc(C)c7c8ccsc8cc(C)c67)s5)s4)c4nsnc43)c3nsnc23)c1,Cc1cc(-c2cc3c(cc(-c4cc(C)[cH:2]s4)c4nsnc43)c3nsnc23)sc1-c1cc2c(cc(C)c3c4c[cH:1]sc4cc(C)c23)s1,19,19,True,ok
*c1cc2sc(-c3sc(-c4sc(*)c(C)c4F)c(F)c3C)cc2s1,10,2,Cc1csc(-c2sc(-c3cc4sc(-c5sc(-c6sc(-c7cc8sccc8s7)c(C)c6F)c(F)c5C)cc4s3)c(C)c2F)c1F,Cc1c(-c2cc3sc(-c4sc(-c5s[cH:2]c(C)c5F)c(F)c4C)cc3s2)sc(-c2sc(-c3cc4s[cH:1]cc4s3)c(C)c2F)c1F,21,21,True,ok
*c1ccc(-c2c(F)c(F)c(-c3ccc(-c4sc(-c5sc(*)c6c5C(=O)N(C)C6=O)c5c4C(=O)N(C)C5=O)s3)c3nsnc23)s1,15,1,CN1C(=O)c2csc(-c3sc(-c4ccc(-c5c(F)c(F)c(-c6cccs6)c6nsnc56)s4)c4c3C(=O)N(C)C4=O)c2C1=O,CN1C(=O)c2c(-c3ccc(-c4c(F)c(F)c(-c5cc[cH:1]s5)c5nsnc45)s3)sc(-c3s[cH:2]c4c3C(=O)N(C)C4=O)c2C1=O,15,15,True,ok
*c1cnc(/C=C/c2ncc(-c3sc(-c4c5c(c(-c6cc(C)c(*)s6)c6nn(C)nc46)N=S=N5)cc3C)s2)s1,17,1,Cc1csc(-c2c3c(c(-c4cc(C)c(-c5cnc(/C=C/c6nccs6)s5)s4)c4nn(C)nc24)N=S=N3)c1,Cc1cc(-c2c3c(c(-c4cc(C)[cH:2]s4)c4nn(C)nc24)N=S=N3)sc1-c1cnc(/C=C/c2nc[cH:1]s2)s1,17,17,True,ok
*c1cc2c3c(c(-c4sc(-c5c6c(c(-c7cc(C)c(*)s7)c7n[se]nc57)N=S=N6)cc4C)cc4c3c1C(=O)N(C)C4=O)C(=O)N(C)C2=O,15,1,Cc1csc(-c2c3c(c(-c4cc(C)c(-c5cc6c7c(ccc8c7c5C(=O)N(C)C8=O)C(=O)N(C)C6=O)s4)c4n[se]nc24)N=S=N3)c1,Cc1cc(-c2c3c(c(-c4cc(C)[cH:2]s4)c4n[se]nc24)N=S=N3)sc1-c1cc2c3c([cH:1]cc4c3c1C(=O)N(C)C4=O)C(=O)N(C)C2=O,15,15,True,ok
*c1ccc(C2=C3C(=O)N(C)C(c4ccc(-c5sc(/C=C/c6sc(*)c(F)c6F)c(F)c5F)cn4)=C3C(=O)N2C)nc1,19,1,CN1C(=O)C2=C(c3ccc(-c4sc(/C=C/c5scc(F)c5F)c(F)c4F)cn3)N(C)C(=O)C2=C1c1ccccn1,CN1C(=O)C2=C(c3cc[cH:1]cn3)N(C)C(=O)C2=C1c1ccc(-c2sc(/C=C/c3s[cH:2]c(F)c3F)c(F)c2F)cn1,19,19,True,ok
*/C=C/c1sc(-c2ccc(-c3c(=O)n4c5cc6c(cc5c5c(-c7ccc(-c8cc(C)c(*)s8)s7)c(=O)n7c8cc9c(cc8c3c7c54)OCO9)OCO6)s2)cc1C,19,1,C=Cc1sc(-c2ccc(-c3c(=O)n4c5cc6c(cc5c5c(-c7ccc(-c8cc(C)cs8)s7)c(=O)n7c8cc9c(cc8c3c7c54)OCO9)OCO6)s2)cc1C,Cc1cc(-c2ccc(-c3c(=O)n4c5cc6c(cc5c5c(-c7ccc(-c8cc(C)[cH:2]s8)s7)c(=O)n7c8cc9c(cc8c3c7c54)OCO9)OCO6)s2)sc1C=[CH2:1],19,19,True,ok
*c1ccc2c(c1)N(C)C(=O)/C2=C1/C(=O)N(C)c2cc(-c3sc(-c4cc(F)c(*)s4)cc3F)ccc21,15,1,CN1C(=O)/C(=C2/C(=O)N(C)c3cc(-c4sc(-c5cc(F)cs5)cc4F)ccc32)c2ccccc21,CN1C(=O)/C(=C2/C(=O)N(C)c3c[cH:1]ccc32)c2ccc(-c3sc(-c4cc(F)[cH:2]s4)cc3F)cc21,15,15,True,ok
*c1ccc(C2=C3C(=O)N(C)C(c4ccc(-c5cc(F)c(-c6sc(*)cc6F)s5)cn4)=C3C(=O)N2C)nc1,17,1,CN1C(=O)C2=C(c3ccc(-c4cc(F)c(-c5sccc5F)s4)cn3)N(C)C(=O)C2=C1c1ccccn1,CN1C(=O)C2=C(c3cc[cH:1]cn3)N(C)C(=O)C2=C1c1ccc(-c2cc(F)c(-c3s[cH:2]cc3F)s2)cn1,17,17,True,ok
*c1ccc(C2=C3C(=O)N4C=Cc5cc(-c6sc(*)c(F)c6F)sc5C4=C3C(=O)N2C)s1,12,2,CN1C(=O)C2=C3c4sc(-c5scc(F)c5F)cc4C=CN3C(=O)C2=C1c1ccc(-c2sc(-c3cc4c(s3)C3=C5C(=O)N(C)C(c6cccs6)=C5C(=O)N3C=C4)c(F)c2F)s1,CN1C(=O)C2=C3c4sc(-c5sc(-c6ccc(C7=C8C(=O)N9C=Cc%10cc(-c%11s[cH:2]c(F)c%11F)sc%10C9=C8C(=O)N7C)s6)c(F)c5F)cc4C=CN3C(=O)C2=C1c1cc[cH:1]s1,25,25,True,ok
*c1cc(C)c(-c2ccc(-c3ccc4c(c3F)N(C)C(=O)/C4=C3/C(=O)Oc4cc5c(cc43)OC(=O)/C5=C3/C(=O)N(C)c4c3ccc(*)c4F)s2)s1,21,1,Cc1ccsc1-c1ccc(-c2ccc3c(c2F)N(C)C(=O)/C3=C2/C(=O)Oc3cc4c(cc32)OC(=O)/C4=C2/C(=O)N(C)c3c(F)cccc32)s1,Cc1c[cH:1]sc1-c1ccc(-c2ccc3c(c2F)N(C)C(=O)/C3=C2/C(=O)Oc3cc4c(cc32)OC(=O)/C4=C2/C(=O)N(C)c3c2cc[cH:2]c3F)s1,21,21,True,ok
*c1ccc(-c2c(F)c(F)c(-c3ccc(-c4cc5c6c(c(*)cc7c6c4C(=O)N7C)C(=O)N5C)s3)c3nsnc23)s1,15,1,CN1C(=O)c2ccc3c4c(c(-c5ccc(-c6c(F)c(F)c(-c7cccs7)c7nsnc67)s5)cc1c24)C(=O)N3C,CN1C(=O)c2c(-c3ccc(-c4c(F)c(F)c(-c5cc[cH:1]s5)c5nsnc45)s3)cc3c4c([cH:2]cc1c24)C(=O)N3C,15,15,True,ok
*c1ccc2c(c1)N(C)C(=O)/C2=C1/C(=O)N(C)c2cc(-c3ccc(/C=c4\nc(OC)/c(=C/c5ccc(*)s5)nc4OC)s3)ccc21,21,1,COc1n/c(=C\c2ccc(-c3ccc4c(c3)N(C)C(=O)/C4=C3/C(=O)N(C)c4ccccc43)s2)c(OC)n/c1=C\c1cccs1,COc1n/c(=C\c2cc[cH:2]s2)c(OC)n/c1=C\c1ccc(-c2ccc3c(c2)N(C)C(=O)/C3=C2/C(=O)N(C)c3c[cH:1]ccc32)s1,21,21,True,ok
*c1ccc(-c2sc3c(c2C)c(=O)c2c(F)c4c(c(F)c23)c(=O)c2c(C)c(*)sc24)[se]1,12,2,Cc1csc2c1c(=O)c1c(F)c3c(c(F)c12)c(=O)c1c(C)c(-c2ccc(-c4sc5c(c4C)c(=O)c4c(F)c6c(c(F)c45)c(=O)c4c(C)c(-c5ccc[se]5)sc46)[se]2)sc13,Cc1c(-c2ccc(-c3sc4c(c3C)c(=O)c3c(F)c5c(c(F)c34)c(=O)c3c(C)[cH:2]sc35)[se]2)sc2c1c(=O)c1c(F)c3c(c(F)c12)c(=O)c1c(C)c(-c2cc[cH:1][se]2)sc13,25,25,True,ok
*c1cc(C#N)c(-c2sc(-c3c(F)cc4c(c3F)N(C)C(=O)/C4=c3\s/c(=C4C5=C(C(=O)N/4C)/C(=c4\cc(F)/c(=C6/C(=O)N(C)c7c6cc(F)c(*)c7F)s4)N(C)C5=O)cc3F)cc2C#N)s1,25,1,CN1C(=O)C2=C(C(=O)N(C)/C2=c2/cc(F)/c(=C3/C(=O)N(C)c4c3cc(F)c(-c3cc(C#N)c(-c5sccc5C#N)s3)c4F)s2)/C1=c1\cc(F)/c(=C2/C(=O)N(C)c3c(F)cc(F)cc32)s1,CN1C(=O)C2=C(C(=O)N(C)/C2=c2/cc(F)/c(=C3/C(=O)N(C)c4c3cc(F)[cH:2]c4F)s2)/C1=c1\cc(F)/c(=C2/C(=O)N(C)c3c2cc(F)c(-c2cc(C#N)c(-c4s[cH:1]cc4C#N)s2)c3F)s1,25,25,True,ok
*c1c(F)c(F)c(/C=C/C2=C3C(=O)N(C)C(/C=C/c4c(F)c(F)c(-c5c(F)c(F)c(/C=C/C6=C7C(=O)N(C)C(/C=C/c8c(F)c(F)c(*)c(F)c8F)=C7C(=O)N6C)c(F)c5F)c(F)c4F)=C3C(=O)N2C)c(F)c1F,31,1,CN1C(=O)C2=C(/C=C/c3c(F)c(F)c(-c4c(F)c(F)c(/C=C/C5=C6C(=O)N(C)C(/C=C/c7c(F)c(F)cc(F)c7F)=C6C(=O)N5C)c(F)c4F)c(F)c3F)N(C)C(=O)C2=C1/C=C/c1c(F)c(F)cc(F)c1F,CN1C(=O)C2=C(/C=C/c3c(F)c(F)[cH:1]c(F)c3F)N(C)C(=O)C2=C1/C=C/c1c(F)c(F)c(-c2c(F)c(F)c(/C=C/C3=C4C(=O)N(C)C(/C=C/c5c(F)c(F)[cH:2]c(F)c5F)=C4C(=O)N3C)c(F)c2F)c(F)c1F,31,31,True,ok
*c1ccc(-c2ccc(-c3sc(-c4nc5cc6sc(-c7cc(C)c(*)s7)nc6cc5s4)cc3C)s2)s1,18,1,Cc1csc(-c2nc3cc4sc(-c5cc(C)c(-c6ccc(-c7cccs7)s6)s5)nc4cc3s2)c1,Cc1cc(-c2nc3cc4sc(-c5cc(C)[cH:2]s5)nc4cc3s2)sc1-c1ccc(-c2cc[cH:1]s2)s1,18,18,True,ok
*c1ccc(C2=C3C(=O)N(C)C(c4ccc(-c5cc6c(s5)c5sc(*)cc5c5c(C)sc(C)c65)s4)=C3C(=O)N2C)s1,15,1,Cc1sc(C)c2c3cc(-c4ccc(C5=C6C(=O)N(C)C(c7cccs7)=C6C(=O)N5C)s4)sc3c3sccc3c12,Cc1sc(C)c2c3c[cH:2]sc3c3sc(-c4ccc(C5=C6C(=O)N(C)C(c7cc[cH:1]s7)=C6C(=O)N5C)s4)cc3c12,15,15,True,ok
*c1ccc(C2=C3C(=O)N(C)C(c4ccc(-c5ccc(/C=C(\C#N)c6ccc(*)s6)s5)s4)=C3C(=O)N2C)s1,17,1,CN1C(=O)C2=C(c3ccc(-c4ccc(/C=C(\C#N)c5cccs5)s4)s3)N(C)C(=O)C2=C1c1cccs1,CN1C(=O)C2=C(c3cc[cH:1]s3)N(C)C(=O)C2=C1c1ccc(-c2ccc(/C=C(\C#N)c3cc[cH:2]s3)s2)s1,17,17,True,ok
*c1ccc(C2=C3C(=O)N(C)C(c4ccc(-c5sc(/C=C/c6sc(*)c(F)c6F)c(F)c5F)s4)=C3C(=O)N2C)s1,17,1,CN1C(=O)C2=C(c3ccc(-c4sc(/C=C/c5scc(F)c5F)c(F)c4F)s3)N(C)C(=O)C2=C1c1cccs1,CN1C(=O)C2=C(c3cc[cH:1]s3)N(C)C(=O)C2=C1c1ccc(-c2sc(/C=C/c3s[cH:2]c(F)c3F)c(F)c2F)s1,17,17,True,ok
*c1ccc(-c2ccc(-c3c(F)cc4c(c3F)N(C)C(=O)/C4=C3/C(=O)Oc4cc5c(cc43)OC(=O)/C5=C3/C(=O)N(C)c4c3cc(F)c(*)c4F)[se]2)[se]1,21,1,CN1C(=O)/C(=C2/C(=O)Oc3cc4c(cc32)OC(=O)/C4=C2/C(=O)N(C)c3c2cc(F)c(-c2ccc(-c4ccc[se]4)[se]2)c3F)c2cc(F)cc(F)c21,CN1C(=O)/C(=C2/C(=O)Oc3cc4c(cc32)OC(=O)/C4=C2/C(=O)N(C)c3c2cc(F)[cH:2]c3F)c2cc(F)c(-c3ccc(-c4cc[cH:1][se]4)[se]3)c(F)c21,21,21,True,ok
*c1cnc(-c2ncc(-c3cc4c(=O)n(C)c(=O)c5c(sc6c5sc5c7sc(*)cc7c(=O)n(C)c(=O)c56)c4s3)s2)s1,16,1,Cn1c(=O)c2ccsc2c2sc3c(sc4c5sc(-c6cnc(-c7nccs7)s6)cc5c(=O)n(C)c(=O)c43)c2c1=O,Cn1c(=O)c2cc(-c3cnc(-c4nc[cH:1]s4)s3)sc2c2sc3c(sc4c5s[cH:2]cc5c(=O)n(C)c(=O)c43)c2c1=O,16,16,True,ok
*c1ccc(-c2c(F)c(F)c(-c3ccc(-c4cc5c6c(c(*)cc7c6c4C(=O)N(C)C7=O)C(=O)N(C)C5=O)s3)c3nsnc23)s1,15,1,CN1C(=O)c2ccc3c4c(c(-c5ccc(-c6c(F)c(F)c(-c7cccs7)c7nsnc67)s5)cc(c24)C1=O)C(=O)N(C)C3=O,CN1C(=O)c2c[cH:2]c3c4c(cc(-c5ccc(-c6c(F)c(F)c(-c7cc[cH:1]s7)c7nsnc67)s5)c(c24)C1=O)C(=O)N(C)C3=O,15,15,True,ok
*c1ccc(/C=C/c2ccc(-c3sc(-c4c(F)c(F)c(-c5cc(C)c(*)s5)c5nsnc45)cc3C)[se]2)[se]1,17,1,Cc1csc(-c2c(F)c(F)c(-c3cc(C)c(-c4ccc(/C=C/c5ccc[se]5)[se]4)s3)c3nsnc23)c1,Cc1cc(-c2c(F)c(F)c(-c3cc(C)[cH:2]s3)c3nsnc23)sc1-c1ccc(/C=C/c2cc[cH:1][se]2)[se]1,17,17,True,ok
*c1ccc(C2=C3C(=O)N(C)C(c4ccc(-c5ccc(C6=C7C(=O)N(C)C(c8ccc(-c9cc%10cc%11sc(*)cc%11cc%10s9)s8)=C7C(=O)N6C)s5)s4)=C3C(=O)N2C)s1,26,1,CN1C(=O)C2=C(c3ccc(-c4ccc(C5=C6C(=O)N(C)C(c7ccc(-c8cc9cc%10sccc%10cc9s8)s7)=C6C(=O)N5C)s4)s3)N(C)C(=O)C2=C1c1cccs1,CN1C(=O)C2=C(c3ccc(-c4cc5cc6s[cH:2]cc6cc5s4)s3)N(C)C(=O)C2=C1c1ccc(-c2ccc(C3=C4C(=O)N(C)C(c5cc[cH:1]s5)=C4C(=O)N3C)s2)s1,26,26,True,ok
*c1ccc2c(c1)N(C)C(=O)/C2=C1/C(=O)N(C)c2cc(-c3sc(/C=C/c4sc(*)c(F)c4F)c(F)c3F)ccc21,17,1,CN1C(=O)/C(=C2/C(=O)N(C)c3cc(-c4sc(/C=C/c5scc(F)c5F)c(F)c4F)ccc32)c2ccccc21,CN1C(=O)/C(=C2/C(=O)N(C)c3c[cH:1]ccc32)c2ccc(-c3sc(/C=C/c4s[cH:2]c(F)c4F)c(F)c3F)cc21,17,17,True,ok
*c1cc(F)c(-c2sc(-c3ccc4c(c3F)N(C)C(=O)/C4=C3/C(=O)N(C)c4c3ccc(*)c4F)cc2F)s1,15,1,CN1C(=O)/C(=C2/C(=O)N(C)c3c2ccc(-c2cc(F)c(-c4sccc4F)s2)c3F)c2cccc(F)c21,CN1C(=O)/C(=C2/C(=O)N(C)c3c2cc[cH:2]c3F)c2ccc(-c3cc(F)c(-c4s[cH:1]cc4F)s3)c(F)c21,15,15,True,ok
*c1cc2cc3c(cc2s1)-c1cc2c(cc1C3(C)C)-c1cc3sc(-c4cc5sc(*)cc5s4)cc3cc1C2(C)C,18,1,CC1(C)c2cc3c(cc2-c2cc4sccc4cc21)C(C)(C)c1cc2cc(-c4cc5sccc5s4)sc2cc1-3,CC1(C)c2cc3c(cc2-c2cc4sc(-c5cc6s[cH:2]cc6s5)cc4cc21)C(C)(C)c1cc2c[cH:1]sc2cc1-3,18,18,True,ok
*c1ccc2nc(C3=C4C(=O)N(C)C(c5ccc6cc(-c7sc(*)c(F)c7F)ccc6n5)=C4C(=O)N3C)ccc2c1,18,1,CN1C(=O)C2=C(c3ccc4cc(-c5scc(F)c5F)ccc4n3)N(C)C(=O)C2=C1c1ccc2ccccc2n1,CN1C(=O)C2=C(c3ccc4c[cH:1]ccc4n3)N(C)C(=O)C2=C1c1ccc2cc(-c3s[cH:2]c(F)c3F)ccc2n1,18,18,True,ok
*c1ccc2c(c1)N(C)C(=O)/C2=c1/cc/c(=C2\C(=O)N(C)c3cc(-c4ccc(-c5ccc(*)s5)s4)ccc32)s1,18,1,CN1C(=O)/C(=c2/cc/c(=C3\C(=O)N(C)c4cc(-c5ccc(-c6cccs6)s5)ccc43)s2)c2ccccc21,CN1C(=O)/C(=c2/cc/c(=C3\C(=O)N(C)c4cc(-c5ccc(-c6cc[cH:2]s6)s5)ccc43)s2)c2cc[cH:1]cc21,18,18,True,ok
*c1ccc(-c2c3c(c(-c4ccc(-c5cc6c7c(c(*)cc8c7c5C(=O)N(C)C8=O)C(=O)N(C)C6=O)s4)c4nn(C)nc24)N=S=N3)s1,15,1,CN1C(=O)c2ccc3c4c(c(-c5ccc(-c6c7c(c(-c8cccs8)c8nn(C)nc68)N=S=N7)s5)cc(c24)C1=O)C(=O)N(C)C3=O,CN1C(=O)c2c[cH:2]c3c4c(cc(-c5ccc(-c6c7c(c(-c8cc[cH:1]s8)c8nn(C)nc68)N=S=N7)s5)c(c24)C1=O)C(=O)N(C)C3=O,15,15,True,ok
*c1ccc(C2=C3C(=O)N(C)C(c4ccc(-c5ccc(-c6ccc(C7=C8C(=O)N(C)C(c9ccc(-c%10ccc(*)[se]%10)s9)=C8C(=O)N7C)s6)c6nsnc56)s4)=C3C(=O)N2C)s1,26,1,CN1C(=O)C2=C(c3ccc(-c4ccc(-c5ccc(C6=C7C(=O)N(C)C(c8ccc(-c9ccc[se]9)s8)=C7C(=O)N6C)s5)c5nsnc45)s3)N(C)C(=O)C2=C1c1cccs1,CN1C(=O)C2=C(c3ccc(-c4ccc(-c5ccc(C6=C7C(=O)N(C)C(c8cc[cH:1]s8)=C7C(=O)N6C)s5)c5nsnc45)s3)N(C)C(=O)C2=C1c1ccc(-c2cc[cH:2][se]2)s1,26,26,True,ok
*c1cc2c(s1)-c1cc3c(cc1C(C)(C)O2)-c1sc(-c2c(C#N)c(C#N)c(*)c4nsnc24)cc1OC3(C)C,13,1,CC1(C)Oc2ccsc2-c2cc3c(cc21)-c1sc(-c2c(C#N)c(C#N)cc4nsnc24)cc1OC3(C)C,CC1(C)Oc2cc(-c3c(C#N)c(C#N)[cH:2]c4nsnc34)sc2-c2cc3c(cc21)-c1s[cH:1]cc1OC3(C)C,13,13,True,ok
*c1ccc(C2=C3C(=O)N(C)C(c4ccc(-c5c(F)c(F)c(-c6ccc(C7=C8C(=O)N(C)C(c9ccc(-c%10cc(F)c(-c%11sc(*)cc%11F)s%10)s9)=C8C(=O)N7C)s6)c6nsnc56)s4)=C3C(=O)N2C)s1,29,1,CN1C(=O)C2=C(c3ccc(-c4c(F)c(F)c(-c5ccc(C6=C7C(=O)N(C)C(c8ccc(-c9cc(F)c(-c%10sccc%10F)s9)s8)=C7C(=O)N6C)s5)c5nsnc45)s3)N(C)C(=O)C2=C1c1cccs1,CN1C(=O)C2=C(c3ccc(-c4c(F)c(F)c(-c5ccc(C6=C7C(=O)N(C)C(c8cc[cH:1]s8)=C7C(=O)N6C)s5)c5nsnc45)s3)N(C)C(=O)C2=C1c1ccc(-c2cc(F)c(-c3s[cH:2]cc3F)s2)s1,29,29,True,ok
*c1ccc2c(n1)N(C)C(=O)/C2=C1/C(=O)N(C)c2c1ccc(/C=C/c1ccc3c(c1F)N(C)C(=O)/C3=C1/C(=O)N(C)c3nc(-c4ccc(/C=C/c5ccc(*)s5)s4)ccc31)c2F,29,1,CN1C(=O)/C(=C2/C(=O)N(C)c3c2ccc(/C=C/c2ccc4c(c2F)N(C)C(=O)/C4=C2/C(=O)N(C)c4nc(-c5ccc(/C=C/c6cccs6)s5)ccc42)c3F)c2cccnc21,CN1C(=O)/C(=C2/C(=O)N(C)c3c2ccc(/C=C/c2ccc4c(c2F)N(C)C(=O)/C4=C2/C(=O)N(C)c4n[cH:1]ccc42)c3F)c2ccc(-c3ccc(/C=C/c4cc[cH:2]s4)s3)nc21,29,29,True,ok
*c1ccc(C2=C3C(=O)N(C)C(c4ccc(-c5cnc(-c6cc(F)c(-c7sc(-c8ncc(*)c9nn(C)nc89)cc7F)s6)c6nn(C)nc56)s4)=C3C(=O)N2C)s1,23,1,CN1C(=O)C2=C(c3ccc(-c4cnc(-c5cc(F)c(-c6sc(-c7nccc8nn(C)nc78)cc6F)s5)c5nn(C)nc45)s3)N(C)C(=O)C2=C1c1cccs1,CN1C(=O)C2=C(c3cc[cH:1]s3)N(C)C(=O)C2=C1c1ccc(-c2cnc(-c3cc(F)c(-c4sc(-c5nc[cH:2]c6nn(C)nc56)cc4F)s3)c3nn(C)nc23)s1,23,23,True,ok
*c1ccc(C2=C3C(=S)N(C)C(c4ccc(-c5cc6c(s5)-c5cc7c(cc5C6(C)C)-c5sc(*)cc5C7(C)C)s4)=C3C(=S)N2C)s1,19,1,CN1C(=S)C2=C(c3ccc(-c4cc5c(s4)-c4cc6c(cc4C5(C)C)-c4sccc4C6(C)C)s3)N(C)C(=S)C2=C1c1cccs1,CN1C(=S)C2=C(c3cc[cH:1]s3)N(C)C(=S)C2=C1c1ccc(-c2cc3c(s2)-c2cc4c(cc2C3(C)C)-c2s[cH:2]cc2C4(C)C)s1,19,19,True,ok
*c1cc(F)c(-c2sc(-c3cnc(-c4cc(F)c(-c5sc(-c6ncc(*)c7nn(C)nc67)cc5F)s4)c4nn(C)nc34)cc2F)s1,19,1,Cn1nc2ccnc(-c3cc(F)c(-c4sc(-c5ncc(-c6cc(F)c(-c7sccc7F)s6)c6nn(C)nc56)cc4F)s3)c2n1,Cn1nc2c(-c3cc(F)c(-c4s[cH:1]cc4F)s3)cnc(-c3cc(F)c(-c4sc(-c5nc[cH:2]c6nn(C)nc56)cc4F)s3)c2n1,19,19,True,ok
*c1ccc(-c2c(F)c(F)c(-c3ccc(-c4sc(-c5c(F)c(F)c(-c6cc(C)c(*)s6)c6c5C(=O)N(C)C6=O)cc4C)s3)c3nsnc23)s1,19,1,Cc1csc(-c2c(F)c(F)c(-c3cc(C)c(-c4ccc(-c5c(F)c(F)c(-c6cccs6)c6nsnc56)s4)s3)c3c2C(=O)N(C)C3=O)c1,Cc1cc(-c2c(F)c(F)c(-c3cc(C)[cH:2]s3)c3c2C(=O)N(C)C3=O)sc1-c1ccc(-c2c(F)c(F)c(-c3cc[cH:1]s3)c3nsnc23)s1,19,19,True,ok
*c1ccc(/C=C/c2ccc(-c3sc(C4=C5SC(=O)C(c6cc(C)c(*)s6)=C5SC4=O)cc3C)s2)s1,17,1,Cc1csc(C2=C3SC(=O)C(c4cc(C)c(-c5ccc(/C=C/c6cccs6)s5)s4)=C3SC2=O)c1,Cc1cc(C2=C3SC(=O)C(c4cc(C)[cH:2]s4)=C3SC2=O)sc1-c1ccc(/C=C/c2cc[cH:1]s2)s1,17,17,True,ok
*c1ccc(-c2ccc(-c3cc4c(s3)/C(=C3\C(=O)N(C)c5cc(-c6ccc7c(c6)N(C)C(=O)/C7=C6/C(=O)N(C)c7cc(*)sc76)ccc53)C(=O)N4C)s2)s1,23,1,CN1C(=O)/C(=C2/C(=O)N(C)c3ccsc32)c2ccc(-c3ccc4c(c3)N(C)C(=O)/C4=C3/C(=O)N(C)c4cc(-c5ccc(-c6cccs6)s5)sc43)cc21,CN1C(=O)/C(=C2/C(=O)N(C)c3cc(-c4ccc(-c5cc[cH:1]s5)s4)sc32)c2ccc(-c3ccc4c(c3)N(C)C(=O)/C4=C3/C(=O)N(C)c4c[cH:2]sc43)cc21,23,23,True,ok
*c1ccc2c(n1)N(C)C(=O)/C2=C1/C(=O)N(C)c2nc(-c3ccc(-c4ccc(*)s4)s3)ccc21,15,1,CN1C(=O)/C(=C2/C(=O)N(C)c3nc(-c4ccc(-c5cccs5)s4)ccc32)c2cccnc21,CN1C(=O)/C(=C2/C(=O)N(C)c3n[cH:1]ccc32)c2ccc(-c3ccc(-c4cc[cH:2]s4)s3)nc21,15,15,True,ok
*c1cnc(-c2ncc(-c3sc(-c4c(F)c(F)c(-c5cc(C)c(*)s5)c5nonc45)cc3C)s2)s1,15,1,Cc1csc(-c2c(F)c(F)c(-c3cc(C)c(-c4cnc(-c5nccs5)s4)s3)c3nonc23)c1,Cc1cc(-c2c(F)c(F)c(-c3cc(C)[cH:2]s3)c3nonc23)sc1-c1cnc(-c2nc[cH:1]s2)s1,15,15,True,ok
*c1cc2c(s1)-c1cc3c(cc1C2(C)C)-c1sc(-c2cc4c5nc6nsnc6nc5c5cc(*)sc5c4s2)cc1C3(C)C,15,1,CC1(C)c2cc3c(cc2-c2sccc21)C(C)(C)c1cc(-c2cc4c5nc6nsnc6nc5c5ccsc5c4s2)sc1-3,CC1(C)c2cc3c(cc2-c2sc(-c4cc5c6nc7nsnc7nc6c6c[cH:2]sc6c5s4)cc21)C(C)(C)c1c[cH:1]sc1-3,15,15,True,ok
*c1ccc(/C=C/c2ccc(-c3c(F)c(F)c(*)c4nn(C)nc34)s2)s1,11,2,Cn1nc2cc(F)c(F)c(-c3ccc(/C=C/c4ccc(-c5c(F)c(F)c(-c6ccc(/C=C/c7cccs7)s6)c6nn(C)nc56)s4)s3)c2n1,Cn1nc2c(-c3ccc(/C=C/c4ccc(-c5c(F)c(F)[cH:2]c6nn(C)nc56)s4)s3)c(F)c(F)c(-c3ccc(/C=C/c4cc[cH:1]s4)s3)c2n1,23,23,True,ok
*c1ccc2c(c1)N(C)C(=O)/C2=C1/C(=O)N(C)c2c1ccc(-c1cnc(-c3ncc(*)s3)s1)c2F,15,1,CN1C(=O)/C(=C2/C(=O)N(C)c3c2ccc(-c2cnc(-c4nccs4)s2)c3F)c2ccccc21,CN1C(=O)/C(=C2/C(=O)N(C)c3c2ccc(-c2cnc(-c4nc[cH:2]s4)s2)c3F)c2cc[cH:1]cc21,15,15,True,ok
*c1cc2c(=O)n(C)c(=O)c3c(sc4c3sc3c5sc(-c6sc(*)c(F)c6F)cc5c(=O)n(C)c(=O)c34)c2s1,13,1,Cn1c(=O)c2ccsc2c2sc3c(sc4c5sc(-c6scc(F)c6F)cc5c(=O)n(C)c(=O)c43)c2c1=O,Cn1c(=O)c2cc(-c3s[cH:2]c(F)c3F)sc2c2sc3c(sc4c5s[cH:1]cc5c(=O)n(C)c(=O)c43)c2c1=O,13,13,True,ok
*c1ccc(-c2ccc3c4c(=O)n(C)c(=O)c5c6ccc(-c7ccc(-c8c(F)c(F)c(*)c(F)c8F)s7)ccc-6c6c(=O)n(C)c(=O)c(c-3cc2)c4c56)s1,21,1,Cn1c(=O)c2c3ccc(-c4cccs4)ccc-3c3c(=O)n(C)c(=O)c4c5ccc(-c6ccc(-c7c(F)c(F)cc(F)c7F)s6)ccc-5c(c1=O)c4c23,Cn1c(=O)c2c3ccc(-c4ccc(-c5c(F)c(F)[cH:2]c(F)c5F)s4)ccc-3c3c(=O)n(C)c(=O)c4c5ccc(-c6cc[cH:1]s6)ccc-5c(c1=O)c4c23,21,21,True,ok
*c1cc2c(=O)n(C)c(=O)c3cc(-c4cc5c(=O)n(C)c(=O)c6c(sc7c6sc6c8sc(*)cc8c(=O)n(C)c(=O)c67)c5s4)sc3c2s1,16,1,Cn1c(=O)c2ccsc2c2sc(-c3cc4c(=O)n(C)c(=O)c5c(sc6c5sc5c7sccc7c(=O)n(C)c(=O)c56)c4s3)cc2c1=O,Cn1c(=O)c2cc(-c3cc4c(=O)n(C)c(=O)c5c(sc6c5sc5c7s[cH:2]cc7c(=O)n(C)c(=O)c56)c4s3)sc2c2s[cH:1]cc2c1=O,16,16,True,ok
*c1cc2c3[n+](c1)[B-](F)(F)N(C)c1cc(-c4sc(-c5sc(*)c6c5C(=O)N(C)C6=O)c5c4C(=O)N(C)C5=O)c[n+](c1-3)[B-](F)(F)N2C,13,1,CN1C(=O)c2csc(-c3sc(-c4cc5c6[n+](c4)[B-](F)(F)N(C)c4ccc[n+](c4-6)[B-](F)(F)N5C)c4c3C(=O)N(C)C4=O)c2C1=O,CN1C(=O)c2c(-c3cc4c5[n+](c3)[B-](F)(F)N(C)c3c[cH:1]c[n+](c3-5)[B-](F)(F)N4C)sc(-c3s[cH:2]c4c3C(=O)N(C)C4=O)c2C1=O,13,13,True,ok
*c1cc2c3c(c1)c(=O)n(C)c(=O)c1cc(-c4nc(OC)c(-c5sc(*)nc5OC)s4)cc(c13)C2=C(C#N)C#N,12,2,COc1ncsc1-c1sc(-c2cc3c4c(c2)c(=O)n(C)c(=O)c2cc(-c5nc(OC)c(-c6sc(-c7cc8c9c(c7)c(=O)n(C)c(=O)c7cccc(c79)C8=C(C#N)C#N)nc6OC)s5)cc(c24)C3=C(C#N)C#N)nc1OC,COc1nc(-c2cc3c4c(c2)c(=O)n(C)c(=O)c2cc(-c5nc(OC)c(-c6s[cH:2]nc6OC)s5)cc(c24)C3=C(C#N)C#N)sc1-c1sc(-c2cc3c4c(c2)c(=O)n(C)c(=O)c2c[cH:1]cc(c24)C3=C(C#N)C#N)nc1OC,25,25,True,ok
*/C(C#N)=C(F)\C(F)=C(\C#N)c1ccc(C2=C3C(=O)N(C)C(c4ccc(*)s4)=C3C(=O)N2C)s1,13,1,CN1C(=O)C2=C(c3ccc(/C(C#N)=C(/F)C(F)=CC#N)s3)N(C)C(=O)C2=C1c1cccs1,CN1C(=O)C2=C(c3cc[cH:2]s3)N(C)C(=O)C2=C1c1ccc(/C(C#N)=C(/F)C(F)=[CH:1]C#N)s1,13,13,True,ok
*c1cc2c3c(c1)c1c(c4cc(-c5nc(OC)c(-c6sc(*)nc6OC)s5)cc(c43)C2=C(C#N)C#N)C(=O)N(C)C1=O,12,2,COc1ncsc1-c1sc(-c2cc3c4c(c2)c2c(c5cc(-c6nc(OC)c(-c7sc(-c8cc9c%10c(c8)c8c(c%11cccc(c%11%10)C9=C(C#N)C#N)C(=O)N(C)C8=O)nc7OC)s6)cc(c54)C3=C(C#N)C#N)C(=O)N(C)C2=O)nc1OC,COc1nc(-c2cc3c4c(c2)c2c(c5cc(-c6nc(OC)c(-c7s[cH:2]nc7OC)s6)cc(c54)C3=C(C#N)C#N)C(=O)N(C)C2=O)sc1-c1sc(-c2cc3c4c(c2)c2c(c5c[cH:1]cc(c54)C3=C(C#N)C#N)C(=O)N(C)C2=O)nc1OC,25,25,True,ok
*c1ccc(C2=C3C(=O)N(C)C(c4ccc(-c5nc(C#N)c(*)nc5C#N)s4)=C3C(=O)N2C)s1,13,1,CN1C(=O)C2=C(c3ccc(-c4nc(C#N)cnc4C#N)s3)N(C)C(=O)C2=C1c1cccs1,CN1C(=O)C2=C(c3cc[cH:1]s3)N(C)C(=O)C2=C1c1ccc(-c2nc(C#N)[cH:2]nc2C#N)s1,13,13,True,ok
*c1cc2c3c4c(c5sc(-c6sc(-c7ccc(/C=C/c8ccc(-c9cc(C)c(*)s9)c9n[se]nc89)c8n[se]nc78)cc6C)cc5c5c4c(c2s1)C(=O)N(C)C5=O)C(=O)N(C)C3=O,24,1,Cc1csc(-c2ccc(/C=C/c3ccc(-c4cc(C)c(-c5cc6c7c8c(c9sccc9c9c8c(c6s5)C(=O)N(C)C9=O)C(=O)N(C)C7=O)s4)c4n[se]nc34)c3n[se]nc23)c1,Cc1cc(-c2ccc(/C=C/c3ccc(-c4cc(C)[cH:2]s4)c4n[se]nc34)c3n[se]nc23)sc1-c1cc2c3c4c(c5s[cH:1]cc5c5c4c(c2s1)C(=O)N(C)C5=O)C(=O)N(C)C3=O,24,24,True,ok
*c1ccc(C2=C3C(=O)N(C)C(c4ccc(-c5ccc(-c6c7c(c(-c8ccc(*)s8)c8c6O[B-](C#N)(C#N)[N+](C)=C8)O[B-](C#N)(C#N)[N+](C)=C7)s5)s4)=C3C(=O)N2C)s1,19,1,CN1C(=O)C2=C(c3ccc(-c4ccc(-c5c6c(c(-c7cccs7)c7c5O[B-](C#N)(C#N)[N+](C)=C7)O[B-](C#N)(C#N)[N+](C)=C6)s4)s3)N(C)C(=O)C2=C1c1cccs1,CN1C(=O)C2=C(c3cc[cH:1]s3)N(C)C(=O)C2=C1c1ccc(-c2ccc(-c3c4c(c(-c5cc[cH:2]s5)c5c3O[B-](C#N)(C#N)[N+](C)=C5)O[B-](C#N)(C#N)[N+](C)=C4)s2)s1,19,19,True,ok
*c1cc2cc3c(cc2s1)C(C)(C)C1=C3C(C)(C)c2cc3sc(-c4ccc(*)c5nsnc45)cc3cc21,15,1,CC1(C)C2=C(c3cc4ccsc4cc31)C(C)(C)c1cc3sc(-c4cccc5nsnc45)cc3cc12,CC1(C)C2=C(c3cc4cc(-c5cc[cH:2]c6nsnc56)sc4cc31)C(C)(C)c1cc3s[cH:1]cc3cc12,15,15,True,ok
*c1ccc(C2=C3C(=O)N(C)C(c4ccc(-c5sc(-c6c(F)c(F)c7c8c6ns[n+]8[B-](C)(C)c6c-7sc(*)c6C)cc5C)s4)=C3C(=O)N2C)s1,19,1,Cc1cc(-c2c(F)c(F)c3c4c2ns[n+]4[B-](C)(C)c2c(C)csc2-3)sc1-c1ccc(C2=C3C(=O)N(C)C(c4cccs4)=C3C(=O)N2C)s1,Cc1cc(-c2c(F)c(F)c3c4c2ns[n+]4[B-](C)(C)c2c-3s[cH:2]c2C)sc1-c1ccc(C2=C3C(=O)N(C)C(c4cc[cH:1]s4)=C3C(=O)N2C)s1,19,19,True,ok
*c1ccc(C2=C3C(=O)N(C)C(c4ccc(-c5cc6c(s5)-c5sc(*)cc5C(=O)C6=O)s4)=C3C(=O)N2C)s1,15,1,CN1C(=O)C2=C(c3ccc(-c4cc5c(s4)-c4sccc4C(=O)C5=O)s3)N(C)C(=O)C2=C1c1cccs1,CN1C(=O)C2=C(c3cc[cH:1]s3)N(C)C(=O)C2=C1c1ccc(-c2cc3c(s2)-c2s[cH:2]cc2C(=O)C3=O)s1,15,15,True,ok
*c1cc(F)c(-c2sc(-c3cc4c(=O)n(C)c(=O)c5cc6c(cc5c4s3)c(=O)n(C)c(=O)c3cc(*)sc36)cc2F)s1,15,1,Cn1c(=O)c2cc3c(cc2c2sccc2c1=O)c(=O)n(C)c(=O)c1cc(-c2cc(F)c(-c4sccc4F)s2)sc13,Cn1c(=O)c2cc3c(cc2c2sc(-c4cc(F)c(-c5s[cH:1]cc5F)s4)cc2c1=O)c(=O)n(C)c(=O)c1c[cH:2]sc13,15,15,True,ok
*c1cnc(/C=C/c2ncc(-c3cc4sc5c(-c6cc(C)c(C)s6)c6c(sc7cc(*)sc76)c(-c6cc(C)c(C)s6)c5c4s3)s2)s1,17,1,Cc1cc(-c2c3sc4cc(-c5cnc(/C=C/c6nccs6)s5)sc4c3c(-c3cc(C)c(C)s3)c3sc4ccsc4c23)sc1C,Cc1cc(-c2c3sc4c[cH:2]sc4c3c(-c3cc(C)c(C)s3)c3sc4cc(-c5cnc(/C=C/c6nc[cH:1]s6)s5)sc4c23)sc1C,17,17,True,ok
*c1ccc(/C=C/c2ccc(-c3ccc(C4=C/C(=C5/C=C(c6ccc(*)s6)N(C)C5=O)C(=O)N4C)s3)s2)s1,19,1,CN1C(=O)/C(=C2\C=C(c3ccc(-c4ccc(/C=C/c5cccs5)s4)s3)N(C)C2=O)C=C1c1cccs1,CN1C(=O)/C(=C2\C=C(c3cc[cH:2]s3)N(C)C2=O)C=C1c1ccc(-c2ccc(/C=C/c3cc[cH:1]s3)s2)s1,19,19,True,ok
*c1ccc(C2=C3C(=O)N4C=Cc5cc(-c6sc(*)c(F)c6F)[se]c5C4=C3C(=O)N2C)[se]1,12,2,CN1C(=O)C2=C3c4[se]c(-c5scc(F)c5F)cc4C=CN3C(=O)C2=C1c1ccc(-c2sc(-c3cc4c([se]3)C3=C5C(=O)N(C)C(c6ccc[se]6)=C5C(=O)N3C=C4)c(F)c2F)[se]1,CN1C(=O)C2=C3c4[se]c(-c5sc(-c6ccc(C7=C8C(=O)N9C=Cc%10cc(-c%11s[cH:2]c(F)c%11F)[se]c%10C9=C8C(=O)N7C)[se]6)c(F)c5F)cc4C=CN3C(=O)C2=C1c1cc[cH:1][se]1,25,25,True,ok
*c1ccc(C2=C3C(=O)N(C)C(c4ccc(-c5sc(/C=C/c6sc(*)c(Cl)c6C#N)c(C#N)c5Cl)s4)=C3C(=O)N2C)s1,17,1,CN1C(=O)C2=C(c3ccc(-c4sc(/C=C/c5scc(Cl)c5C#N)c(C#N)c4Cl)s3)N(C)C(=O)C2=C1c1cccs1,CN1C(=O)C2=C(c3cc[cH:1]s3)N(C)C(=O)C2=C1c1ccc(-c2sc(/C=C/c3s[cH:2]c(Cl)c3C#N)c(C#N)c2Cl)s1,17,17,True,ok
*c1ccc(-c2ccc(-c3cc4c(c5nsnc35)c3sc(/C=C/c5cc6c(s5)c5c7nsnc7c(*)cc5n6C)cc3n4C)s2)s1,21,1,Cn1c2cc(/C=C/c3cc4c(s3)c3c5nsnc5c(-c5ccc(-c6cccs6)s5)cc3n4C)sc2c2c3nsnc3ccc21,Cn1c2cc(/C=C/c3cc4c(s3)c3c5nsnc5[cH:2]cc3n4C)sc2c2c3nsnc3c(-c3ccc(-c4cc[cH:1]s4)s3)cc21,21,21,True,ok
*c1cc2sc3c(c2s1)C(c1ccc(C)s1)(c1ccc(C)s1)c1cc2c(cc1-3)C(c1ccc(C)s1)(c1ccc(C)s1)c1c-2sc2cc(-c3c(F)cc(-c4cc5sc6c(c5s4)C(c4ccc(C)s4)(c4ccc(C)s4)c4cc5c(cc4-6)C(c4ccc(C)s4)(c4ccc(C)s4)c4c-5sc5cc(-c6cc(F)c(*)c7nsnc67)sc45)c4nsnc34)sc12,33,1,Cc1ccc(C2(c3ccc(C)s3)c3cc4c(cc3-c3sc5ccsc5c32)C(c2ccc(C)s2)(c2ccc(C)s2)c2c-4sc3cc(-c4c(F)cc(-c5cc6sc7c(c6s5)C(c5ccc(C)s5)(c5ccc(C)s5)c5cc6c(cc5-7)C(c5ccc(C)s5)(c5ccc(C)s5)c5c-6sc6cc(-c7cc(F)cc8nsnc78)sc56)c5nsnc45)sc23)s1,Cc1ccc(C2(c3ccc(C)s3)c3cc4c(cc3-c3sc5cc(-c6cc(F)c(-c7cc8sc9c(c8s7)C(c7ccc(C)s7)(c7ccc(C)s7)c7cc8c(cc7-9)C(c7ccc(C)s7)(c7ccc(C)s7)c7c-8sc8c[cH:1]sc78)c7nsnc67)sc5c32)C(c2ccc(C)s2)(c2ccc(C)s2)c2c-4sc3cc(-c4cc(F)[cH:2]c5nsnc45)sc23)s1,33,33,True,ok
*c1ccc2c(c1)N(C)C(=O)/C2=C\c1ccc(-c2ccc(/C=C3\C(=O)N(C)c4cc(-c5ccc(-c6ccc(*)s6)s5)ccc43)s2)s1,23,1,CN1C(=O)/C(=C\c2ccc(-c3ccc(/C=C4\C(=O)N(C)c5cc(-c6ccc(-c7cccs7)s6)ccc54)s3)s2)c2ccccc21,CN1C(=O)/C(=C\c2ccc(-c3ccc(/C=C4\C(=O)N(C)c5c[cH:1]ccc54)s3)s2)c2ccc(-c3ccc(-c4cc[cH:2]s4)s3)cc21,23,23,True,ok
*c1ccc(C2=C3C(=O)N(C)C(c4ccc(-c5cc6c(=O)n(C)c(=O)c7c(sc8c7sc7c9sc%10c(sc%11c%12sc(*)cc%12c(=O)n(C)c(=O)c%11%10)c9c(=O)n(C)c(=O)c87)c6s5)s4)=C3C(=O)N2C)s1,25,1,CN1C(=O)C2=C(c3ccc(-c4cc5c(=O)n(C)c(=O)c6c(sc7c6sc6c8sc9c(sc%10c%11sccc%11c(=O)n(C)c(=O)c%109)c8c(=O)n(C)c(=O)c76)c5s4)s3)N(C)C(=O)C2=C1c1cccs1,CN1C(=O)C2=C(c3cc[cH:1]s3)N(C)C(=O)C2=C1c1ccc(-c2cc3c(=O)n(C)c(=O)c4c(sc5c4sc4c6sc7c(sc8c9s[cH:2]cc9c(=O)n(C)c(=O)c87)c6c(=O)n(C)c(=O)c54)c3s2)s1,25,25,True,ok
*c1sc(-c2sc(-c3c(Cl)cc4c(c3Cl)N(C)C(=O)/C4=C3/C(=O)Oc4cc5c(cc43)OC(=O)/C5=C3/C(=O)N(C)c4c3cc(Cl)c(*)c4Cl)c(F)c2F)c(F)c1F,21,1,CN1C(=O)/C(=C2/C(=O)Oc3cc4c(cc32)OC(=O)/C4=C2/C(=O)N(C)c3c2cc(Cl)c(-c2sc(-c4scc(F)c4F)c(F)c2F)c3Cl)c2cc(Cl)cc(Cl)c21,CN1C(=O)/C(=C2/C(=O)Oc3cc4c(cc32)OC(=O)/C4=C2/C(=O)N(C)c3c2cc(Cl)[cH:2]c3Cl)c2cc(Cl)c(-c3sc(-c4s[cH:1]c(F)c4F)c(F)c3F)c(Cl)c21,21,21,True,ok
*c1ccc(-c2ccc(-c3ccc(-c4ccc(-c5c6c(c(-c7ccc(-c8ccc(*)s8)s7)c7c5=Nc5cc8c(cc5O7)n(C)c(=O)n8C)=Nc5cc7c(cc5O6)n(C)c(=O)n7C)s4)s3)s2)s1,21,1,Cn1c(=O)n(C)c2cc3c(cc21)N=c1c(c(-c2ccc(-c4ccc(-c5ccc(-c6cccs6)s5)s4)s2)c2c(c1-c1ccc(-c4cccs4)s1)Oc1cc4c(cc1N=2)n(C)c(=O)n4C)O3,Cn1c(=O)n(C)c2cc3c(cc21)N=c1c(c(-c2ccc(-c4cc[cH:2]s4)s2)c2c(c1-c1ccc(-c4ccc(-c5ccc(-c6cc[cH:1]s6)s5)s4)s1)Oc1cc4c(cc1N=2)n(C)c(=O)n4C)O3,21,21,True,ok
*c1cc2c(s1)/C(=C1\C(=O)N(C)c3cc(-c4sc(-c5sc(*)c(Cl)c5Cl)c(Cl)c4Cl)sc31)C(=O)N2C,13,1,CN1C(=O)/C(=C2/C(=O)N(C)c3cc(-c4sc(-c5scc(Cl)c5Cl)c(Cl)c4Cl)sc32)c2sccc21,CN1C(=O)/C(=C2/C(=O)N(C)c3c[cH:1]sc32)c2sc(-c3sc(-c4s[cH:2]c(Cl)c4Cl)c(Cl)c3Cl)cc21,13,13,True,ok
*c1ccc2c(c1F)N(C)C(=O)/C2=C1/C(=O)N(C)c2c1ccc(-c1sc(-c3ccc(-c4sc(*)c(F)c4F)c4nsnc34)c(F)c1F)c2F,19,1,CN1C(=O)/C(=C2/C(=O)N(C)c3c2ccc(-c2sc(-c4ccc(-c5scc(F)c5F)c5nsnc45)c(F)c2F)c3F)c2cccc(F)c21,CN1C(=O)/C(=C2/C(=O)N(C)c3c2cc[cH:1]c3F)c2ccc(-c3sc(-c4ccc(-c5s[cH:2]c(F)c5F)c5nsnc45)c(F)c3F)c(F)c21,19,19,True,ok
*c1ccc2c(c1)C(C)(C)c1cc(-c3sc(-c4c5nsnc5c(-c5cc(C)c(*)s5)c5nc(C)c(C)nc45)cc3C)ccc1-2,16,1,Cc1csc(-c2c3nsnc3c(-c3cc(C)c(-c4ccc5c(c4)C(C)(C)c4ccccc4-5)s3)c3nc(C)c(C)nc23)c1,Cc1cc(-c2c3nsnc3c(-c3cc(C)[cH:2]s3)c3nc(C)c(C)nc23)sc1-c1ccc2c(c1)C(C)(C)c1c[cH:1]ccc1-2,16,16,True,ok
*C#Cc1c2ccc(C#Cc3ccc(C)cc3)cc2c(C#Cc2ccc(C3=C4C(=O)N(C)C(c5ccc(*)s5)=C4C(=O)N3C)s2)c2ccc(C#Cc3ccc(C)cc3)cc12,17,1,C#Cc1c2ccc(C#Cc3ccc(C)cc3)cc2c(C#Cc2ccc(C3=C4C(=O)N(C)C(c5cccs5)=C4C(=O)N3C)s2)c2ccc(C#Cc3ccc(C)cc3)cc12,Cc1ccc(C#Cc2ccc3c(C#[CH:1])c4cc(C#Cc5ccc(C)cc5)ccc4c(C#Cc4ccc(C5=C6C(=O)N(C)C(c7cc[cH:2]s7)=C6C(=O)N5C)s4)c3c2)cc1,17,17,True,ok
*c1cc2c3c(c(-c4sc5c(sc6c7sc(*)c(C)c7sc56)c4C)cc4c3c1C(=O)N(C)C4=O)C(=O)N(C)C2=O,13,1,Cc1csc2c1sc1c3sc(-c4cc5c6c(ccc7c6c4C(=O)N(C)C7=O)C(=O)N(C)C5=O)c(C)c3sc21,Cc1c(-c2cc3c4c([cH:1]cc5c4c2C(=O)N(C)C5=O)C(=O)N(C)C3=O)sc2c1sc1c3s[cH:2]c(C)c3sc21,13,13,True,ok
*c1cc(C#N)c(/C=C/c2[se]c(-c3cc4c5c(c(*)cc6c5c3C(=O)N(C)C6=O)C(=O)N(C)C4=O)cc2C#N)[se]1,13,1,CN1C(=O)c2ccc3c4c(c(-c5cc(C#N)c(/C=C/c6[se]ccc6C#N)[se]5)cc(c24)C1=O)C(=O)N(C)C3=O,CN1C(=O)c2c[cH:2]c3c4c(cc(-c5cc(C#N)c(/C=C/c6[se][cH:1]cc6C#N)[se]5)c(c24)C1=O)C(=O)N(C)C3=O,13,13,True,ok
*c1cc2c(=O)n(C)c(=O)c3c(F)c(-c4sc5c(c4F)c(=O)n(C)c(=O)c4cc(-c6sc(*)c(F)c6F)sc45)sc3c2s1,14,1,Cn1c(=O)c2ccsc2c2sc(-c3sc4c(c3F)c(=O)n(C)c(=O)c3cc(-c5scc(F)c5F)sc34)c(F)c2c1=O,Cn1c(=O)c2cc(-c3s[cH:2]c(F)c3F)sc2c2sc(-c3sc4c(c3F)c(=O)n(C)c(=O)c3c[cH:1]sc34)c(F)c2c1=O,14,14,True,ok
*c1ccc(/C=C/c2ccc(-c3cc4c(s3)-c3sc(*)cc3OC4(C)C)s2)s1,13,1,CC1(C)Oc2ccsc2-c2sc(-c3ccc(/C=C/c4cccs4)s3)cc21,CC1(C)Oc2c[cH:2]sc2-c2sc(-c3ccc(/C=C/c4cc[cH:1]s4)s3)cc21,13,13,True,ok
*C#Cc1cc(OC)c(C#Cc2cc3c(cc(*)c4c(=O)n(C)c(=O)c43)c3c(=O)n(C)c(=O)c23)cc1OC,13,1,C#Cc1cc(OC)c(C#Cc2cc3c(ccc4c(=O)n(C)c(=O)c43)c3c(=O)n(C)c(=O)c23)cc1OC,COc1cc(C#[CH:1])c(OC)cc1C#Cc1cc2c(c[cH:2]c3c(=O)n(C)c(=O)c23)c2c(=O)n(C)c(=O)c12,13,13,True,ok
*c1ccc(-c2nc3c(s2)/C(=C2\C(=O)N(C)c4nc(-c5ccc(-c6ccc(*)[te]6)[se]5)sc42)C(=O)N3C)[se]1,16,1,CN1C(=O)/C(=C2/C(=O)N(C)c3nc(-c4ccc(-c5ccc[te]5)[se]4)sc32)c2sc(-c3ccc[se]3)nc21,CN1C(=O)/C(=C2/C(=O)N(C)c3nc(-c4cc[cH:1][se]4)sc32)c2sc(-c3ccc(-c4cc[cH:2][te]4)[se]3)nc21,16,16,True,ok
*c1ccc(-c2nc3c(s2)/C(=C2\C(=O)N(C)c4nc(-c5ccc(-c6cnc(-c7ncc(*)s7)s6)s5)sc42)C(=O)N3C)s1,19,1,CN1C(=O)/C(=C2/C(=O)N(C)c3nc(-c4ccc(-c5cnc(-c6nccs6)s5)s4)sc32)c2sc(-c3cccs3)nc21,CN1C(=O)/C(=C2/C(=O)N(C)c3nc(-c4cc[cH:1]s4)sc32)c2sc(-c3ccc(-c4cnc(-c5nc[cH:2]s5)s4)s3)nc21,19,19,True,ok
*c1ccc2c(c1)N(C)C(=O)/C2=C/c1cnc(/C=C2/C(=O)N(C)c3cc(-c4ccc(/C=C/c5ccc(*)s5)s4)ccc32)cn1,23,1,CN1C(=O)/C(=C/c2cnc(/C=C3/C(=O)N(C)c4cc(-c5ccc(/C=C/c6cccs6)s5)ccc43)cn2)c2ccccc21,CN1C(=O)/C(=C/c2cnc(/C=C3/C(=O)N(C)c4c[cH:1]ccc43)cn2)c2ccc(-c3ccc(/C=C/c4cc[cH:2]s4)s3)cc21,23,23,True,ok
*c1cc(C#N)c(-c2sc(-c3sc(C4=c5cc6c(cc5N(C)C4=O)=C(c4cc(C)c(*)s4)C(=O)N6C)cc3C)cc2C#N)s1,17,1,Cc1csc(C2=c3cc4c(cc3N(C)C2=O)=C(c2cc(C)c(-c3cc(C#N)c(-c5sccc5C#N)s3)s2)C(=O)N4C)c1,Cc1cc(C2=c3cc4c(cc3N(C)C2=O)=C(c2cc(C)[cH:2]s2)C(=O)N4C)sc1-c1cc(C#N)c(-c2s[cH:1]cc2C#N)s1,17,17,True,ok
*c1ccc2c(n1)N(C)C(=O)/C2=C1/C(=O)N(C)c2c1sc1c3c(sc21)/C(=C1\C(=O)N(C)c2nc(-c4ccc(/C=C/c5ccc(*)s5)s4)ccc21)C(=O)N3C,24,1,CN1C(=O)/C(=C2/C(=O)N(C)c3c2sc2c4c(sc32)/C(=C2\C(=O)N(C)c3nc(-c5ccc(/C=C/c6cccs6)s5)ccc32)C(=O)N4C)c2cccnc21,CN1C(=O)/C(=C2/C(=O)N(C)c3c2sc2c4c(sc32)/C(=C2\C(=O)N(C)c3n[cH:1]ccc32)C(=O)N4C)c2ccc(-c3ccc(/C=C/c4cc[cH:2]s4)s3)nc21,24,24,True,ok
*c1cc2c(s1)c1c(=O)n(C)c3cc(-c4sc(/C=C/c5sc(*)c(F)c5C#N)c(C#N)c4F)sc3c1c(=O)n2C,15,1,Cn1c(=O)c2c3sc(-c4sc(/C=C/c5scc(F)c5C#N)c(C#N)c4F)cc3n(C)c(=O)c2c2sccc21,Cn1c(=O)c2c3s[cH:1]cc3n(C)c(=O)c2c2sc(-c3sc(/C=C/c4s[cH:2]c(F)c4C#N)c(C#N)c3F)cc21,15,15,True,ok
*c1ccc2c(c1)N(C)C(=O)/C2=C1/C(=O)N(C)c2cc(-c3ccc(-c4c(F)c(F)c(-c5ccc(*)s5)c(F)c4F)s3)ccc21,19,1,CN1C(=O)/C(=C2/C(=O)N(C)c3cc(-c4ccc(-c5c(F)c(F)c(-c6cccs6)c(F)c5F)s4)ccc32)c2ccccc21,CN1C(=O)/C(=C2/C(=O)N(C)c3c[cH:1]ccc32)c2ccc(-c3ccc(-c4c(F)c(F)c(-c5cc[cH:2]s5)c(F)c4F)s3)cc21,19,19,True,ok
*c1ccc2c(n1)N(C)C(=O)/C2=C1/C(=O)N(C)c2cc3c(cc21)N(C)C(=O)/C3=C1/C(=O)N(C)c2nc(-c3ccc(/C=C/c4ccc(*)s4)s3)ccc21,23,1,CN1C(=O)/C(=C2/C(=O)N(C)c3ncccc32)c2cc3c(cc21)/C(=C1\C(=O)N(C)c2nc(-c4ccc(/C=C/c5cccs5)s4)ccc21)C(=O)N3C,CN1C(=O)/C(=C2/C(=O)N(C)c3nc(-c4ccc(/C=C/c5cc[cH:2]s5)s4)ccc32)c2cc3c(cc21)/C(=C1\C(=O)N(C)c2n[cH:1]ccc21)C(=O)N3C,23,23,True,ok
*c1cc(C)c(/C=C2\C(=O)Oc3cc4c(cc32)OC(=O)/C4=C\c2sc(-c3ccc(/C=C/c4ccc(*)[se]4)[se]3)cc2C)s1,21,1,Cc1ccsc1/C=C1\C(=O)Oc2cc3c(cc21)OC(=O)/C3=C\c1sc(-c2ccc(/C=C/c3ccc[se]3)[se]2)cc1C,Cc1cc(-c2ccc(/C=C/c3cc[cH:2][se]3)[se]2)sc1/C=C1\C(=O)Oc2cc3c(cc21)OC(=O)/C3=C\c1s[cH:1]cc1C,21,21,True,ok
*c1ccc(-c2cnc(-c3ccc(-c4cc5c6c(c(*)cc7c6c4C(=O)N(C)C7=O)C(=O)N(C)C5=O)s3)nc2)s1,15,1,CN1C(=O)c2ccc3c4c(c(-c5ccc(-c6ncc(-c7cccs7)cn6)s5)cc(c24)C1=O)C(=O)N(C)C3=O,CN1C(=O)c2c[cH:2]c3c4c(cc(-c5ccc(-c6ncc(-c7cc[cH:1]s7)cn6)s5)c(c24)C1=O)C(=O)N(C)C3=O,15,15,True,ok
*c1ccc(-c2ccc(-c3cc4c5c(ccc6/c(=c7\c(=O)c8c(*)cc9c%10c(ccc7c%108)C(=O)N(C)C9=O)c(=O)c3c56)C(=O)N(C)C4=O)s2)s1,13,1,CN1C(=O)c2ccc3c(=O)/c(=c4/c(=O)c5c(-c6ccc(-c7cccs7)s6)cc6c7c(ccc4c75)C(=O)N(C)C6=O)c4ccc(c2c34)C1=O,CN1C(=O)c2ccc3/c(=c4\c(=O)c5c6c7c(ccc46)C(=O)N(C)C(=O)c7c[cH:2]5)c(=O)c4c(-c5ccc(-c6cc[cH:1]s6)s5)cc(c2c43)C1=O,13,13,True,ok
*c1ccc(/C(C#N)=C(\C#N)c2ccc(-c3ccc4c(c3)N(C)C(=O)/C4=C3/C(=O)N(C)c4cc(*)ccc43)cc2)cc1,19,1,CN1C(=O)/C(=C2/C(=O)N(C)c3cc(-c4ccc(/C(C#N)=C(\C#N)c5ccccc5)cc4)ccc32)c2ccccc21,CN1C(=O)/C(=C2/C(=O)N(C)c3c[cH:2]ccc32)c2ccc(-c3ccc(/C(C#N)=C(\C#N)c4cc[cH:1]cc4)cc3)cc21,19,19,True,ok
*c1nc2c(=O)n(C)c(=O)c3cc(C4=C5C(=O)N(C)C(c6cc7c(=O)n(C)c(=O)c8nc(-c9sc(*)c(F)c9F)sc8c7s6)=C5C(=O)N4C)sc3c2s1,18,1,CN1C(=O)C2=C(c3cc4c(=O)n(C)c(=O)c5nc(-c6scc(F)c6F)sc5c4s3)N(C)C(=O)C2=C1c1cc2c(=O)n(C)c(=O)c3ncsc3c2s1,CN1C(=O)C2=C(c3cc4c(=O)n(C)c(=O)c5n[cH:1]sc5c4s3)N(C)C(=O)C2=C1c1cc2c(=O)n(C)c(=O)c3nc(-c4s[cH:2]c(F)c4F)sc3c2s1,18,18,True,ok
*c1ccc(C2=C3C(=O)N(C)C(c4ccc(-c5ccc(/C(C#N)=C(\C#N)c6ccc(*)s6)s5)s4)=C3C(=O)N2C)s1,17,1,CN1C(=O)C2=C(c3ccc(-c4ccc(/C(C#N)=C(\C#N)c5cccs5)s4)s3)N(C)C(=O)C2=C1c1cccs1,CN1C(=O)C2=C(c3cc[cH:1]s3)N(C)C(=O)C2=C1c1ccc(-c2ccc(/C(C#N)=C(\C#N)c3cc[cH:2]s3)s2)s1,17,17,True,ok
*c1ccc(C2=C3C(=O)N(C)C(c4ccc(-c5sc(-c6ccc(C7=C8C(=O)N(C)C(c9ccc(-c%10ccc(*)c%11n[se]nc%10%11)s9)=C8C(=O)N7C)s6)c(F)c5F)s4)=C3C(=O)N2C)s1,26,1,CN1C(=O)C2=C(c3ccc(-c4sc(-c5ccc(C6=C7C(=O)N(C)C(c8ccc(-c9cccc%10n[se]nc9%10)s8)=C7C(=O)N6C)s5)c(F)c4F)s3)N(C)C(=O)C2=C1c1cccs1,CN1C(=O)C2=C(c3ccc(-c4cc[cH:2]c5n[se]nc45)s3)N(C)C(=O)C2=C1c1ccc(-c2sc(-c3ccc(C4=C5C(=O)N(C)C(c6cc[cH:1]s6)=C5C(=O)N4C)s3)c(F)c2F)s1,26,26,True,ok
*c1cc2sc(-c3sc(-c4cc5c6nonc6c6cc(-c7cc(C)c(*)s7)sc6c5s4)cc3C)cc2s1,16,1,Cc1csc(-c2cc3c4nonc4c4cc(-c5cc(C)c(-c6cc7sccc7s6)s5)sc4c3s2)c1,Cc1cc(-c2cc3c4nonc4c4cc(-c5cc(C)[cH:2]s5)sc4c3s2)sc1-c1cc2s[cH:1]cc2s1,16,16,True,ok
*c1ccc(-c2sc(C3=C4C(=O)N(C)C(c5cc(C)c(*)s5)=C4C(=O)N3C)cc2C)[se]1,12,2,Cc1csc(C2=C3C(=O)N(C)C(c4cc(C)c(-c5ccc(-c6sc(C7=C8C(=O)N(C)C(c9cc(C)c(-c%10ccc[se]%10)s9)=C8C(=O)N7C)cc6C)[se]5)s4)=C3C(=O)N2C)c1,Cc1cc(C2=C3C(=O)N(C)C(c4cc(C)c(-c5cc[cH:1][se]5)s4)=C3C(=O)N2C)sc1-c1ccc(-c2sc(C3=C4C(=O)N(C)C(c5cc(C)[cH:2]s5)=C4C(=O)N3C)cc2C)[se]1,25,25,True,ok
*c1ccc(/C=C/c2ccc(-c3cc(C)c(-c4sc(-c5sc(-c6sc(*)cc6C)c6c5C(=O)N(C)C6=O)c5c4C(=O)N(C)C5=O)s3)cc2)cc1,21,1,Cc1ccsc1-c1sc(-c2sc(-c3sc(-c4ccc(/C=C/c5ccccc5)cc4)cc3C)c3c2C(=O)N(C)C3=O)c2c1C(=O)N(C)C2=O,Cc1cc(-c2ccc(/C=C/c3cc[cH:1]cc3)cc2)sc1-c1sc(-c2sc(-c3s[cH:2]cc3C)c3c2C(=O)N(C)C3=O)c2c1C(=O)N(C)C2=O,21,21,True,ok
*c1ccc(-c2nc3c(s2)/C(=C2\C(=O)N(C)c4nc(-c5ccc(-c6sc(-c7ccc(-c8cc(C)c(*)s8)c8nsnc78)cc6C)s5)sc42)C(=O)N3C)s1,23,1,Cc1csc(-c2ccc(-c3cc(C)c(-c4ccc(-c5nc6c(s5)/C(=C5\C(=O)N(C)c7nc(-c8cccs8)sc75)C(=O)N6C)s4)s3)c3nsnc23)c1,Cc1cc(-c2ccc(-c3cc(C)[cH:2]s3)c3nsnc23)sc1-c1ccc(-c2nc3c(s2)/C(=C2\C(=O)N(C)c4nc(-c5cc[cH:1]s5)sc42)C(=O)N3C)s1,23,23,True,ok
*c1cc2c(s1)C1=C3C(=O)N4C=Cc5c(sc(-c6ccc(*)c7nsnc67)c5C)C4=C3C(=O)N1C=C2C,13,1,CC1=CN2C(=O)C3=C4c5sc(-c6cccc7nsnc67)c(C)c5C=CN4C(=O)C3=C2c2sccc21,CC1=CN2C(=O)C3=C4c5sc(-c6cc[cH:2]c7nsnc67)c(C)c5C=CN4C(=O)C3=C2c2s[cH:1]cc21,13,13,True,ok
*C#Cc1cc(C(F)(F)F)c(C#Cc2cc3c4c(c(*)cc5c4c2C(=O)N(C)C5=O)C(=O)N(C)C3=O)cc1C(F)(F)F,13,1,C#Cc1cc(C(F)(F)F)c(C#Cc2cc3c4c(ccc5c4c2C(=O)N(C)C5=O)C(=O)N(C)C3=O)cc1C(F)(F)F,CN1C(=O)c2c[cH:2]c3c4c(cc(C#Cc5cc(C(F)(F)F)c(C#[CH:1])cc5C(F)(F)F)c(c24)C1=O)C(=O)N(C)C3=O,13,13,True,ok
*/C=C/c1ccc(-c2c(OC)c(OC)c(-c3ccc(*)s3)c3nonc23)s1,11,2,C=Cc1ccc(-c2c(OC)c(OC)c(-c3ccc(C=Cc4ccc(-c5c(OC)c(OC)c(-c6cccs6)c6nonc56)s4)s3)c3nonc23)s1,COc1c(OC)c(-c2ccc(C=[CH2:1])s2)c2nonc2c1-c1ccc(C=Cc2ccc(-c3c(OC)c(OC)c(-c4cc[cH:2]s4)c4nonc34)s2)s1,23,23,True,ok
*c1ccc(-c2nnc(-c3ccc(-c4cc5c(-c6ccc(C)s6)c6sc(*)cc6c(-c6ccc(C)s6)c5s4)s3)c3c2C(=O)N(C)C3=O)s1,16,1,Cc1ccc(-c2c3cc(-c4ccc(-c5nnc(-c6cccs6)c6c5C(=O)N(C)C6=O)s4)sc3c(-c3ccc(C)s3)c3ccsc23)s1,Cc1ccc(-c2c3c[cH:2]sc3c(-c3ccc(C)s3)c3cc(-c4ccc(-c5nnc(-c6cc[cH:1]s6)c6c5C(=O)N(C)C6=O)s4)sc23)s1,16,16,True,ok
*c1sc(-c2c(F)c(F)c(-c3cc(C)c(-c4cc5c6c(ccc7c8c(*)cc9c%10c(ccc(c4c67)c%108)C(=O)N(C)C9=O)C(=O)N(C)C5=O)s3)c3nsnc23)cc1C,15,1,Cc1csc(-c2c(F)c(F)c(-c3cc(C)c(-c4cc5c6c(ccc7c8ccc9c%10c(ccc(c4c67)c%108)C(=O)N(C)C9=O)C(=O)N(C)C5=O)s3)c3nsnc23)c1,Cc1cc(-c2c(F)c(F)c(-c3cc(C)[cH:1]s3)c3nsnc23)sc1-c1cc2c3c(ccc4c3c1c1ccc3c5c(c[cH:2]c4c51)C(=O)N(C)C3=O)C(=O)N(C)C2=O,15,15,True,ok
*c1cc(C(=O)OC)c(-c2ccc3c(n2)N(C)C(=O)/C3=C2/C(=O)N(C)c3nc(-c4sc(-c5sc6c(C(=O)OCC)c(*)sc6c5C(=O)OCC)cc4C(=O)OC)ccc32)s1,20,1,CCOC(=O)c1csc2c(C(=O)OCC)c(-c3cc(C(=O)OC)c(-c4ccc5c(n4)N(C)C(=O)/C5=C4/C(=O)N(C)c5nc(-c6sccc6C(=O)OC)ccc54)s3)sc12,CCOC(=O)c1c(-c2cc(C(=O)OC)c(-c3ccc4c(n3)N(C)C(=O)/C4=C3/C(=O)N(C)c4nc(-c5s[cH:1]cc5C(=O)OC)ccc43)s2)sc2c(C(=O)OCC)[cH:2]sc12,20,20,True,ok
*c1ccc2c(n1)N(C)C(=O)/C2=C1/C(=O)Oc2cc3c(cc21)OC(=O)/C3=C1/C(=O)N(C)c2nc(-c3ccc(-c4ccc(*)[se]4)[se]3)ccc21,21,1,CN1C(=O)/C(=C2/C(=O)Oc3cc4c(cc32)OC(=O)/C4=C2/C(=O)N(C)c3nc(-c4ccc(-c5ccc[se]5)[se]4)ccc32)c2cccnc21,CN1C(=O)/C(=C2/C(=O)Oc3cc4c(cc32)OC(=O)/C4=C2/C(=O)N(C)c3n[cH:1]ccc32)c2ccc(-c3ccc(-c4cc[cH:2][se]4)[se]3)nc21,21,21,True,ok
*c1cnc(C2=C3C(=O)N(C)C(c4ncc(-c5cnc(-c6ncc(*)s6)s5)s4)=C3C(=O)N2C)s1,15,1,CN1C(=O)C2=C(c3ncc(-c4cnc(-c5nccs5)s4)s3)N(C)C(=O)C2=C1c1nccs1,CN1C(=O)C2=C(c3nc[cH:1]s3)N(C)C(=O)C2=C1c1ncc(-c2cnc(-c3nc[cH:2]s3)s2)s1,15,15,True,ok
*c1cc(C)c(/C=C/c2sc(-c3cc4cc(OC)c(*)cc4cc3OC)cc2C)s1,13,1,COc1ccc2cc(OC)c(-c3cc(C)c(/C=C/c4sccc4C)s3)cc2c1,COc1cc2c[cH:2]c(OC)cc2cc1-c1cc(C)c(/C=C/c2s[cH:1]cc2C)s1,13,13,True,ok
*c1ccc(-c2ccc(-c3c(C#N)c4c5c(c(*)c(C#N)c6c5c3C(=O)N(C)C6=O)C(=O)N(C)C4=O)s2)s1,11,2,CN1C(=O)c2cc(C#N)c3c4c(c(-c5ccc(-c6ccc(-c7c(C#N)c8c9c(c(-c%10ccc(-c%11cccs%11)s%10)c(C#N)c%10c9c7C(=O)N(C)C%10=O)C(=O)N(C)C8=O)s6)s5)c(C#N)c(c24)C1=O)C(=O)N(C)C3=O,CN1C(=O)c2c(C#N)c(-c3ccc(-c4cc[cH:1]s4)s3)c3c4c(c(C#N)c(-c5ccc(-c6ccc(-c7c(C#N)c8c9c([cH:2]c(C#N)c%10c9c7C(=O)N(C)C%10=O)C(=O)N(C)C8=O)s6)s5)c(c24)C1=O)C(=O)N(C)C3=O,23,23,True,ok
*c1ccc(-c2cc(NC(=O)OC)c(-c3nc4sc(-c5sc(*)cc5NC(=O)OC)nc4s3)s2)s1,13,1,COC(=O)Nc1ccsc1-c1nc2sc(-c3sc(-c4cccs4)cc3NC(=O)OC)nc2s1,COC(=O)Nc1cc(-c2cc[cH:1]s2)sc1-c1nc2sc(-c3s[cH:2]cc3NC(=O)OC)nc2s1,13,13,True,ok
*c1sc(-c2c(C#N)c3c4nsnc4c(-c4cc(C)c(-c5sc(-c6sc(*)c(F)c6F)c(F)c5F)s4)c(C#N)c3c3nsnc23)cc1C,17,1,Cc1csc(-c2c(C#N)c3c4nsnc4c(-c4cc(C)c(-c5sc(-c6scc(F)c6F)c(F)c5F)s4)c(C#N)c3c3nsnc23)c1,Cc1cc(-c2c(C#N)c3c4nsnc4c(-c4cc(C)[cH:1]s4)c(C#N)c3c3nsnc23)sc1-c1sc(-c2s[cH:2]c(F)c2F)c(F)c1F,17,17,True,ok
*c1cnc(C2=C3C(=O)N(C)C(c4ncc(-c5c(F)c(F)c(*)c(F)c5F)s4)=C3C(=O)N2C)s1,13,1,CN1C(=O)C2=C(c3ncc(-c4c(F)c(F)cc(F)c4F)s3)N(C)C(=O)C2=C1c1nccs1,CN1C(=O)C2=C(c3nc[cH:1]s3)N(C)C(=O)C2=C1c1ncc(-c2c(F)c(F)[cH:2]c(F)c2F)s1,13,13,True,ok
*c1ccc(-c2ccc(-c3sc(C4=C/C(=C5/C=C(c6cc(C)c(*)s6)SC5=O)C(=O)S4)cc3C)s2)s1,17,1,Cc1csc(C2=C/C(=C3/C=C(c4cc(C)c(-c5ccc(-c6cccs6)s5)s4)SC3=O)C(=O)S2)c1,Cc1cc(C2=C/C(=C3/C=C(c4cc(C)[cH:2]s4)SC3=O)C(=O)S2)sc1-c1ccc(-c2cc[cH:1]s2)s1,17,17,True,ok
*c1ccc(C2=C3C(SC)=NC(c4ccc(-c5ccc(*)[se]5)s4)=C3C(SC)=N2)s1,12,2,CSC1=NC(c2ccc(-c3ccc(-c4ccc(C5=C6C(SC)=NC(c7ccc(-c8ccc[se]8)s7)=C6C(SC)=N5)s4)[se]3)s2)=C2C(SC)=NC(c3cccs3)=C12,CSC1=NC(c2ccc(-c3cc[cH:2][se]3)s2)=C2C(SC)=NC(c3ccc(-c4ccc(-c5ccc(C6=C7C(SC)=NC(c8cc[cH:1]s8)=C7C(SC)=N6)s5)[se]4)s3)=C12,25,25,True,ok
*c1ccc(C2=C3C(=O)N(C)C(c4ccc(-c5cc(C)c(-c6ccc(-c7sc(*)cc7C)[se]6)s5)s4)=C3C(=O)N2C)s1,18,1,Cc1ccsc1-c1ccc(-c2sc(-c3ccc(C4=C5C(=O)N(C)C(c6cccs6)=C5C(=O)N4C)s3)cc2C)[se]1,Cc1cc(-c2ccc(C3=C4C(=O)N(C)C(c5cc[cH:1]s5)=C4C(=O)N3C)s2)sc1-c1ccc(-c2s[cH:2]cc2C)[se]1,18,18,True,ok
*c1ccc(-c2ccc(-c3ccc(-c4cc5c(cc(-c6ccc(*)s6)c6nc(C(=O)OC)c(C(=O)OC)nc65)c5nc(C(=O)OC)c(C(=O)OC)nc45)s3)s2)s1,17,1,COC(=O)c1nc2c(-c3cccs3)cc3c(cc(-c4ccc(-c5ccc(-c6cccs6)s5)s4)c4nc(C(=O)OC)c(C(=O)OC)nc43)c2nc1C(=O)OC,COC(=O)c1nc2c(-c3ccc(-c4ccc(-c5cc[cH:1]s5)s4)s3)cc3c(cc(-c4cc[cH:2]s4)c4nc(C(=O)OC)c(C(=O)OC)nc43)c2nc1C(=O)OC,17,17,True,ok
*c1cc2c(=O)n(C)c(=O)c3cc(-c4nc(C(=O)OC)c(-c5sc(*)nc5C(=O)OC)s4)sc3c2s1,11,2,COC(=O)c1ncsc1-c1sc(-c2cc3c(=O)n(C)c(=O)c4cc(-c5nc(C(=O)OC)c(-c6sc(-c7cc8c(=O)n(C)c(=O)c9ccsc9c8s7)nc6C(=O)OC)s5)sc4c3s2)nc1C(=O)OC,COC(=O)c1nc(-c2cc3c(=O)n(C)c(=O)c4cc(-c5nc(C(=O)OC)c(-c6s[cH:2]nc6C(=O)OC)s5)sc4c3s2)sc1-c1sc(-c2cc3c(=O)n(C)c(=O)c4c[cH:1]sc4c3s2)nc1C(=O)OC,23,23,True,ok
*c1cc2c(s1)-c1sc(-c3cc(F)c(-c4c(F)cc(-c5cc6c(s5)-c5sc(*)cc5C6(C)C)c5nsnc45)c4nsnc34)cc1C2(C)C,19,1,CC1(C)c2ccsc2-c2sc(-c3cc(F)c(-c4c(F)cc(-c5cc6c(s5)-c5sccc5C6(C)C)c5nsnc45)c4nsnc34)cc21,CC1(C)c2cc(-c3cc(F)c(-c4c(F)cc(-c5cc6c(s5)-c5s[cH:2]cc5C6(C)C)c5nsnc45)c4nsnc34)sc2-c2s[cH:1]cc21,19,19,True,ok
*c1cc2c(s1)-c1cc3c(cc1C2(C)C)-c1sc(-c2cc4c(cc(*)c5nsnc54)c4nsnc24)cc1C3(C)C,15,1,CC1(C)c2cc3c(cc2-c2sccc21)C(C)(C)c1cc(-c2cc4c(ccc5nsnc54)c4nsnc24)sc1-3,CC1(C)c2cc3c(cc2-c2sc(-c4cc5c(c[cH:2]c6nsnc56)c5nsnc45)cc21)C(C)(C)c1c[cH:1]sc1-3,15,15,True,ok
*c1ccc(-c2cc3c4c(c(-c5ccc(*)s5)cc5c4c2C(=O)N(C)C5=O)C(=O)N(C)C3=O)o1,11,2,CN1C(=O)c2cc(-c3cccs3)c3c4c(cc(-c5ccc(-c6ccc(-c7cc8c9c(c(-c%10ccco%10)cc%10c9c7C(=O)N(C)C%10=O)C(=O)N(C)C8=O)s6)o5)c(c24)C1=O)C(=O)N(C)C3=O,CN1C(=O)c2cc(-c3ccc(-c4ccc(-c5cc6c7c(c(-c8cc[cH:2]s8)cc8c7c5C(=O)N(C)C8=O)C(=O)N(C)C6=O)o4)s3)c3c4c(cc(-c5cc[cH:1]o5)c(c24)C1=O)C(=O)N(C)C3=O,23,23,True,ok
*c1ccc2c(c1)N(C)C(=O)/C2=C1/C(=O)Oc2cc3c(cc21)OC(=O)/C3=C1/C(=O)N(C)c2cc(-c3cc4cc5[se]c(*)cc5cc4[se]3)ccc21,22,1,CN1C(=O)/C(=C2/C(=O)Oc3cc4c(cc32)OC(=O)/C4=C2/C(=O)N(C)c3cc(-c4cc5cc6[se]ccc6cc5[se]4)ccc32)c2ccccc21,CN1C(=O)/C(=C2/C(=O)Oc3cc4c(cc32)OC(=O)/C4=C2/C(=O)N(C)c3c[cH:1]ccc32)c2ccc(-c3cc4cc5[se][cH:2]cc5cc4[se]3)cc21,22,22,True,ok
*c1ccc(-c2ccc(-c3sc(-c4cc5c(cc(-c6cc(C)c(*)s6)c6n[se]nc65)c5n[se]nc45)cc3C)s2)s1,17,1,Cc1csc(-c2cc3c(cc(-c4cc(C)c(-c5ccc(-c6cccs6)s5)s4)c4n[se]nc43)c3n[se]nc23)c1,Cc1cc(-c2cc3c(cc(-c4cc(C)[cH:2]s4)c4n[se]nc43)c3n[se]nc23)sc1-c1ccc(-c2cc[cH:1]s2)s1,17,17,True,ok
*c1ccc(C2=C3C(=O)N(C)C(c4ccc(-c5cc6cc(C)c7c8[se]c(*)cc8cc(C)c7c6[se]5)s4)=C3C(=O)N2C)s1,17,1,Cc1cc2cc(-c3ccc(C4=C5C(=O)N(C)C(c6cccs6)=C5C(=O)N4C)s3)[se]c2c2c(C)cc3cc[se]c3c12,Cc1cc2c[cH:2][se]c2c2c(C)cc3cc(-c4ccc(C5=C6C(=O)N(C)C(c7cc[cH:1]s7)=C6C(=O)N5C)s4)[se]c3c12,17,17,True,ok
*c1ccc(-c2c(=O)n3c4ccc(OC)cc4c4c(-c5ccc(-c6ccc(*)c7nsnc67)s5)c(=O)n5c6ccc(OC)cc6c2c5c43)s1,15,1,COc1ccc2c(c1)c1c(-c3cccs3)c(=O)n3c4ccc(OC)cc4c4c(-c5ccc(-c6cccc7nsnc67)s5)c(=O)n2c1c43,COc1ccc2c(c1)c1c(-c3ccc(-c4cc[cH:2]c5nsnc45)s3)c(=O)n3c4ccc(OC)cc4c4c(-c5cc[cH:1]s5)c(=O)n2c1c43,15,15,True,ok
*c1ccc2c(c1)C(C)(C)c1nc3c(nc1-2)C(C)(C)c1cc(-c2ccc(*)s2)ccc1-3,13,1,CC1(C)c2ccccc2-c2nc3c(nc21)-c1ccc(-c2cccs2)cc1C3(C)C,CC1(C)c2cc(-c3cc[cH:2]s3)ccc2-c2nc3c(nc21)-c1cc[cH:1]cc1C3(C)C,13,13,True,ok
*c1cc(C#CC)c(-c2sc(-c3c(F)c(F)c(*)c4nonc34)cc2C#CC)s1,9,2,CC#Cc1ccsc1-c1sc(-c2c(F)c(F)c(-c3cc(C#CC)c(-c4sc(-c5c(F)c(F)cc6nonc56)cc4C#CC)s3)c3nonc23)cc1C#CC,CC#Cc1cc(-c2c(F)c(F)c(-c3cc(C#CC)c(-c4s[cH:1]cc4C#CC)s3)c3nonc23)sc1-c1sc(-c2c(F)c(F)[cH:2]c3nonc23)cc1C#CC,19,19,True,ok
*c1ccc2c(n1)N(C)C(=O)/C2=C1/C(=O)Oc2cc3c(cc21)OC(=O)/C3=C1/C(=O)N(C)c2nc(-c3cc(F)c(-c4sc(*)cc4F)s3)ccc21,21,1,CN1C(=O)/C(=C2/C(=O)Oc3cc4c(cc32)OC(=O)/C4=C2/C(=O)N(C)c3nc(-c4cc(F)c(-c5sccc5F)s4)ccc32)c2cccnc21,CN1C(=O)/C(=C2/C(=O)Oc3cc4c(cc32)OC(=O)/C4=C2/C(=O)N(C)c3n[cH:1]ccc32)c2ccc(-c3cc(F)c(-c4s[cH:2]cc4F)s3)nc21,21,21,True,ok
*c1ccc(-c2c(F)c(F)c(-c3ccc(-c4cc(C)c(/C=C/c5sc(*)cc5C)s4)s3)c3nsnc23)s1,17,1,Cc1ccsc1/C=C/c1sc(-c2ccc(-c3c(F)c(F)c(-c4cccs4)c4nsnc34)s2)cc1C,Cc1cc(-c2ccc(-c3c(F)c(F)c(-c4cc[cH:1]s4)c4nsnc34)s2)sc1/C=C/c1s[cH:2]cc1C,17,17,True,ok
*c1nc2c(=O)n(C)c(=O)c3nc(*)sc3c2s1,5,3,Cn1c(=O)c2ncsc2c2sc(-c3nc4c(=O)n(C)c(=O)c5nc(-c6nc7c(=O)n(C)c(=O)c8ncsc8c7s6)sc5c4s3)nc2c1=O,Cn1c(=O)c2nc(-c3nc4c(=O)n(C)c(=O)c5n[cH:1]sc5c4s3)sc2c2sc(-c3nc4c(=O)n(C)c(=O)c5n[cH:2]sc5c4s3)nc2c1=O,17,17,True,ok
*c1ccc(-c2ccc(-c3cnc(-c4cc5c6c(c(-c7ncc(*)s7)cc7c6c4C(=O)N(C)C7=O)C(=O)N(C)C5=O)s3)s2)s1,17,1,CN1C(=O)c2cc(-c3ncc(-c4ccc(-c5cccs5)s4)s3)c3c4c(cc(-c5nccs5)c(c24)C1=O)C(=O)N(C)C3=O,CN1C(=O)c2cc(-c3nc[cH:2]s3)c3c4c(cc(-c5ncc(-c6ccc(-c7cc[cH:1]s7)s6)s5)c(c24)C1=O)C(=O)N(C)C3=O,17,17,True,ok
*c1cc(C)c(/C=C/c2sc(-c3sc(-c4sc(*)c5c4C(=O)N(C)C5=O)c4c3C(=O)N(C)C4=O)cc2C)s1,13,1,Cc1ccsc1/C=C/c1sc(-c2sc(-c3scc4c3C(=O)N(C)C4=O)c3c2C(=O)N(C)C3=O)cc1C,Cc1cc(-c2sc(-c3s[cH:2]c4c3C(=O)N(C)C4=O)c3c2C(=O)N(C)C3=O)sc1/C=C/c1s[cH:1]cc1C,13,13,True,ok
*c1ccc(-c2ccc(-c3cc4c(s3)c3cc5c(cc3c3c(=O)n(C)c(=O)c43)c3sc(*)cc3c3c(=O)n(C)c(=O)c53)s2)s1,15,1,Cn1c(=O)c2c3cc4c(cc3c3sccc3c2c1=O)c1c(=O)n(C)c(=O)c1c1cc(-c2ccc(-c3cccs3)s2)sc41,Cn1c(=O)c2c3cc4c(cc3c3sc(-c5ccc(-c6cc[cH:1]s6)s5)cc3c2c1=O)c1c(=O)n(C)c(=O)c1c1c[cH:2]sc41,15,15,True,ok
*c1cc(C)c(-c2oc(-c3c(C#N)c(C#N)c(*)c4nsnc34)cc2C)o1,9,2,Cc1ccoc1-c1oc(-c2c(C#N)c(C#N)c(-c3cc(C)c(-c4oc(-c5c(C#N)c(C#N)cc6nsnc56)cc4C)o3)c3nsnc23)cc1C,Cc1cc(-c2c(C#N)c(C#N)c(-c3cc(C)c(-c4o[cH:1]cc4C)o3)c3nsnc23)oc1-c1oc(-c2c(C#N)c(C#N)[cH:2]c3nsnc23)cc1C,19,19,True,ok
*c1cc(F)c(/C=C/c2sc(-c3cc4c5c(c(*)cc6c5c3C(=O)N(C)C6=O)C(=O)N(C)C4=O)cc2F)s1,13,1,CN1C(=O)c2ccc3c4c(c(-c5cc(F)c(/C=C/c6sccc6F)s5)cc(c24)C1=O)C(=O)N(C)C3=O,CN1C(=O)c2c[cH:2]c3c4c(cc(-c5cc(F)c(/C=C/c6s[cH:1]cc6F)s5)c(c24)C1=O)C(=O)N(C)C3=O,13,13,True,ok
*c1ccc(-c2c(F)c(F)c(-c3ccc(-c4nc5c(s4)-c4cc6c(cc4C5(C)C)-c4sc(*)nc4C6(C)C)s3)c3nsnc23)s1,19,1,CC1(C)c2cc3c(cc2-c2scnc21)C(C)(C)c1nc(-c2ccc(-c4c(F)c(F)c(-c5cccs5)c5nsnc45)s2)sc1-3,CC1(C)c2cc3c(cc2-c2sc(-c4ccc(-c5c(F)c(F)c(-c6cc[cH:1]s6)c6nsnc56)s4)nc21)C(C)(C)c1n[cH:2]sc1-3,19,19,True,ok
*c1ccc2c(n1)N(C)C(=O)/C2=C1/C(=O)Oc2cc3c(cc21)OC(=O)/C3=C1/C(=O)N(C)c2nc(-c3cc(F)c(/C=C/c4sc(*)cc4F)s3)ccc21,23,1,CN1C(=O)/C(=C2/C(=O)Oc3cc4c(cc32)OC(=O)/C4=C2/C(=O)N(C)c3nc(-c4cc(F)c(/C=C/c5sccc5F)s4)ccc32)c2cccnc21,CN1C(=O)/C(=C2/C(=O)Oc3cc4c(cc32)OC(=O)/C4=C2/C(=O)N(C)c3n[cH:1]ccc32)c2ccc(-c3cc(F)c(/C=C/c4s[cH:2]cc4F)s3)nc21,23,23,True,ok
*c1ccc(C2=C3C(=O)N(C)C(c4ccc(-c5sc(/C=C/c6sc(*)c(Cl)c6Cl)c(Cl)c5Cl)cn4)=C3C(=O)N2C)nc1,19,1,CN1C(=O)C2=C(c3ccc(-c4sc(/C=C/c5scc(Cl)c5Cl)c(Cl)c4Cl)cn3)N(C)C(=O)C2=C1c1ccccn1,CN1C(=O)C2=C(c3cc[cH:1]cn3)N(C)C(=O)C2=C1c1ccc(-c2sc(/C=C/c3s[cH:2]c(Cl)c3Cl)c(Cl)c2Cl)cn1,19,19,True,ok
*c1cnc(-c2ncc(-c3sc(-c4nc(C(=O)OC)c(*)s4)nc3C(=O)OC)s2)s1,11,2,COC(=O)c1csc(-c2nc(C(=O)OC)c(-c3cnc(-c4ncc(-c5sc(-c6nc(C(=O)OC)c(-c7cnc(-c8nccs8)s7)s6)nc5C(=O)OC)s4)s3)s2)n1,COC(=O)c1nc(-c2nc(C(=O)OC)c(-c3cnc(-c4nc[cH:1]s4)s3)s2)sc1-c1cnc(-c2ncc(-c3sc(-c4nc(C(=O)OC)[cH:2]s4)nc3C(=O)OC)s2)s1,23,23,True,ok
*c1cc(OC)c(-c2sc(-c3ccc4c(c3F)N(C)C(=O)/C4=c3/cc/c(=C4C5=C(C(=O)N\4C)/C(=c4\cc/c(=C6/C(=O)N(C)c7c6ccc(*)c7F)s4)N(C)C5=O)s3)cc2OC)s1,25,1,COc1ccsc1-c1sc(-c2ccc3c(c2F)N(C)C(=O)/C3=c2/cc/c(=C3\C4=C(C(=O)N3C)/C(=c3\cc/c(=C5/C(=O)N(C)c6c(F)cccc65)s3)N(C)C4=O)s2)cc1OC,COc1cc(-c2ccc3c(c2F)N(C)C(=O)/C3=c2/cc/c(=C3\C4=C(C(=O)N3C)/C(=c3\cc/c(=C5/C(=O)N(C)c6c5cc[cH:2]c6F)s3)N(C)C4=O)s2)sc1-c1s[cH:1]cc1OC,25,25,True,ok
*c1cc2sc(-c3sc(-c4c5nsnc5c(-c5cc(C)c(*)s5)c5nc6c(nc45)-c4ccc5c7c(ccc-6c47)C(=O)N(C)C5=O)cc3C)cc2s1,14,1,Cc1csc(-c2c3nsnc3c(-c3cc(C)c(-c4cc5sccc5s4)s3)c3nc4c(nc23)-c2ccc3c5c(ccc-4c25)C(=O)N(C)C3=O)c1,Cc1cc(-c2c3nsnc3c(-c3cc(C)[cH:2]s3)c3nc4c(nc23)-c2ccc3c5c(ccc-4c25)C(=O)N(C)C3=O)sc1-c1cc2s[cH:1]cc2s1,14,14,True,ok
*c1ccc(-c2c(F)c(F)c(-c3ccc(-c4cc5c(s4)-c4sc(C6=C7C(=O)N(C)C(c8cc9c(s8)-c8sc(*)cc8C9(C)C)=C7C(=O)N6C)cc4C5(C)C)s3)c3nsnc23)s1,25,1,CN1C(=O)C2=C(c3cc4c(s3)-c3sc(-c5ccc(-c6c(F)c(F)c(-c7cccs7)c7nsnc67)s5)cc3C4(C)C)N(C)C(=O)C2=C1c1cc2c(s1)-c1sccc1C2(C)C,CN1C(=O)C2=C(c3cc4c(s3)-c3s[cH:2]cc3C4(C)C)N(C)C(=O)C2=C1c1cc2c(s1)-c1sc(-c3ccc(-c4c(F)c(F)c(-c5cc[cH:1]s5)c5nsnc45)s3)cc1C2(C)C,25,25,True,ok
*c1ccc2c(c1)N(C)C(=O)/C2=C1/C(=O)N(C)c2cc(-c3sc(/C=C/c4sc(*)c(F)c4C#N)c(C#N)c3F)ccc21,17,1,CN1C(=O)/C(=C2/C(=O)N(C)c3cc(-c4sc(/C=C/c5scc(F)c5C#N)c(C#N)c4F)ccc32)c2ccccc21,CN1C(=O)/C(=C2/C(=O)N(C)c3c[cH:1]ccc32)c2ccc(-c3sc(/C=C/c4s[cH:2]c(F)c4C#N)c(C#N)c3F)cc21,17,17,True,ok
*c1ccc2c(c1)N(C)C(=O)/C2=c1\s/c(=c2/s/c(=C3\C(=O)N(C)c4cc(-c5cc(F)c(-c6sc(*)cc6F)s5)ccc43)c3c2Oc2ccccc2O3)c2c1Oc1ccccc1O2,21,1,CN1C(=O)/C(=c2\s/c(=c3/s/c(=C4\C(=O)N(C)c5cc(-c6cc(F)c(-c7sccc7F)s6)ccc54)c4c3Oc3ccccc3O4)c3c2Oc2ccccc2O3)c2ccccc21,CN1C(=O)/C(=c2\s/c(=c3/s/c(=C4\C(=O)N(C)c5c[cH:1]ccc54)c4c3Oc3ccccc3O4)c3c2Oc2ccccc2O3)c2ccc(-c3cc(F)c(-c4s[cH:2]cc4F)s3)cc21,21,21,True,ok
*c1cc2c(-c3cc(C)c(C)s3)c3sc(-c4cc5sc6c7sc8cc(*)sc8c7c(=O)n(C)c(=O)c6c5s4)cc3c(-c3cc(C)c(C)s3)c2s1,16,1,Cc1cc(-c2c3cc(-c4cc5sc6c7sc8ccsc8c7c(=O)n(C)c(=O)c6c5s4)sc3c(-c3cc(C)c(C)s3)c3ccsc23)sc1C,Cc1cc(-c2c3c[cH:1]sc3c(-c3cc(C)c(C)s3)c3cc(-c4cc5sc6c7sc8c[cH:2]sc8c7c(=O)n(C)c(=O)c6c5s4)sc23)sc1C,16,16,True,ok
*c1ccc2c(n1)N(C)C(=O)/C2=C1/C(=O)N(C)c2cc(-c3ccc(/C=C/c4ccc(-c5cc6c(s5)/C(=C5\C(=O)N(C)c7nc(-c8ccc(/C=C/c9ccc(*)s9)s8)ccc75)C(=O)N6C)s4)s3)sc21,33,1,CN1C(=O)/C(=C2/C(=O)N(C)c3ncccc32)c2sc(-c3ccc(/C=C/c4ccc(-c5cc6c(s5)/C(=C5\C(=O)N(C)c7nc(-c8ccc(/C=C/c9cccs9)s8)ccc75)C(=O)N6C)s4)s3)cc21,CN1C(=O)/C(=C2/C(=O)N(C)c3nc(-c4ccc(/C=C/c5cc[cH:2]s5)s4)ccc32)c2sc(-c3ccc(/C=C/c4ccc(-c5cc6c(s5)/C(=C5\C(=O)N(C)c7n[cH:1]ccc75)C(=O)N6C)s4)s3)cc21,33,33,True,ok
*c1ncc(-c2c(F)cc3c(c2F)N(C)C(=O)/C3=C2/C(=O)N(C)c3c2cc(F)c(-c2cnc(*)s2)c3F)s1,15,1,CN1C(=O)/C(=C2/C(=O)N(C)c3c2cc(F)c(-c2cncs2)c3F)c2cc(F)c(-c3cncs3)c(F)c21,CN1C(=O)/C(=C2/C(=O)N(C)c3c2cc(F)c(-c2cn[cH:2]s2)c3F)c2cc(F)c(-c3cn[cH:1]s3)c(F)c21,15,15,True,ok
*c1cc(F)c(-c2sc(-c3sc4c5c(=O)n(C)c(=O)c6c(*)sc(c7c(=O)n(C)c(=O)c3c47)c65)cc2F)s1,12,2,Cn1c(=O)c2csc3c4c(=O)n(C)c(=O)c5c(-c6cc(F)c(-c7sc(-c8sc9c%10c(=O)n(C)c(=O)c%11c(-c%12cc(F)c(-c%13sccc%13F)s%12)sc(c%12c(=O)n(C)c(=O)c8c9%12)c%11%10)cc7F)s6)sc(c(c1=O)c23)c54,Cn1c(=O)c2c(-c3cc(F)c(-c4sc(-c5sc6c7c(=O)n(C)c(=O)c8c7c(s[cH:2]8)c7c(=O)n(C)c(=O)c5c67)cc4F)s3)sc3c4c(=O)n(C)c(=O)c5c(-c6cc(F)c(-c7s[cH:1]cc7F)s6)sc(c(c1=O)c23)c54,25,25,True,ok
*c1ccc2c(c1F)N(C)C(=O)C2=c1cc/c(=C2C3=C(C(=O)N\2C)/C(=c2\ccc(=C4C(=O)N(C)c5c4ccc(-c4sc(/C=C/c6sc(*)c(F)c6F)c(F)c4F)c5F)[se]2)N(C)C3=O)[se]1,27,1,CN1C(=O)C2=C(C(=O)N(C)/C2=c2/ccc(=C3C(=O)N(C)c4c3ccc(-c3sc(/C=C/c5scc(F)c5F)c(F)c3F)c4F)[se]2)/C1=c1\ccc(=C2C(=O)N(C)c3c(F)cccc32)[se]1,CN1C(=O)C2=C(C(=O)N(C)/C2=c2/ccc(=C3C(=O)N(C)c4c3cc[cH:1]c4F)[se]2)/C1=c1\ccc(=C2C(=O)N(C)c3c2ccc(-c2sc(/C=C/c4s[cH:2]c(F)c4F)c(F)c2F)c3F)[se]1,27,27,True,ok
*c1ccc(-c2cc3c4c(c(-c5ccc(-c6cc7c(s6)/C(=C6\c8ccccc8-c8cc(*)sc86)c6ccccc6-7)s5)cc5c4c2C(=O)N(C)C5=O)C(=O)N(C)C3=O)s1,19,1,CN1C(=O)c2cc(-c3ccc(-c4cc5c(s4)/C(=C4\c6ccccc6-c6ccsc64)c4ccccc4-5)s3)c3c4c(cc(-c5cccs5)c(c24)C1=O)C(=O)N(C)C3=O,CN1C(=O)c2cc(-c3cc[cH:1]s3)c3c4c(cc(-c5ccc(-c6cc7c(s6)/C(=C6\c8ccccc8-c8c[cH:2]sc86)c6ccccc6-7)s5)c(c24)C1=O)C(=O)N(C)C3=O,19,19,True,ok
*c1ccc(C2=C3C(=O)N(C)C(c4ccc(-c5cc6cc(C)c7c8sc(*)cc8cc(C)c7c6s5)s4)=C3C(=O)N2C)s1,17,1,Cc1cc2cc(-c3ccc(C4=C5C(=O)N(C)C(c6cccs6)=C5C(=O)N4C)s3)sc2c2c(C)cc3ccsc3c12,Cc1cc2c[cH:2]sc2c2c(C)cc3cc(-c4ccc(C5=C6C(=O)N(C)C(c7cc[cH:1]s7)=C6C(=O)N5C)s4)sc3c12,17,17,True,ok
*c1ccc(-c2ccc(C3=C4C(=O)N(C)C(c5ccc(*)s5)=C4C(=O)N3C)s2)c2cccc-2c1,13,1,CN1C(=O)C2=C(c3ccc(-c4ccccc5cccc4-5)s3)N(C)C(=O)C2=C1c1cccs1,CN1C(=O)C2=C(c3cc[cH:2]s3)N(C)C(=O)C2=C1c1ccc(-c2cc[cH:1]cc3cccc2-3)s1,13,13,True,ok
*c1ccc(-c2cc3c4c(c(-c5ccc(-c6sc(*)c(F)c6F)s5)cc5c4c2C(=O)N(C)C5=O)C(=O)N(C)C3=O)s1,14,1,CN1C(=O)c2cc(-c3ccc(-c4scc(F)c4F)s3)c3c4c(cc(-c5cccs5)c(c24)C1=O)C(=O)N(C)C3=O,CN1C(=O)c2cc(-c3cc[cH:1]s3)c3c4c(cc(-c5ccc(-c6s[cH:2]c(F)c6F)s5)c(c24)C1=O)C(=O)N(C)C3=O,14,14,True,ok
*c1ccc(-c2ccc(-c3sc(-c4cc5c(cc4Cl)/C(=C4\C(=O)N(C)c6cc(-c7cc(C)c(*)s7)c(Cl)cc64)C(=O)N5C)cc3C)s2)s1,21,1,Cc1csc(-c2cc3c(cc2Cl)/C(=C2\C(=O)N(C)c4cc(-c5cc(C)c(-c6ccc(-c7cccs7)s6)s5)c(Cl)cc42)C(=O)N3C)c1,Cc1cc(-c2cc3c(cc2Cl)/C(=C2\C(=O)N(C)c4cc(-c5cc(C)[cH:2]s5)c(Cl)cc42)C(=O)N3C)sc1-c1ccc(-c2cc[cH:1]s2)s1,21,21,True,ok
*c1ccc(/C=C/c2ccc(-c3sc4c(-c5ccc(C)s5)c(*)sc4c3-c3ccc(C)s3)s2)s1,12,2,Cc1ccc(-c2csc3c(-c4ccc(C)s4)c(-c4ccc(/C=C/c5ccc(-c6sc7c(-c8ccc(C)s8)c(-c8ccc(/C=C/c9cccs9)s8)sc7c6-c6ccc(C)s6)s5)s4)sc23)s1,Cc1ccc(-c2c(-c3ccc(/C=C/c4ccc(-c5sc6c(-c7ccc(C)s7)[cH:2]sc6c5-c5ccc(C)s5)s4)s3)sc3c(-c4ccc(C)s4)c(-c4ccc(/C=C/c5cc[cH:1]s5)s4)sc23)s1,25,25,True,ok
*c1cc2sc3c(c2s1)C(C)(C)c1c-3sc2cc(-c3cc4c(cc(*)c5nsnc54)c4nsnc34)sc12,14,1,CC1(C)c2c(sc3ccsc23)-c2sc3cc(-c4cc5c(ccc6nsnc65)c5nsnc45)sc3c21,CC1(C)c2c(sc3cc(-c4cc5c(c[cH:2]c6nsnc56)c5nsnc45)sc23)-c2sc3c[cH:1]sc3c21,14,14,True,ok
*c1ccc(C2=C3C(=O)N(C)C(c4ccc(-c5cc6sc7c(cc(C)c8c9sc%10cc(*)sc%10c9cc(C)c78)c6s5)s4)=C3C(=O)N2C)s1,21,1,Cc1cc2c3sc(-c4ccc(C5=C6C(=O)N(C)C(c7cccs7)=C6C(=O)N5C)s4)cc3sc2c2c(C)cc3c4sccc4sc3c12,Cc1cc2c3s[cH:2]cc3sc2c2c(C)cc3c4sc(-c5ccc(C6=C7C(=O)N(C)C(c8cc[cH:1]s8)=C7C(=O)N6C)s5)cc4sc3c12,21,21,True,ok
*c1ccc2c(c1)c(=O)n(C)c1nc3cc4nc5c6ccc(-c7cc(C)c(/C=C/c8sc(*)cc8C)s7)cc6c(=O)n(C)c5nc4cc3nc21,23,1,Cc1ccsc1/C=C/c1sc(-c2ccc3c(c2)c(=O)n(C)c2nc4cc5nc6c7ccccc7c(=O)n(C)c6nc5cc4nc32)cc1C,Cc1cc(-c2ccc3c(c2)c(=O)n(C)c2nc4cc5nc6c7cc[cH:1]cc7c(=O)n(C)c6nc5cc4nc32)sc1/C=C/c1s[cH:2]cc1C,23,23,True,ok
*c1cc2c(=O)n(C)c(=O)c3cc(-c4sc5c(c4C#N)c(=O)n(C)c(=O)c4nc(-c6nc7c(=O)n(C)c(=O)c8c(C#N)c(*)sc8c7s6)sc45)sc3c2s1,17,1,Cn1c(=O)c2ccsc2c2sc(-c3sc4c(c3C#N)c(=O)n(C)c(=O)c3nc(-c5nc6c(=O)n(C)c(=O)c7c(C#N)csc7c6s5)sc34)cc2c1=O,Cn1c(=O)c2cc(-c3sc4c(c3C#N)c(=O)n(C)c(=O)c3nc(-c5nc6c(=O)n(C)c(=O)c7c(C#N)[cH:2]sc7c6s5)sc34)sc2c2s[cH:1]cc2c1=O,17,17,True,ok
*c1cc2c(=O)n(C)c(=O)c3cc(-c4sc(C5=C6C(=O)N(C)C(c7cc(C#N)c(*)s7)=C6C(=O)N5C)cc4C#N)sc3c2s1,15,1,CN1C(=O)C2=C(c3cc(C#N)c(-c4cc5c(=O)n(C)c(=O)c6ccsc6c5s4)s3)N(C)C(=O)C2=C1c1cc(C#N)cs1,CN1C(=O)C2=C(c3cc(C#N)[cH:2]s3)N(C)C(=O)C2=C1c1cc(C#N)c(-c2cc3c(=O)n(C)c(=O)c4c[cH:1]sc4c3s2)s1,15,15,True,ok
*c1ccc2c(n1)N(C)C(=O)/C2=C1/C(=O)N(C)c2cc(/C(F)=C(\F)c3cc4c(s3)/C(=C3\C(=O)N(C)c5nc(-c6sc(/C=C/c7sc(*)c(F)c7F)c(F)c6F)ccc53)C(=O)N4C)sc21,27,1,CN1C(=O)/C(=C2/C(=O)N(C)c3ncccc32)c2sc(/C(F)=C(\F)c3cc4c(s3)/C(=C3\C(=O)N(C)c5nc(-c6sc(/C=C/c7scc(F)c7F)c(F)c6F)ccc53)C(=O)N4C)cc21,CN1C(=O)/C(=C2/C(=O)N(C)c3nc(-c4sc(/C=C/c5s[cH:2]c(F)c5F)c(F)c4F)ccc32)c2sc(/C(F)=C(\F)c3cc4c(s3)/C(=C3\C(=O)N(C)c5n[cH:1]ccc53)C(=O)N4C)cc21,27,27,True,ok
*c1ccc2c(c1)N(C)C(=O)/C2=C1/C(=O)N(C)c2c1ccc1c3c(ccc21)/C(=C1\C(=O)N(C)c2cc(-c4ccc(/C=C/c5ccc(*)s5)s4)ccc21)C(=O)N3C,25,1,CN1C(=O)/C(=C2/C(=O)N(C)c3c2ccc2c4c(ccc32)/C(=C2\C(=O)N(C)c3cc(-c5ccc(/C=C/c6cccs6)s5)ccc32)C(=O)N4C)c2ccccc21,CN1C(=O)/C(=C2/C(=O)N(C)c3c2ccc2c4c(ccc32)/C(=C2\C(=O)N(C)c3c[cH:1]ccc32)C(=O)N4C)c2ccc(-c3ccc(/C=C/c4cc[cH:2]s4)s3)cc21,25,25,True,ok
*c1ccc(C2=C3C(=O)N(C)C(c4ccc(-c5ccc(/C=C/c6ccc(*)c(F)c6)cc5F)s4)=C3C(=O)N2C)s1,19,1,CN1C(=O)C2=C(c3ccc(-c4ccc(/C=C/c5cccc(F)c5)cc4F)s3)N(C)C(=O)C2=C1c1cccs1,CN1C(=O)C2=C(c3cc[cH:1]s3)N(C)C(=O)C2=C1c1ccc(-c2ccc(/C=C/c3cc[cH:2]c(F)c3)cc2F)s1,19,19,True,ok
*/C=C/c1cc2c3c(c(/C=C/c4cc5sc6cc(*)sc6c5s4)cc4c3c1C(=O)N(C)C4=O)C(=O)N(C)C2=O,15,1,C=Cc1cc2c3c(c(/C=C/c4cc5sc6ccsc6c5s4)cc4c3c1C(=O)N(C)C4=O)C(=O)N(C)C2=O,CN1C(=O)c2cc(/C=C/c3cc4sc5c[cH:2]sc5c4s3)c3c4c(cc(C=[CH2:1])c(c24)C1=O)C(=O)N(C)C3=O,15,15,True,ok
*c1ccc(C2=C3C(=O)N(C)C(c4ccc(-c5sc(/C=C/c6cc(C)c(*)s6)cc5C)s4)=C3C(=O)N2C)s1,17,1,Cc1csc(/C=C/c2cc(C)c(-c3ccc(C4=C5C(=O)N(C)C(c6cccs6)=C5C(=O)N4C)s3)s2)c1,Cc1cc(/C=C/c2cc(C)[cH:2]s2)sc1-c1ccc(C2=C3C(=O)N(C)C(c4cc[cH:1]s4)=C3C(=O)N2C)s1,17,17,True,ok
*c1ccc(C2=C3C(=O)N(C)C(c4cc5c(=O)c6cc7c(cc6c5s4)c(=O)c4cc(C5=C6C(=O)N(C)C(c8ccc(-c9sc(/C=C/c%10sc(*)c(F)c%10F)c(F)c9F)s8)=C6C(=O)N5C)sc47)=C3C(=O)N2C)s1,31,1,CN1C(=O)C2=C(c3cc4c(=O)c5cc6c(cc5c4s3)c(=O)c3cc(C4=C5C(=O)N(C)C(c7ccc(-c8sc(/C=C/c9scc(F)c9F)c(F)c8F)s7)=C5C(=O)N4C)sc36)N(C)C(=O)C2=C1c1cccs1,CN1C(=O)C2=C(c3cc4c(=O)c5cc6c(cc5c4s3)c(=O)c3cc(C4=C5C(=O)N(C)C(c7cc[cH:1]s7)=C5C(=O)N4C)sc36)N(C)C(=O)C2=C1c1ccc(-c2sc(/C=C/c3s[cH:2]c(F)c3F)c(F)c2F)s1,31,31,True,ok
*c1ccc(C2=C3C(=O)N(C)C(c4ccc(-c5sc(C6=C7C(=O)N(C)C(c8cc(C#N)c(*)s8)=C7C(=O)N6C)cc5C#N)[se]4)=C3C(=O)N2C)[se]1,19,1,CN1C(=O)C2=C(c3cc(C#N)c(-c4ccc(C5=C6C(=O)N(C)C(c7ccc[se]7)=C6C(=O)N5C)[se]4)s3)N(C)C(=O)C2=C1c1cc(C#N)cs1,CN1C(=O)C2=C(c3cc(C#N)[cH:2]s3)N(C)C(=O)C2=C1c1cc(C#N)c(-c2ccc(C3=C4C(=O)N(C)C(c5cc[cH:1][se]5)=C4C(=O)N3C)[se]2)s1,19,19,True,ok
*/C=C/c1ccc(-c2c/c(=C3C4=C(C(=O)N/3C)/C(=c3/cc(-c5ccc(*)s5)c(=C(C#N)C#N)s3)N(C)C4=O)sc2=C(C#N)C#N)s1,17,1,C=Cc1ccc(-c2c/c(=C3/C4=C(C(=O)N3C)/C(=c3/cc(-c5cccs5)c(=C(C#N)C#N)s3)N(C)C4=O)sc2=C(C#N)C#N)s1,CN1C(=O)C2=C(C(=O)N(C)/C2=c2\cc(-c3cc[cH:2]s3)c(=C(C#N)C#N)s2)/C1=c1/cc(-c2ccc(C=[CH2:1])s2)c(=C(C#N)C#N)s1,17,17,True,ok
*c1ccc(/C=C/C=C/c2ccc(-c3ccc(C4=C5C(=O)N(C)C(c6ccc(*)s6)=C5C(=O)N4C)s3)s2)s1,19,1,CN1C(=O)C2=C(c3ccc(-c4ccc(/C=C/C=C/c5cccs5)s4)s3)N(C)C(=O)C2=C1c1cccs1,CN1C(=O)C2=C(c3cc[cH:2]s3)N(C)C(=O)C2=C1c1ccc(-c2ccc(/C=C/C=C/c3cc[cH:1]s3)s2)s1,19,19,True,ok
*c1ccc(C2=C3C(=O)N(C)C(c4ccc(-c5cc(C#N)c(/C=C/c6sc(*)cc6C#N)s5)s4)=C3C(=O)N2C)s1,17,1,CN1C(=O)C2=C(c3ccc(-c4cc(C#N)c(/C=C/c5sccc5C#N)s4)s3)N(C)C(=O)C2=C1c1cccs1,CN1C(=O)C2=C(c3cc[cH:1]s3)N(C)C(=O)C2=C1c1ccc(-c2cc(C#N)c(/C=C/c3s[cH:2]cc3C#N)s2)s1,17,17,True,ok
*c1ccc2c(c1)nc(OC)c1c3ccc(-c4ccc(-c5ccc(*)s5)s4)cc3nc(OC)c21,15,1,COc1nc2cc(-c3ccc(-c4cccs4)s3)ccc2c2c(OC)nc3ccccc3c12,COc1nc2c[cH:1]ccc2c2c(OC)nc3cc(-c4ccc(-c5cc[cH:2]s5)s4)ccc3c12,15,15,True,ok
*c1ccc(C2=C3C(=O)N(C)C(c4ccc(-c5cc(F)c(/C=C(\C#N)c6ccc(*)s6)cc5F)s4)=C3C(=O)N2C)s1,18,1,CN1C(=O)C2=C(c3ccc(-c4cc(F)c(/C=C(\C#N)c5cccs5)cc4F)s3)N(C)C(=O)C2=C1c1cccs1,CN1C(=O)C2=C(c3cc[cH:1]s3)N(C)C(=O)C2=C1c1ccc(-c2cc(F)c(/C=C(\C#N)c3cc[cH:2]s3)cc2F)s1,18,18,True,ok
*c1ccc(-c2c(F)c(F)c(-c3ccc(-c4cc5c6c(c(*)cc7c6c4C(=O)N(C)C7=O)C(=O)N(C)C5=O)s3)c(F)c2F)s1,15,1,CN1C(=O)c2ccc3c4c(c(-c5ccc(-c6c(F)c(F)c(-c7cccs7)c(F)c6F)s5)cc(c24)C1=O)C(=O)N(C)C3=O,CN1C(=O)c2c[cH:2]c3c4c(cc(-c5ccc(-c6c(F)c(F)c(-c7cc[cH:1]s7)c(F)c6F)s5)c(c24)C1=O)C(=O)N(C)C3=O,15,15,True,ok
*c1ccc2c(n1)N(C)C(=O)/C2=C1/C(=O)Oc2cc3c(cc21)OC(=O)/C3=C1/C(=O)N(C)c2nc(-c3cnc(-c4ncc(*)s4)s3)ccc21,21,1,CN1C(=O)/C(=C2/C(=O)Oc3cc4c(cc32)OC(=O)/C4=C2/C(=O)N(C)c3nc(-c4cnc(-c5nccs5)s4)ccc32)c2cccnc21,CN1C(=O)/C(=C2/C(=O)Oc3cc4c(cc32)OC(=O)/C4=C2/C(=O)N(C)c3n[cH:1]ccc32)c2ccc(-c3cnc(-c4nc[cH:2]s4)s3)nc21,21,21,True,ok
*c1ccc2c(n1)N(C)C(=O)/C2=C\c1cc(F)c(/C=C/c2sc(/C=C3\C(=O)N(C)c4nc(-c5cc(F)c(/C=C/c6sc(*)cc6F)s5)ccc43)cc2F)s1,27,1,CN1C(=O)/C(=C\c2cc(F)c(/C=C/c3sc(/C=C4\C(=O)N(C)c5nc(-c6cc(F)c(/C=C/c7sccc7F)s6)ccc54)cc3F)s2)c2cccnc21,CN1C(=O)/C(=C\c2cc(F)c(/C=C/c3sc(/C=C4\C(=O)N(C)c5n[cH:1]ccc54)cc3F)s2)c2ccc(-c3cc(F)c(/C=C/c4s[cH:2]cc4F)s3)nc21,27,27,True,ok
*c1ccc(/C(C#N)=C/c2cc(OC)c(/C=C(\C#N)c3ccc(-c4cc5c6c(c(*)cc7c6c4C(=O)N(C)C7=O)C(=O)N(C)C5=O)s3)cc2OC)s1,19,1,COc1cc(/C=C(\C#N)c2ccc(-c3cc4c5c(ccc6c5c3C(=O)N(C)C6=O)C(=O)N(C)C4=O)s2)c(OC)cc1/C=C(\C#N)c1cccs1,COc1cc(/C=C(\C#N)c2cc[cH:1]s2)c(OC)cc1/C=C(\C#N)c1ccc(-c2cc3c4c([cH:2]cc5c4c2C(=O)N(C)C5=O)C(=O)N(C)C3=O)s1,19,19,True,ok
*c1ccc2c(c1F)N(C)C(=O)/C2=C1/C(=O)N(C)c2nc(-c3ccc4c(n3)N(C)C(=O)/C4=C3/C(=O)N(C)c4c3ccc(-c3sc(-c5sc(*)c(F)c5F)c(F)c3F)c4F)ccc21,25,1,CN1C(=O)/C(=C2/C(=O)N(C)c3c(F)cccc32)c2ccc(-c3ccc4c(n3)N(C)C(=O)/C4=C3/C(=O)N(C)c4c3ccc(-c3sc(-c5scc(F)c5F)c(F)c3F)c4F)nc21,CN1C(=O)/C(=C2/C(=O)N(C)c3c2ccc(-c2sc(-c4s[cH:2]c(F)c4F)c(F)c2F)c3F)c2ccc(-c3ccc4c(n3)N(C)C(=O)/C4=C3/C(=O)N(C)c4c3cc[cH:1]c4F)nc21,25,25,True,ok
*c1ccc2c(n1)N(C)C(=O)/C2=C1/C(=O)Oc2cc3c(cc21)OC(=O)/C3=C1/C(=O)N(C)c2nc(-c3ccc(-c4ccc(-c5ccc(*)[se]5)c5n[se]nc45)[se]3)ccc21,25,1,CN1C(=O)/C(=C2/C(=O)Oc3cc4c(cc32)OC(=O)/C4=C2/C(=O)N(C)c3nc(-c4ccc(-c5ccc(-c6ccc[se]6)c6n[se]nc56)[se]4)ccc32)c2cccnc21,CN1C(=O)/C(=C2/C(=O)Oc3cc4c(cc32)OC(=O)/C4=C2/C(=O)N(C)c3n[cH:1]ccc32)c2ccc(-c3ccc(-c4ccc(-c5cc[cH:2][se]5)c5n[se]nc45)[se]3)nc21,25,25,True,ok
*c1ccc(/C=C/c2ccc(-c3ccc4c(n3)N(C)C(=O)/C4=C3/C(=O)N(C)c4nc(*)ccc43)cc2)cc1,19,1,CN1C(=O)/C(=C2/C(=O)N(C)c3nc(-c4ccc(/C=C/c5ccccc5)cc4)ccc32)c2cccnc21,CN1C(=O)/C(=C2/C(=O)N(C)c3n[cH:2]ccc32)c2ccc(-c3ccc(/C=C/c4cc[cH:1]cc4)cc3)nc21,19,19,True,ok
*c1ccc2c(c1)N(C)C(=O)/C2=c1/cc2s/c(=C3\C(=O)N(C)c4cc(-c5cc6sc(*)cc6s5)ccc43)cc2s1,19,1,CN1C(=O)/C(=c2/cc3s/c(=C4\C(=O)N(C)c5cc(-c6cc7sccc7s6)ccc54)cc3s2)c2ccccc21,CN1C(=O)/C(=c2/cc3s/c(=C4\C(=O)N(C)c5c[cH:1]ccc54)cc3s2)c2ccc(-c3cc4s[cH:2]cc4s3)cc21,19,19,True,ok
*c1cc2sc(-c3sc(-c4c5nsnc5c(-c5cc(C)c(*)s5)c5nc6c(nc45)C(=C(C#N)C#N)c4ccccc4-6)cc3C)cc2s1,14,1,Cc1csc(-c2c3nsnc3c(-c3cc(C)c(-c4cc5sccc5s4)s3)c3nc4c(nc23)-c2ccccc2C4=C(C#N)C#N)c1,Cc1cc(-c2c3nsnc3c(-c3cc(C)[cH:2]s3)c3nc4c(nc23)C(=C(C#N)C#N)c2ccccc2-4)sc1-c1cc2s[cH:1]cc2s1,14,14,True,ok
*c1cc2c(=O)n(C)c(=O)c3cc(*)[se]c3c2[se]1,5,3,Cn1c(=O)c2cc[se]c2c2[se]c(-c3cc4c(=O)n(C)c(=O)c5cc(-c6cc7c(=O)n(C)c(=O)c8cc[se]c8c7[se]6)[se]c5c4[se]3)cc2c1=O,Cn1c(=O)c2cc(-c3cc4c(=O)n(C)c(=O)c5c[cH:1][se]c5c4[se]3)[se]c2c2[se]c(-c3cc4c(=O)n(C)c(=O)c5c[cH:2][se]c5c4[se]3)cc2c1=O,17,17,True,ok
*c1ccc2c(c1)C(=O)N(C)C(=O)/C2=C\C=C1/C(=O)N(C)C(=O)c2cc(-c3sc(-c4ccc(-c5cc(C)c(*)s5)c5nsnc45)cc3C)ccc21,21,1,Cc1csc(-c2ccc(-c3cc(C)c(-c4ccc5c(c4)C(=O)N(C)C(=O)/C5=C\C=C4/C(=O)N(C)C(=O)c5ccccc54)s3)c3nsnc23)c1,Cc1cc(-c2ccc(-c3cc(C)[cH:2]s3)c3nsnc23)sc1-c1ccc2c(c1)C(=O)N(C)C(=O)/C2=C\C=C1/C(=O)N(C)C(=O)c2c[cH:1]ccc21,21,21,True,ok
*c1ccc2c(c1)N(C)C(=O)/C2=c1\s/c(=c2/s/c(=C3\C(=O)N(C)c4cc(-c5ccc(/C=C/c6ccc(*)s6)s5)ccc43)c3c2OCCO3)c2c1OCCO2,23,1,CN1C(=O)/C(=c2\s/c(=c3/s/c(=C4\C(=O)N(C)c5cc(-c6ccc(/C=C/c7cccs7)s6)ccc54)c4c3OCCO4)c3c2OCCO3)c2ccccc21,CN1C(=O)/C(=c2\s/c(=c3/s/c(=C4\C(=O)N(C)c5c[cH:1]ccc54)c4c3OCCO4)c3c2OCCO3)c2ccc(-c3ccc(/C=C/c4cc[cH:2]s4)s3)cc21,23,23,True,ok
*c1ccc2c(c1)N(C)C(=O)/C2=C1/C(=O)N(C)c2c1ccc1c3c(ccc21)/C(=C1\C(=O)N(C)c2cc(-c4ccc(-c5c(F)c(F)c(-c6ccc(*)s6)c6nsnc56)s4)ccc21)C(=O)N3C,27,1,CN1C(=O)/C(=C2/C(=O)N(C)c3c2ccc2c4c(ccc32)/C(=C2\C(=O)N(C)c3cc(-c5ccc(-c6c(F)c(F)c(-c7cccs7)c7nsnc67)s5)ccc32)C(=O)N4C)c2ccccc21,CN1C(=O)/C(=C2/C(=O)N(C)c3c2ccc2c4c(ccc32)/C(=C2\C(=O)N(C)c3c[cH:1]ccc32)C(=O)N4C)c2ccc(-c3ccc(-c4c(F)c(F)c(-c5cc[cH:2]s5)c5nsnc45)s3)cc21,27,27,True,ok
*c1cc(F)c(-c2sc(-c3sc(-c4sc(-c5ccc6c(c5)N(C)C(=O)/C6=C5/C(=O)N(C)c6cc(-c7cc(C)c(-c8cc(C)c(*)s8)s7)ccc65)cc4C)cc3C)cc2F)s1,27,1,Cc1csc(-c2sc(-c3ccc4c(c3)N(C)C(=O)/C4=C3/C(=O)N(C)c4cc(-c5cc(C)c(-c6cc(C)c(-c7cc(F)c(-c8sccc8F)s7)s6)s5)ccc43)cc2C)c1,Cc1cc(-c2ccc3c(c2)N(C)C(=O)/C3=C2/C(=O)N(C)c3cc(-c4cc(C)c(-c5cc(C)[cH:2]s5)s4)ccc32)sc1-c1cc(C)c(-c2cc(F)c(-c3s[cH:1]cc3F)s2)s1,27,27,True,ok
*/C=C/c1ccc2c(n1)N(C)C(=O)/C2=C1/C(=O)N(C)c2cc3c(cc21)N(C)C(=O)/C3=C1/C(=O)N(C)c2nc(*)ccc21,17,1,C=Cc1ccc2c(n1)N(C)C(=O)/C2=C1/C(=O)N(C)c2cc3c(cc21)N(C)C(=O)/C3=C1/C(=O)N(C)c2ncccc21,CN1C(=O)/C(=C2/C(=O)N(C)c3nc(C=[CH2:1])ccc32)c2cc3c(cc21)/C(=C1\C(=O)N(C)c2n[cH:2]ccc21)C(=O)N3C,17,17,True,ok
*c1ccc2c(c1)N(C)C(=O)/C2=c1/cc/c(=c2/cc/c(=C3/C(=O)N(C)c4cc(-c5ccc(/C=C/c6ccc(*)s6)s5)ccc43)s2)s1,23,1,CN1C(=O)/C(=c2/cc/c(=c3/cc/c(=C4/C(=O)N(C)c5cc(-c6ccc(/C=C/c7cccs7)s6)ccc54)s3)s2)c2ccccc21,CN1C(=O)/C(=c2/cc/c(=c3/cc/c(=C4/C(=O)N(C)c5c[cH:1]ccc54)s3)s2)c2ccc(-c3ccc(/C=C/c4cc[cH:2]s4)s3)cc21,23,23,True,ok
*c1cc2c(=O)n(C)c(=O)c3nc4c(nc3c2s1)c(=O)n(C)c(=O)c1cc(-c2cc3c(=O)n(C)c(=O)c5cc(*)sc5c3s2)sc14,15,1,Cn1c(=O)c2ccsc2c2sc(-c3cc4c(=O)n(C)c(=O)c5nc6c(nc5c4s3)c(=O)n(C)c(=O)c3ccsc36)cc2c1=O,Cn1c(=O)c2cc(-c3cc4c(=O)n(C)c(=O)c5nc6c(nc5c4s3)c(=O)n(C)c(=O)c3c[cH:1]sc36)sc2c2s[cH:2]cc2c1=O,15,15,True,ok
*c1ccc(-c2ccc(-c3ccc(-c4ccc5c(c4)N(C)C(=O)/C5=C4/C(=O)N(C)c5cc(*)c(Cl)cc54)s3)c3nsnc23)s1,19,1,CN1C(=O)/C(=C2/C(=O)N(C)c3cc(-c4ccc(-c5ccc(-c6cccs6)c6nsnc56)s4)ccc32)c2cc(Cl)ccc21,CN1C(=O)/C(=C2/C(=O)N(C)c3c[cH:2]c(Cl)cc32)c2ccc(-c3ccc(-c4ccc(-c5cc[cH:1]s5)c5nsnc45)s3)cc21,19,19,True,ok
*c1ccc(/C=C(\C#N)c2ccc(-c3cc4c(s3)/C(=C3\C(=O)N(C)c5cc(*)sc53)C(=O)N4C)s2)s1,15,1,CN1C(=O)/C(=C2/C(=O)N(C)c3cc(-c4ccc(/C(C#N)=C/c5cccs5)s4)sc32)c2sccc21,CN1C(=O)/C(=C2/C(=O)N(C)c3c[cH:2]sc32)c2sc(-c3ccc(/C(C#N)=C/c4cc[cH:1]s4)s3)cc21,15,15,True,ok
*c1ccc(-c2nnc(-c3ccc(-c4cc5c6c(c(*)cc7c6c4C(=O)N(C)C7=O)C(=O)N(C)C5=O)s3)s2)s1,14,1,CN1C(=O)c2ccc3c4c(c(-c5ccc(-c6nnc(-c7cccs7)s6)s5)cc(c24)C1=O)C(=O)N(C)C3=O,CN1C(=O)c2c[cH:2]c3c4c(cc(-c5ccc(-c6nnc(-c7cc[cH:1]s7)s6)s5)c(c24)C1=O)C(=O)N(C)C3=O,14,14,True,ok
*c1ccc(C2=C3C(=O)N(C)C(c4ccc(-c5sc(*)c6ccccc56)s4)=C3C(=O)N2C)s1,12,2,CN1C(=O)C2=C(c3ccc(-c4sc(-c5ccc(C6=C7C(=O)N(C)C(c8ccc(-c9scc%10ccccc9%10)s8)=C7C(=O)N6C)s5)c5ccccc45)s3)N(C)C(=O)C2=C1c1cccs1,CN1C(=O)C2=C(c3ccc(-c4s[cH:2]c5ccccc45)s3)N(C)C(=O)C2=C1c1ccc(-c2sc(-c3ccc(C4=C5C(=O)N(C)C(c6cc[cH:1]s6)=C5C(=O)N4C)s3)c3ccccc23)s1,25,25,True,ok
*c1ccc(C2=C3C(=O)N(C)C(c4ccc(-c5cc6sc(*)cc6s5)o4)=C3C(=O)N2C)o1,14,1,CN1C(=O)C2=C(c3ccc(-c4cc5sccc5s4)o3)N(C)C(=O)C2=C1c1ccco1,CN1C(=O)C2=C(c3cc[cH:1]o3)N(C)C(=O)C2=C1c1ccc(-c2cc3s[cH:2]cc3s2)o1,14,14,True,ok
*c1nc(OC)c(-c2sc(-c3c4c(c(*)c5nsnc35)C(=O)N(C)C4=O)nc2OC)s1,9,2,COc1ncsc1-c1sc(-c2c3c(c(-c4nc(OC)c(-c5sc(-c6c7c(cc8nsnc68)C(=O)N(C)C7=O)nc5OC)s4)c4nsnc24)C(=O)N(C)C3=O)nc1OC,COc1nc(-c2c3c(c(-c4nc(OC)c(-c5s[cH:1]nc5OC)s4)c4nsnc24)C(=O)N(C)C3=O)sc1-c1sc(-c2c3c([cH:2]c4nsnc24)C(=O)N(C)C3=O)nc1OC,19,19,True,ok
*c1ccc2c(c1)N(C)C(=O)/C2=C1/C(=O)N(C)c2cc(/C=C/c3ccc4c(c3)N(C)C(=O)/C4=C3/C(=O)N(C)c4cc(-c5ccc(-c6ccc(*)s6)s5)ccc43)ccc21,27,1,CN1C(=O)/C(=C2/C(=O)N(C)c3cc(/C=C/c4ccc5c(c4)N(C)C(=O)/C5=C4/C(=O)N(C)c5cc(-c6ccc(-c7cccs7)s6)ccc54)ccc32)c2ccccc21,CN1C(=O)/C(=C2/C(=O)N(C)c3cc(-c4ccc(-c5cc[cH:2]s5)s4)ccc32)c2ccc(/C=C/c3ccc4c(c3)N(C)C(=O)/C4=C3/C(=O)N(C)c4c[cH:1]ccc43)cc21,27,27,True,ok
*c1cc2sc3c4sc5cc(-c6c(F)c(F)c(*)c7nn(C)nc67)sc5c4n(C)c3c2s1,12,2,Cn1nc2cc(F)c(F)c(-c3cc4sc5c6sc7cc(-c8c(F)c(F)c(-c9cc%10sc%11c%12sc%13ccsc%13c%12n(C)c%11c%10s9)c9nn(C)nc89)sc7c6n(C)c5c4s3)c2n1,Cn1nc2c(-c3cc4sc5c6sc7cc(-c8c(F)c(F)[cH:2]c9nn(C)nc89)sc7c6n(C)c5c4s3)c(F)c(F)c(-c3cc4sc5c6sc7c[cH:1]sc7c6n(C)c5c4s3)c2n1,25,25,True,ok
*c1ccc(C2=C3C(=O)N(C)C(c4ccc(-c5ccc(C6=C7C(=O)N(C)C(c8ccc(-c9ccc(-c%10c(F)c(F)c(-c%11ccc(*)s%11)c%11nsnc%10%11)s9)s8)=C7C(=O)N6C)s5)s4)=C3C(=O)N2C)s1,29,1,CN1C(=O)C2=C(c3ccc(-c4ccc(C5=C6C(=O)N(C)C(c7ccc(-c8ccc(-c9c(F)c(F)c(-c%10cccs%10)c%10nsnc9%10)s8)s7)=C6C(=O)N5C)s4)s3)N(C)C(=O)C2=C1c1cccs1,CN1C(=O)C2=C(c3ccc(-c4ccc(-c5c(F)c(F)c(-c6cc[cH:2]s6)c6nsnc56)s4)s3)N(C)C(=O)C2=C1c1ccc(-c2ccc(C3=C4C(=O)N(C)C(c5cc[cH:1]s5)=C4C(=O)N3C)s2)s1,29,29,True,ok
*c1ccc2c(c1)sc1c3ccc(-c4cc5c6c(ccc7c8c(*)cc9c%10c(ccc(c4c67)c%108)C(=O)N(C)C9=O)C(=O)N(C)C5=O)cc3sc21,14,1,CN1C(=O)c2ccc3c4ccc5c6c(cc(-c7ccc8c(c7)sc7c9ccccc9sc87)c(c7ccc(c2c37)C1=O)c64)C(=O)N(C)C5=O,CN1C(=O)c2ccc3c4c2c(cc(-c2ccc5c(c2)sc2c6cc[cH:1]cc6sc52)c4c2ccc4c5c(c[cH:2]c3c52)C(=O)N(C)C4=O)C1=O,14,14,True,ok
*c1ccc(C2=C3C(=O)N(C)C(c4ccc(-c5cc(OC)c(*)cc5OC)s4)=C3C(=O)N2C)s1,13,1,COc1ccc(OC)c(-c2ccc(C3=C4C(=O)N(C)C(c5cccs5)=C4C(=O)N3C)s2)c1,COc1c[cH:2]c(OC)cc1-c1ccc(C2=C3C(=O)N(C)C(c4cc[cH:1]s4)=C3C(=O)N2C)s1,13,13,True,ok
*c1ccc(-c2ccc(-c3[se]c(-c4cc5c(cc(-c6cc(C)c(*)[se]6)c6nsnc65)c5nsnc45)cc3C)[se]2)[se]1,17,1,Cc1c[se]c(-c2cc3c(cc(-c4cc(C)c(-c5ccc(-c6ccc[se]6)[se]5)[se]4)c4nsnc43)c3nsnc23)c1,Cc1cc(-c2cc3c(cc(-c4cc(C)[cH:2][se]4)c4nsnc43)c3nsnc23)[se]c1-c1ccc(-c2cc[cH:1][se]2)[se]1,17,17,True,ok
*c1cc2sc(-c3nc4c(=O)n(C)c(=O)c5c(sc6c5sc5c7sc(*)nc7c(=O)n(C)c(=O)c56)c4s3)cc2s1,15,1,Cn1c(=O)c2ncsc2c2sc3c(sc4c5sc(-c6cc7sccc7s6)nc5c(=O)n(C)c(=O)c43)c2c1=O,Cn1c(=O)c2nc(-c3cc4s[cH:1]cc4s3)sc2c2sc3c(sc4c5s[cH:2]nc5c(=O)n(C)c(=O)c43)c2c1=O,15,15,True,ok
*c1ccc2c(n1)N(C)C(=O)/C2=C1/C(=O)N(C)c2nc(-c3ccc(/C=C(\C#N)c4ccc(*)s4)s3)ccc21,17,1,CN1C(=O)/C(=C2/C(=O)N(C)c3nc(-c4ccc(/C=C(\C#N)c5cccs5)s4)ccc32)c2cccnc21,CN1C(=O)/C(=C2/C(=O)N(C)c3n[cH:1]ccc32)c2ccc(-c3ccc(/C=C(\C#N)c4cc[cH:2]s4)s3)nc21,17,17,True,ok
*/C=C/c1ccc(/C=C/c2cc3c4c(c(*)cc5c4c2C(=O)N(C)C5=O)C(=O)N(C)C3=O)[se]1,12,2,C=Cc1ccc(/C=C/c2cc3c4c(c(C=Cc5ccc(/C=C/c6cc7c8c(ccc9c8c6C(=O)N(C)C9=O)C(=O)N(C)C7=O)[se]5)cc5c4c2C(=O)N(C)C5=O)C(=O)N(C)C3=O)[se]1,CN1C(=O)c2cc(/C=C/c3ccc(C=[CH2:1])[se]3)c3c4c(cc(C=Cc5ccc(/C=C/c6cc7c8c([cH:2]cc9c8c6C(=O)N(C)C9=O)C(=O)N(C)C7=O)[se]5)c(c24)C1=O)C(=O)N(C)C3=O,25,25,True,ok
*c1cc(OC)c(-c2cc(F)c(-c3sc(-c4sc(*)c5c4C(=O)N(C)C5=O)cc3OC)cc2F)s1,12,2,COc1ccsc1-c1cc(F)c(-c2sc(-c3sc(-c4cc(OC)c(-c5cc(F)c(-c6sc(-c7scc8c7C(=O)N(C)C8=O)cc6OC)cc5F)s4)c4c3C(=O)N(C)C4=O)cc2OC)cc1F,COc1cc(-c2sc(-c3cc(OC)c(-c4cc(F)c(-c5s[cH:1]cc5OC)cc4F)s3)c3c2C(=O)N(C)C3=O)sc1-c1cc(F)c(-c2sc(-c3s[cH:2]c4c3C(=O)N(C)C4=O)cc2OC)cc1F,25,25,True,ok
*c1ccc2c(n1)N(C)C(=O)/C2=C1/C(=O)N(C)c2nc(-c3cc(F)c(/C=C/c4sc(*)cc4F)s3)ccc21,17,1,CN1C(=O)/C(=C2/C(=O)N(C)c3nc(-c4cc(F)c(/C=C/c5sccc5F)s4)ccc32)c2cccnc21,CN1C(=O)/C(=C2/C(=O)N(C)c3n[cH:1]ccc32)c2ccc(-c3cc(F)c(/C=C/c4s[cH:2]cc4F)s3)nc21,17,17,True,ok
*c1cc2c(=O)n(C)c(=O)c3c(F)c4c(c(F)c3c2s1)c(=O)n(C)c(=O)c1cc(-c2ccc(*)[se]2)sc14,12,2,Cn1c(=O)c2ccsc2c2c(F)c3c(=O)n(C)c(=O)c4cc(-c5ccc(-c6cc7c(=O)n(C)c(=O)c8c(F)c9c(c(F)c8c7s6)c(=O)n(C)c(=O)c6cc(-c7ccc[se]7)sc69)[se]5)sc4c3c(F)c2c1=O,Cn1c(=O)c2cc(-c3ccc(-c4cc5c(=O)n(C)c(=O)c6c(F)c7c(c(F)c6c5s4)c(=O)n(C)c(=O)c4c[cH:1]sc47)[se]3)sc2c2c(F)c3c(=O)n(C)c(=O)c4cc(-c5cc[cH:2][se]5)sc4c3c(F)c2c1=O,25,25,True,ok
*c1cc2c(s1)-c1sc(C3=C4C(=O)N(C)C(c5cc6c(s5)-c5sc(-c7ccc(/C=C/c8ccc(*)[se]8)[se]7)cc5C6(C)C)=C4C(=O)N3C)cc1C2(C)C,23,1,CN1C(=O)C2=C(c3cc4c(s3)-c3sc(-c5ccc(/C=C/c6ccc[se]6)[se]5)cc3C4(C)C)N(C)C(=O)C2=C1c1cc2c(s1)-c1sccc1C2(C)C,CN1C(=O)C2=C(c3cc4c(s3)-c3s[cH:1]cc3C4(C)C)N(C)C(=O)C2=C1c1cc2c(s1)-c1sc(-c3ccc(/C=C/c4cc[cH:2][se]4)[se]3)cc1C2(C)C,23,23,True,ok
*c1ccc(-c2ccc(-c3cc4c(s3)/C(=C3\C(=O)N(C)c5cc(-c6ccc(-c7ccc(-c8cc9c(s8)/C(=C8\C(=O)N(C)C(=O)c%10cc(*)sc%108)C(=O)N9C)s7)s6)sc53)C(=O)N(C)C4=O)s2)s1,27,1,CN1C(=O)/C(=C2/C(=O)N(C)c3cc(-c4ccc(-c5ccc(-c6cc7c(s6)/C(=C6\C(=O)N(C)C(=O)c8cc(-c9ccc(-c%10cccs%10)s9)sc86)C(=O)N7C)s5)s4)sc32)c2sccc2C1=O,CN1C(=O)/C(=C2/C(=O)N(C)c3cc(-c4ccc(-c5ccc(-c6cc7c(s6)/C(=C6\C(=O)N(C)C(=O)c8c[cH:2]sc86)C(=O)N7C)s5)s4)sc32)c2sc(-c3ccc(-c4cc[cH:1]s4)s3)cc2C1=O,27,27,True,ok
*c1ccc(-c2ccc(-c3sc(-c4c([N+](=O)[O-])c5c6nsnc6c(-c6cc(C)c(*)s6)c([N+](=O)[O-])c5c5nsnc45)cc3C)s2)s1,17,1,Cc1csc(-c2c([N+](=O)[O-])c3c4nsnc4c(-c4cc(C)c(-c5ccc(-c6cccs6)s5)s4)c([N+](=O)[O-])c3c3nsnc23)c1,Cc1cc(-c2c([N+](=O)[O-])c3c4nsnc4c(-c4cc(C)[cH:2]s4)c([N+](=O)[O-])c3c3nsnc23)sc1-c1ccc(-c2cc[cH:1]s2)s1,17,17,True,ok
*c1ccc(/C=C/c2ccc(-c3cc4c(cc3Cl)/C(=C3\C(=O)N(C)c5cc(*)c(Cl)cc53)C(=O)N4C)s2)s1,17,1,CN1C(=O)/C(=C2/C(=O)N(C)c3cc(-c4ccc(/C=C/c5cccs5)s4)c(Cl)cc32)c2cc(Cl)ccc21,CN1C(=O)/C(=C2/C(=O)N(C)c3c[cH:2]c(Cl)cc32)c2cc(Cl)c(-c3ccc(/C=C/c4cc[cH:1]s4)s3)cc21,17,17,True,ok
*c1cc2ccc(-c3cc4sc5c(c4s3)C(c3ccc(C)cc3)(c3ccc(C)cc3)c3cc4c(cc3-5)C(c3ccc(C)cc3)(c3ccc(C)cc3)c3c-4sc4cc(*)sc34)ccc-2c1,18,1,Cc1ccc(C2(c3ccc(C)cc3)c3cc4c(cc3-c3sc5ccsc5c32)C(c2ccc(C)cc2)(c2ccc(C)cc2)c2c-4sc3cc(-c4ccc5cccc-5cc4)sc23)cc1,Cc1ccc(C2(c3ccc(C)cc3)c3cc4c(cc3-c3sc5cc(-c6ccc7c[cH:1]cc-7cc6)sc5c32)C(c2ccc(C)cc2)(c2ccc(C)cc2)c2c-4sc3c[cH:2]sc23)cc1,18,18,True,ok
*c1ccc(C2=c3cc4c(cc3N(C)C2=O)=C(c2ccc(-c3ccc(*)[se]3)cc2)C(=O)N4C)cc1,16,1,CN1C(=O)C(c2ccccc2)=c2cc3c(cc21)=C(c1ccc(-c2ccc[se]2)cc1)C(=O)N3C,CN1C(=O)C(c2ccc(-c3cc[cH:2][se]3)cc2)=c2cc3c(cc21)=C(c1cc[cH:1]cc1)C(=O)N3C,16,16,True,ok
*c1ccc(C2=C3C(=O)N(C)C(c4ccc(-c5sc(-c6cc(-c7ccc(C)s7)c(*)s6)cc5-c5ccc(C)s5)s4)=C3C(=O)N2C)s1,15,1,Cc1ccc(-c2csc(-c3cc(-c4ccc(C)s4)c(-c4ccc(C5=C6C(=O)N(C)C(c7cccs7)=C6C(=O)N5C)s4)s3)c2)s1,Cc1ccc(-c2cc(-c3cc(-c4ccc(C)s4)[cH:2]s3)sc2-c2ccc(C3=C4C(=O)N(C)C(c5cc[cH:1]s5)=C4C(=O)N3C)s2)s1,15,15,True,ok
*c1ccc(C2=C3C(=O)N(C)C(c4ccc(-c5cc6c(s5)-c5cc7c(cc5[Si]6(C)C)-c5sc(*)cc5[Si]7(C)C)s4)=C3C(=O)N2C)s1,19,1,CN1C(=O)C2=C(c3ccc(-c4cc5c(s4)-c4cc6c(cc4[Si]5(C)C)-c4sccc4[Si]6(C)C)s3)N(C)C(=O)C2=C1c1cccs1,CN1C(=O)C2=C(c3cc[cH:1]s3)N(C)C(=O)C2=C1c1ccc(-c2cc3c(s2)-c2cc4c(cc2[Si]3(C)C)-c2s[cH:2]cc2[Si]4(C)C)s1,19,19,True,ok
*/C=C/c1ccc(C2=C3C(=O)N(C)C(c4ccc(*)s4)=C3C(=O)N2C)s1,11,2,C=Cc1ccc(C2=C3C(=O)N(C)C(c4ccc(C=Cc5ccc(C6=C7C(=O)N(C)C(c8cccs8)=C7C(=O)N6C)s5)s4)=C3C(=O)N2C)s1,CN1C(=O)C2=C(c3ccc(C=[CH2:1])s3)N(C)C(=O)C2=C1c1ccc(C=Cc2ccc(C3=C4C(=O)N(C)C(c5cc[cH:2]s5)=C4C(=O)N3C)s2)s1,23,23,True,ok
*c1ccc2c(c1)N(C)C(=O)/C2=C1/C(=O)N(C)c2cc(-c3cc4ccc5cc(*)sc5c4s3)ccc21,15,1,CN1C(=O)/C(=C2/C(=O)N(C)c3cc(-c4cc5ccc6ccsc6c5s4)ccc32)c2ccccc21,CN1C(=O)/C(=C2/C(=O)N(C)c3c[cH:1]ccc32)c2ccc(-c3cc4ccc5c[cH:2]sc5c4s3)cc21,15,15,True,ok
*c1ccc2c(c1)c(=O)c1cc3c(cc1n2C)c(=O)c1cc(-c2ccc(-c4ccc(-c5ccc(*)s5)s4)s2)ccc1n3C,20,1,Cn1c2ccccc2c(=O)c2cc3c(cc21)c(=O)c1cc(-c2ccc(-c4ccc(-c5cccs5)s4)s2)ccc1n3C,Cn1c2ccc(-c3ccc(-c4ccc(-c5cc[cH:2]s5)s4)s3)cc2c(=O)c2cc3c(cc21)c(=O)c1c[cH:1]ccc1n3C,20,20,True,ok
*c1cc2c(C)c(C)c3cc4c(cc3c2s1)c(C)c(C)c1cc(-c2sc(-c3cc(C)c(*)s3)cc2C)sc14,15,1,Cc1csc(-c2cc(C)c(-c3cc4c(C)c(C)c5cc6c(cc5c4s3)c(C)c(C)c3ccsc36)s2)c1,Cc1cc(-c2cc(C)[cH:2]s2)sc1-c1cc2c(C)c(C)c3cc4c(cc3c2s1)c(C)c(C)c1c[cH:1]sc14,15,15,True,ok
*c1ccc(-c2c(F)c(F)c(-c3ccc(-c4cc5c(s4)-c4cc6c(cc4C5(C)C)-c4sc(*)cc4C6(C)C)s3)c3nsnc23)s1,19,1,CC1(C)c2cc3c(cc2-c2sccc21)C(C)(C)c1cc(-c2ccc(-c4c(F)c(F)c(-c5cccs5)c5nsnc45)s2)sc1-3,CC1(C)c2cc3c(cc2-c2sc(-c4ccc(-c5c(F)c(F)c(-c6cc[cH:1]s6)c6nsnc56)s4)cc21)C(C)(C)c1c[cH:2]sc1-3,19,19,True,ok
*c1ccc(-c2ccc(-c3ccc(-c4cc5c(s4)/C(=C4\C(=O)N(C)c6cc(*)sc64)C(=O)N5C)s3)s2)s1,16,1,CN1C(=O)/C(=C2/C(=O)N(C)c3cc(-c4ccc(-c5ccc(-c6cccs6)s5)s4)sc32)c2sccc21,CN1C(=O)/C(=C2/C(=O)N(C)c3c[cH:2]sc32)c2sc(-c3ccc(-c4ccc(-c5cc[cH:1]s5)s4)s3)cc21,16,16,True,ok
*c1ccc(-c2c(F)c(F)c(*)c3nn(C)nc23)s1,6,2,Cn1nc2cc(F)c(F)c(-c3ccc(-c4c(F)c(F)c(-c5cccs5)c5nn(C)nc45)s3)c2n1,Cn1nc2c(-c3ccc(-c4c(F)c(F)[cH:2]c5nn(C)nc45)s3)c(F)c(F)c(-c3cc[cH:1]s3)c2n1,13,13,True,ok
*c1ccc2c(c1)N(C)C(=O)/C2=C1/C(=O)N(C)c2cc(-c3ccc(C#Cc4ccc(*)c5nsnc45)c4nsnc34)ccc21,19,1,CN1C(=O)/C(=C2/C(=O)N(C)c3cc(-c4ccc(C#Cc5cccc6nsnc56)c5nsnc45)ccc32)c2ccccc21,CN1C(=O)/C(=C2/C(=O)N(C)c3c[cH:1]ccc32)c2ccc(-c3ccc(C#Cc4cc[cH:2]c5nsnc45)c4nsnc34)cc21,19,19,True,ok
*c1ccc(C#Cc2ccc(-c3ccc(C4=C5C(=O)N(C)C(c6ccc(*)s6)=C5C(=O)N4C)s3)s2)s1,17,1,CN1C(=O)C2=C(c3ccc(-c4ccc(C#Cc5cccs5)s4)s3)N(C)C(=O)C2=C1c1cccs1,CN1C(=O)C2=C(c3cc[cH:2]s3)N(C)C(=O)C2=C1c1ccc(-c2ccc(C#Cc3cc[cH:1]s3)s2)s1,17,17,True,ok
*c1ccc(-c2cc3c4c(ccc5c6c(*)cc7c8c(ccc(c2c45)c86)C(=O)N(C)C7=O)C(=O)N(C)C3=O)c2nsnc12,9,2,CN1C(=O)c2ccc3c4ccc5c6c(cc(-c7ccc(-c8cc9c%10c(ccc%11c%12c(-c%13cccc%14nsnc%13%14)cc%13c%14c(ccc(c8c%10%11)c%14%12)C(=O)N(C)C%13=O)C(=O)N(C)C9=O)c8nsnc78)c(c7ccc(c2c37)C1=O)c64)C(=O)N(C)C5=O,CN1C(=O)c2ccc3c4c(-c5cc[cH:1]c6nsnc56)cc5c6c(ccc(c7c(-c8ccc(-c9cc%10c%11c(ccc%12c%11c9c9ccc%11c%13c(c[cH:2]c%12c%139)C(=O)N(C)C%11=O)C(=O)N(C)C%10=O)c9nsnc89)cc(c2c37)C1=O)c64)C(=O)N(C)C5=O,19,19,True,ok
*c1ccc(-c2ccc(-c3sc(-c4c5nsnc5c(-c5cc(C)c(*)s5)c5nc6c(nc45)-c4cccc5cccc-6c45)cc3C)s2)s1,15,1,Cc1csc(-c2c3nsnc3c(-c3cc(C)c(-c4ccc(-c5cccs5)s4)s3)c3nc4c(nc23)-c2cccc3cccc-4c23)c1,Cc1cc(-c2c3nsnc3c(-c3cc(C)[cH:2]s3)c3nc4c(nc23)-c2cccc3cccc-4c23)sc1-c1ccc(-c2cc[cH:1]s2)s1,15,15,True,ok
*c1ccc(-c2cc3c4c(c(-c5ccc(-c6cc(C)c(-c7sc(*)cc7C)s6)s5)cc5c4c2C(=O)N(C)C5=O)C(=O)N(C)C3=O)s1,17,1,Cc1ccsc1-c1sc(-c2ccc(-c3cc4c5c(c(-c6cccs6)cc6c5c3C(=O)N(C)C6=O)C(=O)N(C)C4=O)s2)cc1C,Cc1cc(-c2ccc(-c3cc4c5c(c(-c6cc[cH:1]s6)cc6c5c3C(=O)N(C)C6=O)C(=O)N(C)C4=O)s2)sc1-c1s[cH:2]cc1C,17,17,True,ok
*c1ccc(C2=C3C(=O)N(C)C(c4ccc(-c5sc(-c6cc(F)c(-c7cc(C)c(*)s7)cc6F)cc5C)s4)=C3C(=O)N2C)s1,19,1,Cc1csc(-c2cc(F)c(-c3cc(C)c(-c4ccc(C5=C6C(=O)N(C)C(c7cccs7)=C6C(=O)N5C)s4)s3)cc2F)c1,Cc1cc(-c2cc(F)c(-c3cc(C)[cH:2]s3)cc2F)sc1-c1ccc(C2=C3C(=O)N(C)C(c4cc[cH:1]s4)=C3C(=O)N2C)s1,19,19,True,ok
*c1cc2c(s1)-c1cc3c(cc1C2(C)C)-c1sc(-c2cc4sc(*)cc4s2)cc1C3(C)C,14,1,CC1(C)c2cc3c(cc2-c2sccc21)C(C)(C)c1cc(-c2cc4sccc4s2)sc1-3,CC1(C)c2cc3c(cc2-c2sc(-c4cc5s[cH:2]cc5s4)cc21)C(C)(C)c1c[cH:1]sc1-3,14,14,True,ok
*c1cc2sc(C3=C4C(=O)N(C)C(c5cc6sc(*)cc6s5)=C4C(=O)N3C)cc2s1,13,1,CN1C(=O)C2=C(c3cc4sccc4s3)N(C)C(=O)C2=C1c1cc2sccc2s1,CN1C(=O)C2=C(c3cc4s[cH:2]cc4s3)N(C)C(=O)C2=C1c1cc2s[cH:1]cc2s1,13,13,True,ok
*c1cc(C)c(-c2sc(-c3cc4c(ccc5c6cc(*)sc6ccc45)s3)cc2C)s1,13,1,Cc1ccsc1-c1sc(-c2cc3c(ccc4c5ccsc5ccc34)s2)cc1C,Cc1cc(-c2cc3c(ccc4c5c[cH:2]sc5ccc34)s2)sc1-c1s[cH:1]cc1C,13,13,True,ok
*c1ccc(C2=C3C(=O)N(C)C(c4ccc(-c5sc(-c6c7c(c(-c8cc(C)c(*)s8)c8nsnc68)N=S=N7)cc5C)s4)=C3C(=O)N2C)s1,19,1,Cc1csc(-c2c3c(c(-c4cc(C)c(-c5ccc(C6=C7C(=O)N(C)C(c8cccs8)=C7C(=O)N6C)s5)s4)c4nsnc24)N=S=N3)c1,Cc1cc(-c2c3c(c(-c4cc(C)[cH:2]s4)c4nsnc24)N=S=N3)sc1-c1ccc(C2=C3C(=O)N(C)C(c4cc[cH:1]s4)=C3C(=O)N2C)s1,19,19,True,ok
*C#Cc1sc(C#Cc2c3nsnc3c(*)c3nc(-c4ccc(C)s4)c(-c4ccc(C)s4)nc23)c(C)c1C,10,2,C#Cc1sc(C#Cc2c3nsnc3c(C#Cc3sc(C#Cc4c5nsnc5cc5nc(-c6ccc(C)s6)c(-c6ccc(C)s6)nc45)c(C)c3C)c3nc(-c4ccc(C)s4)c(-c4ccc(C)s4)nc23)c(C)c1C,Cc1ccc(-c2nc3c(C#Cc4sc(C#Cc5c6nsnc6[cH:2]c6nc(-c7ccc(C)s7)c(-c7ccc(C)s7)nc56)c(C)c4C)c4nsnc4c(C#Cc4sc(C#[CH:1])c(C)c4C)c3nc2-c2ccc(C)s2)s1,21,21,True,ok
*c1cc2c(s1)-c1sc(-c3cnc(-c4cc5c(s4)-c4sc(-c6ncc(*)c7nsnc67)cc4C5(C)C)c4nsnc34)cc1C2(C)C,19,1,CC1(C)c2ccsc2-c2sc(-c3cnc(-c4cc5c(s4)-c4sc(-c6nccc7nsnc67)cc4C5(C)C)c4nsnc34)cc21,CC1(C)c2cc(-c3ncc(-c4cc5c(s4)-c4s[cH:1]cc4C5(C)C)c4nsnc34)sc2-c2sc(-c3nc[cH:2]c4nsnc34)cc21,19,19,True,ok
*c1ccc(-c2ccc(-c3ccc(-c4cc5c(s4)c4sc(*)cc4c4c(C)sc(C)c54)s3)c3nsnc23)s1,15,1,Cc1sc(C)c2c3cc(-c4ccc(-c5ccc(-c6cccs6)c6nsnc56)s4)sc3c3sccc3c12,Cc1sc(C)c2c3c[cH:2]sc3c3sc(-c4ccc(-c5ccc(-c6cc[cH:1]s6)c6nsnc56)s4)cc3c12,15,15,True,ok
*c1ccc(-c2ccc(-c3cc4c5c6c(c7sc(*)cc7c7c6c(c4s3)C(=O)N(C)C7=O)C(=O)N(C)C5=O)s2)s1,14,1,CN1C(=O)c2c3ccsc3c3c4c(c5cc(-c6ccc(-c7cccs7)s6)sc5c(c24)C1=O)C(=O)N(C)C3=O,CN1C(=O)c2c3cc(-c4ccc(-c5cc[cH:1]s5)s4)sc3c3c4c(c5c[cH:2]sc5c(c24)C1=O)C(=O)N(C)C3=O,14,14,True,ok
*c1ccc(C2=C3C(=O)N(C)C(c4ccc(-c5ccc(/C=C/c6ccc(*)[se]6)[se]5)s4)=C3C(=O)N2C)s1,17,1,CN1C(=O)C2=C(c3ccc(-c4ccc(/C=C/c5ccc[se]5)[se]4)s3)N(C)C(=O)C2=C1c1cccs1,CN1C(=O)C2=C(c3cc[cH:1]s3)N(C)C(=O)C2=C1c1ccc(-c2ccc(/C=C/c3cc[cH:2][se]3)[se]2)s1,17,17,True,ok
*/C=C/c1cc2c(cc1F)/C(=C1\C(=O)Oc3cc4c(cc31)OC(=O)/C4=C1/C(=O)N(C)c3cc(*)c(F)cc31)C(=O)N2C,17,1,C=Cc1cc2c(cc1F)/C(=C1\C(=O)Oc3cc4c(cc31)OC(=O)/C4=C1/C(=O)N(C)c3ccc(F)cc31)C(=O)N2C,CN1C(=O)/C(=C2/C(=O)Oc3cc4c(cc32)OC(=O)/C4=C2/C(=O)N(C)c3c[cH:2]c(F)cc32)c2cc(F)c(C=[CH2:1])cc21,17,17,True,ok
*c1cc(C)c(/C=C/c2sc(-c3cc4sc(*)cc4s3)cc2C)s1,12,2,Cc1ccsc1/C=C/c1sc(-c2cc3sc(-c4cc(C)c(/C=C/c5sc(-c6cc7sccc7s6)cc5C)s4)cc3s2)cc1C,Cc1cc(-c2cc3sc(-c4cc(C)c(/C=C/c5s[cH:1]cc5C)s4)cc3s2)sc1/C=C/c1sc(-c2cc3s[cH:2]cc3s2)cc1C,25,25,True,ok
*c1ccc2c3ccc(-c4cc(C)c(-c5ccc(-c6c(=O)n7c8ccccc8c8c(-c9ccc(-c%10sc(*)cc%10C)s9)c(=O)n9c%10ccccc%10c6c9c87)s5)s4)cc3n(C)c2c1,24,1,Cc1ccsc1-c1ccc(-c2c(=O)n3c4ccccc4c4c(-c5ccc(-c6sc(-c7ccc8c9ccccc9n(C)c8c7)cc6C)s5)c(=O)n5c6ccccc6c2c5c43)s1,Cc1cc(-c2ccc3c4cc[cH:1]cc4n(C)c3c2)sc1-c1ccc(-c2c(=O)n3c4ccccc4c4c(-c5ccc(-c6s[cH:2]cc6C)s5)c(=O)n5c6ccccc6c2c5c43)s1,24,24,True,ok
*c1cc2sc(C3=C4C(=O)N(C)C(c5cc6sc(-c7ccc(*)[te]7)cc6s5)=C4C(=O)N3C)cc2s1,16,1,CN1C(=O)C2=C(c3cc4sc(-c5ccc[te]5)cc4s3)N(C)C(=O)C2=C1c1cc2sccc2s1,CN1C(=O)C2=C(c3cc4s[cH:1]cc4s3)N(C)C(=O)C2=C1c1cc2sc(-c3cc[cH:2][te]3)cc2s1,16,16,True,ok
*c1ccc2c(c1)c(=O)c1c(C)c3c(c(C)c12)c(=O)c1cc(-c2ccc(-c4ccc(*)s4)s2)ccc13,16,1,Cc1c2c(=O)c3cc(-c4ccc(-c5cccs5)s4)ccc3c2c(C)c2c(=O)c3ccccc3c12,Cc1c2c(=O)c3c[cH:1]ccc3c2c(C)c2c(=O)c3cc(-c4ccc(-c5cc[cH:2]s5)s4)ccc3c12,16,16,True,ok
*c1ccc(-c2ccc(-c3sc4c(sc5c4sc4c6sc(*)c(C)c6sc45)c3C)s2)s1,14,1,Cc1csc2c1sc1c2sc2c3sc(-c4ccc(-c5cccs5)s4)c(C)c3sc21,Cc1c(-c2ccc(-c3cc[cH:1]s3)s2)sc2c1sc1c2sc2c3s[cH:2]c(C)c3sc21,14,14,True,ok
*c1cc2c(=O)n(C)c(=O)c3cc(-c4sc5c(sc6c7sc8c(C#N)c(*)sc8c7c(=O)n(C)c(=O)c56)c4C#N)sc3c2s1,15,1,Cn1c(=O)c2ccsc2c2sc(-c3sc4c(sc5c6sc7c(C#N)csc7c6c(=O)n(C)c(=O)c45)c3C#N)cc2c1=O,Cn1c(=O)c2cc(-c3sc4c(sc5c6sc7c(C#N)[cH:2]sc7c6c(=O)n(C)c(=O)c45)c3C#N)sc2c2s[cH:1]cc2c1=O,15,15,True,ok
*c1ccc(-c2ccc(-c3sc(C4=c5cc6c(cc5SC4=O)=C(c4cc(C)c(*)s4)C(=O)S6)cc3C)s2)s1,17,1,Cc1csc(C2=c3cc4c(cc3SC2=O)=C(c2cc(C)c(-c3ccc(-c5cccs5)s3)s2)C(=O)S4)c1,Cc1cc(C2=c3cc4c(cc3SC2=O)=C(c2cc(C)[cH:2]s2)C(=O)S4)sc1-c1ccc(-c2cc[cH:1]s2)s1,17,17,True,ok
*c1cc2c([se]1)-c1[se]c(-c3ccc(*)c4nsnc34)cc1C2(C)C,9,2,CC1(C)c2cc[se]c2-c2[se]c(-c3ccc(-c4cc5c([se]4)-c4[se]c(-c6cccc7nsnc67)cc4C5(C)C)c4nsnc34)cc21,CC1(C)c2cc(-c3ccc(-c4cc5c([se]4)-c4[se][cH:1]cc4C5(C)C)c4nsnc34)[se]c2-c2[se]c(-c3cc[cH:2]c4nsnc34)cc21,19,19,True,ok
*c1ccc(/C=c2\nc(OC)/c(=C/c3ccc(-c4ccc(-c5ccc(*)s5)s4)s3)nc2OC)s1,17,1,COc1n/c(=C\c2ccc(-c3ccc(-c4cccs4)s3)s2)c(OC)n/c1=C\c1cccs1,COc1n/c(=C\c2cc[cH:1]s2)c(OC)n/c1=C\c1ccc(-c2ccc(-c3cc[cH:2]s3)s2)s1,17,17,True,ok
*c1cc(F)c(-c2cc3c(s2)-c2sc(-c4c(F)cc(-c5cc6c(s5)-c5sc(*)cc5C6(C)C)cc4F)cc2C3(C)C)c(F)c1,19,1,CC1(C)c2ccsc2-c2sc(-c3cc(F)c(-c4cc5c(s4)-c4sc(-c6c(F)cccc6F)cc4C5(C)C)c(F)c3)cc21,CC1(C)c2cc(-c3c(F)cc(-c4cc5c(s4)-c4s[cH:2]cc4C5(C)C)cc3F)sc2-c2sc(-c3c(F)c[cH:1]cc3F)cc21,19,19,True,ok
*c1cc2c(=O)n(C)c(=O)c3c(sc4c3sc3c5sc6c(sc7c8sc9c(sc%10c%11sc%12c(sc%13c%14sc(*)cc%14c(=O)n(C)c(=O)c%13%12)c%11c(=O)n(C)c(=O)c%109)c8c(=O)n(C)c(=O)c67)c5c(=O)n(C)c(=O)c43)c2s1,25,1,Cn1c(=O)c2ccsc2c2sc3c(sc4c5sc6c(sc7c8sc9c(sc%10c%11sc%12c(sc%13c%14sccc%14c(=O)n(C)c(=O)c%13%12)c%11c(=O)n(C)c(=O)c%109)c8c(=O)n(C)c(=O)c67)c5c(=O)n(C)c(=O)c34)c2c1=O,Cn1c(=O)c2c[cH:1]sc2c2sc3c(sc4c5sc6c(sc7c8sc9c(sc%10c%11sc%12c(sc%13c%14s[cH:2]cc%14c(=O)n(C)c(=O)c%13%12)c%11c(=O)n(C)c(=O)c%109)c8c(=O)n(C)c(=O)c67)c5c(=O)n(C)c(=O)c34)c2c1=O,25,25,True,ok
*c1cc2cc3sc4c(c3cc2s1)C(C)(C)c1cc2c(cc1-4)C(C)(C)c1c-2sc2cc3cc(-c4ccc(*)c5nsnc45)sc3cc12,20,1,CC1(C)c2cc3c(cc2-c2sc4cc5ccsc5cc4c21)C(C)(C)c1c-3sc2cc3cc(-c4cccc5nsnc45)sc3cc12,CC1(C)c2cc3c(cc2-c2sc4cc5cc(-c6cc[cH:2]c7nsnc67)sc5cc4c21)C(C)(C)c1c-3sc2cc3c[cH:1]sc3cc12,20,20,True,ok
*c1cnc(C2=C3C(=O)N(C)C(c4cnc(-c5cc(C#N)c(-c6sc(*)cc6C#N)s5)cn4)=C3C(=O)N2C)cn1,17,1,CN1C(=O)C2=C(c3cnc(-c4cc(C#N)c(-c5sccc5C#N)s4)cn3)N(C)C(=O)C2=C1c1cnccn1,CN1C(=O)C2=C(c3cn[cH:1]cn3)N(C)C(=O)C2=C1c1cnc(-c2cc(C#N)c(-c3s[cH:2]cc3C#N)s2)cn1,17,17,True,ok
*c1ccc2c(c1)C(C)(C)c1cc(-c3cc(C)c(-c4sc(-c5sc(*)cc5C)c5nccnc45)s3)ccc1-2,15,1,Cc1ccsc1-c1sc(-c2sc(-c3ccc4c(c3)C(C)(C)c3ccccc3-4)cc2C)c2nccnc12,Cc1cc(-c2ccc3c(c2)C(C)(C)c2c[cH:1]ccc2-3)sc1-c1sc(-c2s[cH:2]cc2C)c2nccnc12,15,15,True,ok
*c1ccc2c(c1)Sc1cc(-c3cc4c5c(c(*)cc6c5c3C(=O)N(C)C6=O)C(=O)N(C)C4=O)ccc1N2C,12,2,CN1C(=O)c2ccc3c4c(c(-c5ccc6c(c5)Sc5cc(-c7cc8c9c(c(-c%10ccc%11c(c%10)Sc%10ccccc%10N%11C)cc%10c9c7C(=O)N(C)C%10=O)C(=O)N(C)C8=O)ccc5N6C)cc(c24)C1=O)C(=O)N(C)C3=O,CN1C(=O)c2cc(-c3ccc4c(c3)Sc3c[cH:1]ccc3N4C)c3c4c(cc(-c5ccc6c(c5)Sc5cc(-c7cc8c9c([cH:2]cc%10c9c7C(=O)N(C)C%10=O)C(=O)N(C)C8=O)ccc5N6C)c(c24)C1=O)C(=O)N(C)C3=O,25,25,True,ok
*c1ccc(C2=C3C(=O)N(C)C(c4ccc(-c5cc(OC)c(-c6nc7sc(-c8sc(*)cc8OC)nc7s6)s5)s4)=C3C(=O)N2C)s1,20,1,COc1ccsc1-c1nc2sc(-c3sc(-c4ccc(C5=C6C(=O)N(C)C(c7cccs7)=C6C(=O)N5C)s4)cc3OC)nc2s1,COc1cc(-c2ccc(C3=C4C(=O)N(C)C(c5cc[cH:1]s5)=C4C(=O)N3C)s2)sc1-c1nc2sc(-c3s[cH:2]cc3OC)nc2s1,20,20,True,ok
*c1ccc(C2=C3C(=O)N(C)C(c4ccc(-c5cc6cc7c(cc6s5)c5cc6sc(*)cc6cc5n7C)s4)=C3C(=O)N2C)s1,19,1,CN1C(=O)C2=C(c3ccc(-c4cc5cc6c(cc5s4)c4cc5sccc5cc4n6C)s3)N(C)C(=O)C2=C1c1cccs1,CN1C(=O)C2=C(c3cc[cH:1]s3)N(C)C(=O)C2=C1c1ccc(-c2cc3cc4c(cc3s2)c2cc3s[cH:2]cc3cc2n4C)s1,19,19,True,ok
*c1cc2c(C)c(C)c3cc4c(cc3c2s1)c(C)c(C)c1cc(-c2ccc(*)c3nsnc23)sc14,13,1,Cc1c(C)c2ccsc2c2cc3c(C)c(C)c4cc(-c5cccc6nsnc56)sc4c3cc12,Cc1c(C)c2cc(-c3cc[cH:2]c4nsnc34)sc2c2cc3c(C)c(C)c4c[cH:1]sc4c3cc12,13,13,True,ok
*c1ccc(C2=C3C(=C(c4ccc(-c5cc(OC)c(-c6sc(*)cc6OC)s5)s4)C(=O)N3C)N(C)C2=O)s1,15,1,COc1ccsc1-c1sc(-c2ccc(C3=C4C(=C(c5cccs5)C(=O)N4C)N(C)C3=O)s2)cc1OC,COc1cc(-c2ccc(C3=C4C(=C(c5cc[cH:1]s5)C(=O)N4C)N(C)C3=O)s2)sc1-c1s[cH:2]cc1OC,15,15,True,ok
*c1ccc(-c2cc3cc4c(=O)n(C)c5nc(-c6ccc(-c7ccc(*)s7)s6)cc6cc7c(=O)n(C)c(n2)c3c7c4c65)s1,18,1,Cn1c(=O)c2cc3cc(-c4ccc(-c5cccs5)s4)nc4c3c3c(cc5cc(-c6cccs6)nc1c5c23)c(=O)n4C,Cn1c(=O)c2cc3cc(-c4cc[cH:1]s4)nc4c3c3c(cc5cc(-c6ccc(-c7cc[cH:2]s7)s6)nc1c5c23)c(=O)n4C,18,18,True,ok
*c1cc2sc(C3=C4C(=O)N(C)C(c5cc6sc(-c7ccc(*)c8nsnc78)cc6s5)=C4C(=O)N3C)cc2s1,17,1,CN1C(=O)C2=C(c3cc4sc(-c5cccc6nsnc56)cc4s3)N(C)C(=O)C2=C1c1cc2sccc2s1,CN1C(=O)C2=C(c3cc4s[cH:1]cc4s3)N(C)C(=O)C2=C1c1cc2sc(-c3cc[cH:2]c4nsnc34)cc2s1,17,17,True,ok
*c1cc2sc(-c3cc4c(cc(*)c5c(=O)n(C)c(=O)c54)c4c(=O)n(C)c(=O)c34)cc2s1,10,2,Cn1c(=O)c2ccc3c(cc(-c4cc5sc(-c6cc7c(cc(-c8cc9sccc9s8)c8c(=O)n(C)c(=O)c87)c7c(=O)n(C)c(=O)c67)cc5s4)c4c(=O)n(C)c(=O)c43)c2c1=O,Cn1c(=O)c2c(-c3cc4sc(-c5cc6c(c[cH:2]c7c(=O)n(C)c(=O)c67)c6c(=O)n(C)c(=O)c56)cc4s3)cc3c(cc(-c4cc5s[cH:1]cc5s4)c4c(=O)n(C)c(=O)c43)c2c1=O,21,21,True,ok
*c1ccc(C2=C3C(=O)N(C)C(c4ccc(-c5cc6sc7c8sc(*)cc8sc7c6s5)s4)=C3C(=O)N2C)s1,17,1,CN1C(=O)C2=C(c3ccc(-c4cc5sc6c7sccc7sc6c5s4)s3)N(C)C(=O)C2=C1c1cccs1,CN1C(=O)C2=C(c3cc[cH:1]s3)N(C)C(=O)C2=C1c1ccc(-c2cc3sc4c5s[cH:2]cc5sc4c3s2)s1,17,17,True,ok
*C(C#N)=c1sc2c(s1)c1c(=O)n(C)c(=O)c3c4sc(=C(C#N)c5ccc(-c6ccc(*)s6)s5)sc4c4c(=O)n(C)c(=O)c2c4c13,16,1,Cn1c(=O)c2c3sc(=CC#N)sc3c3c(=O)n(C)c(=O)c4c5sc(=C(C#N)c6ccc(-c7cccs7)s6)sc5c(c1=O)c2c34,Cn1c(=O)c2c3sc(=C(C#N)c4ccc(-c5cc[cH:2]s5)s4)sc3c3c(=O)n(C)c(=O)c4c5sc(=[CH:1]C#N)sc5c(c1=O)c2c34,16,16,True,ok
*c1ccc2c(c1)c(=O)n(C)c1nc3cc(-c4ccc(-c5c(F)c(F)c(-c6ccc(*)s6)c6nsnc56)s4)ccc3cc21,19,1,Cn1c(=O)c2ccccc2c2cc3ccc(-c4ccc(-c5c(F)c(F)c(-c6cccs6)c6nsnc56)s4)cc3nc21,Cn1c(=O)c2c[cH:1]ccc2c2cc3ccc(-c4ccc(-c5c(F)c(F)c(-c6cc[cH:2]s6)c6nsnc56)s4)cc3nc21,19,19,True,ok
*c1cnc(C2=C3C(=O)N(C)C(c4cnc(-c5sc(-c6sc(*)c(F)c6F)c(F)c5F)cn4)=C3C(=O)N2C)cn1,17,1,CN1C(=O)C2=C(c3cnc(-c4sc(-c5scc(F)c5F)c(F)c4F)cn3)N(C)C(=O)C2=C1c1cnccn1,CN1C(=O)C2=C(c3cn[cH:1]cn3)N(C)C(=O)C2=C1c1cnc(-c2sc(-c3s[cH:2]c(F)c3F)c(F)c2F)cn1,17,17,True,ok
*c1ccc(C2=C3C(=O)N(C)C(c4ccc(-c5c6c(c(*)c7nsnc57)N=S=N6)s4)=C3C(=O)N2C)s1,13,1,CN1C(=O)C2=C(c3ccc(-c4c5c(cc6nsnc46)N=S=N5)s3)N(C)C(=O)C2=C1c1cccs1,CN1C(=O)C2=C(c3cc[cH:1]s3)N(C)C(=O)C2=C1c1ccc(-c2c3c([cH:2]c4nsnc24)N=S=N3)s1,13,13,True,ok
*c1cc2sc(-c3ccc(C4=C5C(=O)N(C)C(c6ccc(*)[se]6)=C5C(=O)N4C)[se]3)cc2s1,14,1,CN1C(=O)C2=C(c3ccc(-c4cc5sccc5s4)[se]3)N(C)C(=O)C2=C1c1ccc[se]1,CN1C(=O)C2=C(c3cc[cH:2][se]3)N(C)C(=O)C2=C1c1ccc(-c2cc3s[cH:1]cc3s2)[se]1,14,14,True,ok
*c1ccc(C2=N/C(=C3/N=C(c4ccc(-c5cc6c(-c7ccc(C)s7)c7sc(*)cc7c(-c7ccc(C)s7)c6s5)s4)N(C)C3=O)C(=O)N2C)s1,18,1,Cc1ccc(-c2c3cc(-c4ccc(C5=N/C(=C6/N=C(c7cccs7)N(C)C6=O)C(=O)N5C)s4)sc3c(-c3ccc(C)s3)c3ccsc23)s1,Cc1ccc(-c2c3c[cH:2]sc3c(-c3ccc(C)s3)c3cc(-c4ccc(C5=N/C(=C6/N=C(c7cc[cH:1]s7)N(C)C6=O)C(=O)N5C)s4)sc23)s1,18,18,True,ok
*c1ccc(-c2ccc(-c3cc4c5c(c(*)cc6c5c3C(=O)N(C)C6=O)C(=O)N(C)C4=O)[se]2)[se]1,11,2,CN1C(=O)c2ccc3c4c(c(-c5ccc(-c6ccc(-c7cc8c9c(c(-c%10ccc(-c%11ccc[se]%11)[se]%10)cc%10c9c7C(=O)N(C)C%10=O)C(=O)N(C)C8=O)[se]6)[se]5)cc(c24)C1=O)C(=O)N(C)C3=O,CN1C(=O)c2cc(-c3ccc(-c4cc[cH:1][se]4)[se]3)c3c4c(cc(-c5ccc(-c6ccc(-c7cc8c9c([cH:2]cc%10c9c7C(=O)N(C)C%10=O)C(=O)N(C)C8=O)[se]6)[se]5)c(c24)C1=O)C(=O)N(C)C3=O,23,23,True,ok
*c1ccc2c(c1)c(=O)c1cc3c(cc1n2C)c(=O)c1cc(-c2ccc(-c4c(OC)c(OC)c(-c5ccc(*)s5)c5nsnc45)s2)ccc1n3C,21,1,COc1c(OC)c(-c2ccc(-c3ccc4c(c3)c(=O)c3cc5c(cc3n4C)c(=O)c3ccccc3n5C)s2)c2nsnc2c1-c1cccs1,COc1c(OC)c(-c2cc[cH:2]s2)c2nsnc2c1-c1ccc(-c2ccc3c(c2)c(=O)c2cc4c(cc2n3C)c(=O)c2c[cH:1]ccc2n4C)s1,21,21,True,ok
*c1ccc2c(c1)C(c1ccc(C)s1)=C1C2=C(c2ccc(C)s2)c2cc(-c3ccc(-c4ccc(*)s4)s3)ccc21,14,1,Cc1ccc(C2=C3C(=C(c4ccc(C)s4)c4cc(-c5ccc(-c6cccs6)s5)ccc43)c3ccccc32)s1,Cc1ccc(C2=C3C(=C(c4ccc(C)s4)c4c[cH:1]ccc43)c3ccc(-c4ccc(-c5cc[cH:2]s5)s4)cc32)s1,14,14,True,ok
*c1ccc2c3ccc(-c4ccc(C5=C6C(=O)N(C)C(c7ccc(*)s7)=C6C(=O)N5C)s4)cc3n(C)c2c1,16,1,CN1C(=O)C2=C(c3ccc(-c4ccc5c6ccccc6n(C)c5c4)s3)N(C)C(=O)C2=C1c1cccs1,CN1C(=O)C2=C(c3cc[cH:2]s3)N(C)C(=O)C2=C1c1ccc(-c2ccc3c4cc[cH:1]cc4n(C)c3c2)s1,16,16,True,ok
*c1ccc(-c2ccc(-c3cc4c(cc3Cl)/C(=C3\C(=O)N(C)c5cc(*)c(Cl)cc53)C(=O)N4C)[se]2)[se]1,15,1,CN1C(=O)/C(=C2/C(=O)N(C)c3cc(-c4ccc(-c5ccc[se]5)[se]4)c(Cl)cc32)c2cc(Cl)ccc21,CN1C(=O)/C(=C2/C(=O)N(C)c3c[cH:2]c(Cl)cc32)c2cc(Cl)c(-c3ccc(-c4cc[cH:1][se]4)[se]3)cc21,15,15,True,ok
*c1ccc2c(c1)N(C)C(=O)/C2=C1/C(=O)N(C)c2cc3c(cc21)N(C)C(=O)/C3=C1/C(=O)N(C)c2cc(-c3ccc(-c4ccc(*)s4)s3)ccc21,21,1,CN1C(=O)/C(=C2/C(=O)N(C)c3cc4c(cc32)N(C)C(=O)/C4=C2/C(=O)N(C)c3cc(-c4ccc(-c5cccs5)s4)ccc32)c2ccccc21,CN1C(=O)/C(=C2/C(=O)N(C)c3cc4c(cc32)N(C)C(=O)/C4=C2/C(=O)N(C)c3c[cH:1]ccc32)c2ccc(-c3ccc(-c4cc[cH:2]s4)s3)cc21,21,21,True,ok
*c1ccc2c(c1)N(C)C(=O)/C2=C1/C(=O)N(C)c2cc(-c3ccc(/C=C/c4ccc(*)[se]4)[se]3)ccc21,17,1,CN1C(=O)/C(=C2/C(=O)N(C)c3cc(-c4ccc(/C=C/c5ccc[se]5)[se]4)ccc32)c2ccccc21,CN1C(=O)/C(=C2/C(=O)N(C)c3c[cH:1]ccc32)c2ccc(-c3ccc(/C=C/c4cc[cH:2][se]4)[se]3)cc21,17,17,True,ok
*c1ccc2c(c1)N(C)C(=O)/C2=C1/C(=O)Oc2c1ccc1c3c(ccc21)/C(=C1\C(=O)N(C)c2cc(-c4ccc(-c5ccc(*)s5)s4)ccc21)C(=O)O3,23,1,CN1C(=O)/C(=C2/C(=O)Oc3c2ccc2c4c(ccc32)/C(=C2\C(=O)N(C)c3cc(-c5ccc(-c6cccs6)s5)ccc32)C(=O)O4)c2ccccc21,CN1C(=O)/C(=C2/C(=O)Oc3c2ccc2c4c(ccc32)/C(=C2\C(=O)N(C)c3c[cH:1]ccc32)C(=O)O4)c2ccc(-c3ccc(-c4cc[cH:2]s4)s3)cc21,23,23,True,ok
*c1ccc(-c2ccc(-c3cc4c(s3)-c3sc(*)cc3B3c5cc(C)sc5-c5sc(C)cc5N34)s2)s1,11,2,Cc1cc2c(s1)-c1sc(C)cc1N1B2c2ccsc2-c2sc(-c3ccc(-c4ccc(-c5cc6c(s5)-c5sc(-c7ccc(-c8cccs8)s7)cc5N5B6c6cc(C)sc6-c6sc(C)cc65)s4)s3)cc21,Cc1cc2c(s1)-c1sc(C)cc1N1B2c2cc(-c3ccc(-c4ccc(-c5cc6c(s5)-c5s[cH:2]cc5B5c7cc(C)sc7-c7sc(C)cc7N56)s4)s3)sc2-c2sc(-c3ccc(-c4cc[cH:1]s4)s3)cc21,23,23,True,ok
*c1cc(C)c(/C=C/c2sc(-c3cc4c(Cl)c5c(cc4s3)/C(=C3\C(=O)N(C)c4c3cc3sc(*)cc3c4Cl)C(=O)N5C)cc2C)s1,19,1,Cc1ccsc1/C=C/c1sc(-c2cc3c(Cl)c4c(cc3s2)/C(=C2\C(=O)N(C)c3c2cc2sccc2c3Cl)C(=O)N4C)cc1C,Cc1cc(-c2cc3c(Cl)c4c(cc3s2)/C(=C2\C(=O)N(C)c3c2cc2s[cH:2]cc2c3Cl)C(=O)N4C)sc1/C=C/c1s[cH:1]cc1C,19,19,True,ok
*c1ccc2c(c1)N(C)C(=O)/C2=C\c1ccc(/C=C/c2ccc(/C=C3\C(=O)N(C)c4cc(-c5ccc(/C=C/c6ccc(*)[se]6)[se]5)ccc43)s2)s1,27,1,CN1C(=O)/C(=C\c2ccc(/C=C/c3ccc(/C=C4\C(=O)N(C)c5cc(-c6ccc(/C=C/c7ccc[se]7)[se]6)ccc54)s3)s2)c2ccccc21,CN1C(=O)/C(=C\c2ccc(/C=C/c3ccc(/C=C4\C(=O)N(C)c5c[cH:1]ccc54)s3)s2)c2ccc(-c3ccc(/C=C/c4cc[cH:2][se]4)[se]3)cc21,27,27,True,ok
*c1ccc(-c2nc3cc4c(cc3n(C)c2=O)nc(-c2ccc(-c3cc5sc(*)cc5s3)s2)c(=O)n4C)s1,18,1,Cn1c(=O)c(-c2cccs2)nc2cc3c(cc21)nc(-c1ccc(-c2cc4sccc4s2)s1)c(=O)n3C,Cn1c(=O)c(-c2ccc(-c3cc4s[cH:2]cc4s3)s2)nc2cc3c(cc21)nc(-c1cc[cH:1]s1)c(=O)n3C,18,18,True,ok
*c1cc2sc(C3=C4C(=O)N(C)C(c5cc6sc(-c7ccc(/C=C/c8ccc(*)[se]8)[se]7)cc6s5)=C4C(=O)N3C)cc2s1,21,1,CN1C(=O)C2=C(c3cc4sc(-c5ccc(/C=C/c6ccc[se]6)[se]5)cc4s3)N(C)C(=O)C2=C1c1cc2sccc2s1,CN1C(=O)C2=C(c3cc4s[cH:1]cc4s3)N(C)C(=O)C2=C1c1cc2sc(-c3ccc(/C=C/c4cc[cH:2][se]4)[se]3)cc2s1,21,21,True,ok
*c1cnc(C2=C3C(=O)N(C)C(c4ncc(-c5ccc(/C=C/c6ccc(*)[se]6)[se]5)s4)=C3C(=O)N2C)s1,17,1,CN1C(=O)C2=C(c3ncc(-c4ccc(/C=C/c5ccc[se]5)[se]4)s3)N(C)C(=O)C2=C1c1nccs1,CN1C(=O)C2=C(c3nc[cH:1]s3)N(C)C(=O)C2=C1c1ncc(-c2ccc(/C=C/c3cc[cH:2][se]3)[se]2)s1,17,17,True,ok
*c1ccc2cc(C3=C4C(=O)N(C)C(c5cc6ccc(-c7ccc(/C=C/c8ccc(*)s8)s7)cc6s5)=C4C(=O)N3C)sc2c1,21,1,CN1C(=O)C2=C(c3cc4ccc(-c5ccc(/C=C/c6cccs6)s5)cc4s3)N(C)C(=O)C2=C1c1cc2ccccc2s1,CN1C(=O)C2=C(c3cc4cc[cH:1]cc4s3)N(C)C(=O)C2=C1c1cc2ccc(-c3ccc(/C=C/c4cc[cH:2]s4)s3)cc2s1,21,21,True,ok
*c1ccc2c(n1)N(C)C(=O)/C2=C1/C(=O)N(C)c2nc(-c3ccc(*)[se]3)ccc21,12,2,CN1C(=O)/C(=C2/C(=O)N(C)c3nc(-c4ccc(-c5ccc6c(n5)N(C)C(=O)/C6=C5/C(=O)N(C)c6nc(-c7ccc[se]7)ccc65)[se]4)ccc32)c2cccnc21,CN1C(=O)/C(=C2/C(=O)N(C)c3nc(-c4cc[cH:2][se]4)ccc32)c2ccc(-c3ccc(-c4ccc5c(n4)N(C)C(=O)/C5=C4/C(=O)N(C)c5n[cH:1]ccc54)[se]3)nc21,25,25,True,ok
*c1ccc(C2=C3C(=O)N(C)C(c4ccc(-c5cnc(-c6ccc(*)s6)s5)s4)=C3C(=O)N2C)s1,15,1,CN1C(=O)C2=C(c3ccc(-c4cnc(-c5cccs5)s4)s3)N(C)C(=O)C2=C1c1cccs1,CN1C(=O)C2=C(c3cc[cH:1]s3)N(C)C(=O)C2=C1c1ccc(-c2cnc(-c3cc[cH:2]s3)s2)s1,15,15,True,ok
*c1cc2c(s1)/C(=C1\C(=O)N(C)c3cc(-c4cc5sc(*)cc5s4)sc31)C(=O)N2C,12,2,CN1C(=O)/C(=C2/C(=O)N(C)c3cc(-c4cc5sc(-c6cc7c(s6)/C(=C6\C(=O)N(C)c8cc(-c9cc%10sccc%10s9)sc86)C(=O)N7C)cc5s4)sc32)c2sccc21,CN1C(=O)/C(=C2/C(=O)N(C)c3cc(-c4cc5s[cH:2]cc5s4)sc32)c2sc(-c3cc4sc(-c5cc6c(s5)/C(=C5\C(=O)N(C)c7c[cH:1]sc75)C(=O)N6C)cc4s3)cc21,25,25,True,ok
*c1cc2c(s1)c1cc3c(cc1n2C)c1sc(-c2sc(-c4sc(*)c5c4C(=O)N(C)C5=O)c4c2C(=O)N(C)C4=O)cc1n3C,15,1,CN1C(=O)c2csc(-c3sc(-c4cc5c(s4)c4cc6c(cc4n5C)c4sccc4n6C)c4c3C(=O)N(C)C4=O)c2C1=O,CN1C(=O)c2c(-c3cc4c(s3)c3cc5c(cc3n4C)c3s[cH:1]cc3n5C)sc(-c3s[cH:2]c4c3C(=O)N(C)C4=O)c2C1=O,15,15,True,ok
*c1ccc(C2=C3C(=O)N(C)C(c4ccc(-c5ccc(-c6sc7c(sc8c(C)c(-c9ccc(*)s9)sc87)c6C)s5)s4)=C3C(=O)N2C)s1,21,1,Cc1c(-c2cccs2)sc2c1sc1c(C)c(-c3ccc(-c4ccc(C5=C6C(=O)N(C)C(c7cccs7)=C6C(=O)N5C)s4)s3)sc12,Cc1c(-c2ccc(-c3ccc(C4=C5C(=O)N(C)C(c6cc[cH:1]s6)=C5C(=O)N4C)s3)s2)sc2c1sc1c(C)c(-c3cc[cH:2]s3)sc12,21,21,True,ok
*c1ccc(C2=c3nc4c(nc3N(C)C2=O)=C(c2ccc(-c3cc5sc(*)cc5s3)cc2)C(=O)N4C)cc1,18,1,CN1C(=O)C(c2ccccc2)=c2nc3c(nc21)=C(c1ccc(-c2cc4sccc4s2)cc1)C(=O)N3C,CN1C(=O)C(c2ccc(-c3cc4s[cH:2]cc4s3)cc2)=c2nc3c(nc21)=C(c1cc[cH:1]cc1)C(=O)N3C,18,18,True,ok
*c1ccc2cc3cc(-c4ccc(C5=C6C(=O)N(C)C(c7ccc(*)o7)=C6C(=O)N5C)o4)ccc3cc2c1,17,1,CN1C(=O)C2=C(c3ccc(-c4ccc5cc6ccccc6cc5c4)o3)N(C)C(=O)C2=C1c1ccco1,CN1C(=O)C2=C(c3cc[cH:2]o3)N(C)C(=O)C2=C1c1ccc(-c2ccc3cc4c[cH:1]ccc4cc3c2)o1,17,17,True,ok
*c1cc2sc3cc(-c4ccc(C5=C6C(=O)N(C)C(c7ccc(*)[se]7)=C6C(=O)N5C)[se]4)sc3c2s1,15,1,CN1C(=O)C2=C(c3ccc(-c4cc5sc6ccsc6c5s4)[se]3)N(C)C(=O)C2=C1c1ccc[se]1,CN1C(=O)C2=C(c3cc[cH:2][se]3)N(C)C(=O)C2=C1c1ccc(-c2cc3sc4c[cH:1]sc4c3s2)[se]1,15,15,True,ok
*c1ccc(-c2ccc(-c3sc(*)c4c3C(=O)N(C)C4=O)s2)s1,8,2,CN1C(=O)c2csc(-c3ccc(-c4ccc(-c5sc(-c6ccc(-c7cccs7)s6)c6c5C(=O)N(C)C6=O)s4)s3)c2C1=O,CN1C(=O)c2c(-c3ccc(-c4ccc(-c5s[cH:2]c6c5C(=O)N(C)C6=O)s4)s3)sc(-c3ccc(-c4cc[cH:1]s4)s3)c2C1=O,17,17,True,ok
*c1cc2c3cc4c(cc3c3cc(-c5sc6c(C)c(*)sc6c5C)sc3c2s1)C(=O)N(C)C4=O,10,2,Cc1csc2c(C)c(-c3cc4c5cc6c(cc5c5cc(-c7sc8c(C)c(-c9cc%10c%11cc%12c(cc%11c%11ccsc%11c%10s9)C(=O)N(C)C%12=O)sc8c7C)sc5c4s3)C(=O)N(C)C6=O)sc12,Cc1c(-c2cc3c4cc5c(cc4c4cc(-c6sc7c(C)[cH:2]sc7c6C)sc4c3s2)C(=O)N(C)C5=O)sc2c(C)c(-c3cc4c5cc6c(cc5c5c[cH:1]sc5c4s3)C(=O)N(C)C6=O)sc12,21,21,True,ok
*c1ccc2c(c1)N(C)C(=O)/C2=C1/C(=O)N(C)c2cc(-c3ccc4cc5cc(*)ccc5cc4c3)ccc21,17,1,CN1C(=O)/C(=C2/C(=O)N(C)c3cc(-c4ccc5cc6ccccc6cc5c4)ccc32)c2ccccc21,CN1C(=O)/C(=C2/C(=O)N(C)c3c[cH:1]ccc32)c2ccc(-c3ccc4cc5c[cH:2]ccc5cc4c3)cc21,17,17,True,ok
*c1ccc(C2=c3cc4c(cc3N(C)C2=O)=C(c2ccc(-c3ccc(*)s3)s2)C(=O)N4C)s1,14,1,CN1C(=O)C(c2cccs2)=c2cc3c(cc21)=C(c1ccc(-c2cccs2)s1)C(=O)N3C,CN1C(=O)C(c2ccc(-c3cc[cH:2]s3)s2)=c2cc3c(cc21)=C(c1cc[cH:1]s1)C(=O)N3C,14,14,True,ok
*c1ccc2c(c1)N(C)C(=O)/C2=C1/C(=O)N(C)c2cc(-c3sc(*)c4c3C(=O)N(C)C4=O)ccc21,12,2,CN1C(=O)c2csc(-c3ccc4c(c3)N(C)C(=O)/C4=C3/C(=O)N(C)c4cc(-c5sc(-c6ccc7c(c6)N(C)C(=O)/C7=C6/C(=O)N(C)c7ccccc76)c6c5C(=O)N(C)C6=O)ccc43)c2C1=O,CN1C(=O)c2c(-c3ccc4c(c3)N(C)C(=O)/C4=C3/C(=O)N(C)c4cc(-c5s[cH:2]c6c5C(=O)N(C)C6=O)ccc43)sc(-c3ccc4c(c3)N(C)C(=O)/C4=C3/C(=O)N(C)c4c[cH:1]ccc43)c2C1=O,25,25,True,ok
*c1ccc(-c2ccc(/C=C3\C(=O)N(C)c4cc5c(cc43)N(C)C(=O)/C5=C\c3ccc(*)s3)s2)cc1,17,1,CN1C(=O)/C(=C\c2cccs2)c2cc3c(cc21)/C(=C/c1ccc(-c2ccccc2)s1)C(=O)N3C,CN1C(=O)/C(=C\c2ccc(-c3cc[cH:1]cc3)s2)c2cc3c(cc21)/C(=C/c1cc[cH:2]s1)C(=O)N3C,17,17,True,ok
*c1ccc(/C=C/c2ccc(-c3cc4c(OC)nc5cc6c(cc5c4s3)nc(OC)c3cc(*)sc36)s2)s1,17,1,COc1nc2cc3c(cc2c2sccc12)nc(OC)c1cc(-c2ccc(/C=C/c4cccs4)s2)sc13,COc1nc2cc3c(cc2c2sc(-c4ccc(/C=C/c5cc[cH:1]s5)s4)cc12)nc(OC)c1c[cH:2]sc13,17,17,True,ok
*/C=C/c1ccc(-c2nc3c4c5c(c6sc(-c7ccc(*)cc7)nc6c6c5c(c3s2)C(=O)N(C)C6=O)C(=O)N(C)C4=O)cc1,18,1,C=Cc1ccc(-c2nc3c4c5c(c6sc(-c7ccccc7)nc6c6c5c(c3s2)C(=O)N(C)C6=O)C(=O)N(C)C4=O)cc1,CN1C(=O)c2c3nc(-c4ccc(C=[CH2:1])cc4)sc3c3c4c(c5nc(-c6cc[cH:2]cc6)sc5c(c24)C1=O)C(=O)N(C)C3=O,18,18,True,ok
*c1ccc(/C=C/c2ccc(-c3ccc(C4=C5C(=O)N(C)C(c6ccc(*)[se]6)=C5C(=O)N4C)[se]3)[se]2)[se]1,17,1,CN1C(=O)C2=C(c3ccc(-c4ccc(/C=C/c5ccc[se]5)[se]4)[se]3)N(C)C(=O)C2=C1c1ccc[se]1,CN1C(=O)C2=C(c3cc[cH:2][se]3)N(C)C(=O)C2=C1c1ccc(-c2ccc(/C=C/c3cc[cH:1][se]3)[se]2)[se]1,17,17,True,ok
*c1ccc2c(c1)N(C)C(=O)/C2=C1/C(=O)Oc2cc3c(cc21)OC(=O)/C3=C1/C(=O)N(C)c2cc(-c3ccc(C#Cc4ccc(*)s4)s3)ccc21,23,1,CN1C(=O)/C(=C2/C(=O)Oc3cc4c(cc32)OC(=O)/C4=C2/C(=O)N(C)c3cc(-c4ccc(C#Cc5cccs5)s4)ccc32)c2ccccc21,CN1C(=O)/C(=C2/C(=O)Oc3cc4c(cc32)OC(=O)/C4=C2/C(=O)N(C)c3c[cH:1]ccc32)c2ccc(-c3ccc(C#Cc4cc[cH:2]s4)s3)cc21,23,23,True,ok
*c1ccc(C2=c3cc4c(cc3N(C)C2=O)=C(c2ccc(-c3ccc(*)c5nsnc35)cc2)C(=O)N4C)cc1,17,1,CN1C(=O)C(c2ccccc2)=c2cc3c(cc21)=C(c1ccc(-c2cccc4nsnc24)cc1)C(=O)N3C,CN1C(=O)C(c2ccc(-c3cc[cH:2]c4nsnc34)cc2)=c2cc3c(cc21)=C(c1cc[cH:1]cc1)C(=O)N3C,17,17,True,ok
*c1cc2c(s1)-c1sc(-c3c(F)c(F)c(*)c4nsnc34)cc1C2(C)C,9,2,CC1(C)c2ccsc2-c2sc(-c3c(F)c(F)c(-c4cc5c(s4)-c4sc(-c6c(F)c(F)cc7nsnc67)cc4C5(C)C)c4nsnc34)cc21,CC1(C)c2cc(-c3c(F)c(F)c(-c4cc5c(s4)-c4s[cH:1]cc4C5(C)C)c4nsnc34)sc2-c2sc(-c3c(F)c(F)[cH:2]c4nsnc34)cc21,19,19,True,ok
*c1ccc2c(c1)c(=O)c1cc3c(cc1n2C)c(=O)c1cc(-c2ccc(/C=C/c4ccc(*)s4)s2)ccc1n3C,19,1,Cn1c2ccccc2c(=O)c2cc3c(cc21)c(=O)c1cc(-c2ccc(/C=C/c4cccs4)s2)ccc1n3C,Cn1c2ccc(-c3ccc(/C=C/c4cc[cH:2]s4)s3)cc2c(=O)c2cc3c(cc21)c(=O)c1c[cH:1]ccc1n3C,19,19,True,ok
*c1ccc(C2=C3C(=O)N(C)C(c4ccc(-c5cc6c7c(c(*)cc8c7c5C(=O)N(C)C8=O)C(=O)N(C)C6=O)cn4)=C3C(=O)N2C)nc1,17,1,CN1C(=O)c2ccc3c4c(c(-c5ccc(C6=C7C(=O)N(C)C(c8ccccn8)=C7C(=O)N6C)nc5)cc(c24)C1=O)C(=O)N(C)C3=O,CN1C(=O)c2c[cH:2]c3c4c(cc(-c5ccc(C6=C7C(=O)N(C)C(c8cc[cH:1]cn8)=C7C(=O)N6C)nc5)c(c24)C1=O)C(=O)N(C)C3=O,17,17,True,ok
*c1cc2c3cc(C)sc3c3cc4c(cc3c2s1)c1sc(C)cc1c1cc(-c2ccc(*)c3nsnc23)sc14,13,1,Cc1cc2c3ccsc3c3cc4c(cc3c2s1)c1sc(-c2cccc3nsnc23)cc1c1cc(C)sc14,Cc1cc2c3cc(-c4cc[cH:2]c5nsnc45)sc3c3cc4c(cc3c2s1)c1s[cH:1]cc1c1cc(C)sc41,13,13,True,ok
*c1ccc(C2=C3C(=O)N(C)C(c4ccc(-c5cc(C#N)c(*)cc5C#N)s4)=C3C(=O)N2C)s1,13,1,CN1C(=O)C2=C(c3ccc(-c4cc(C#N)ccc4C#N)s3)N(C)C(=O)C2=C1c1cccs1,CN1C(=O)C2=C(c3cc[cH:1]s3)N(C)C(=O)C2=C1c1ccc(-c2cc(C#N)[cH:2]cc2C#N)s1,13,13,True,ok
*c1ccc(-c2ccc(-c3sc(-c4sc(-c5sc(-c6cc(C)c(*)s6)c6c5C(=O)N(C)C6=O)c5c4C(=O)N(C)C5=O)cc3C)s2)s1,17,1,Cc1csc(-c2sc(-c3sc(-c4cc(C)c(-c5ccc(-c6cccs6)s5)s4)c4c3C(=O)N(C)C4=O)c3c2C(=O)N(C)C3=O)c1,Cc1cc(-c2sc(-c3sc(-c4cc(C)[cH:2]s4)c4c3C(=O)N(C)C4=O)c3c2C(=O)N(C)C3=O)sc1-c1ccc(-c2cc[cH:1]s2)s1,17,17,True,ok
*c1ccc2c(c1)c(=O)n(C)c1cc3c4ccc(-c5ccc(-c6ccc(*)s6)s5)cc4c(=O)n(C)c3cc21,17,1,Cn1c(=O)c2ccccc2c2cc3c(cc21)c1ccc(-c2ccc(-c4cccs4)s2)cc1c(=O)n3C,Cn1c(=O)c2cc(-c3ccc(-c4cc[cH:2]s4)s3)ccc2c2cc3c(cc21)c1cc[cH:1]cc1c(=O)n3C,17,17,True,ok
*c1ccc(C2=C3C(=O)N(C)C(c4ccc(-c5ccc(-c6c(F)c(F)c(-c7ccc(*)s7)c(F)c6F)s5)s4)=C3C(=O)N2C)s1,19,1,CN1C(=O)C2=C(c3ccc(-c4ccc(-c5c(F)c(F)c(-c6cccs6)c(F)c5F)s4)s3)N(C)C(=O)C2=C1c1cccs1,CN1C(=O)C2=C(c3cc[cH:1]s3)N(C)C(=O)C2=C1c1ccc(-c2ccc(-c3c(F)c(F)c(-c4cc[cH:2]s4)c(F)c3F)s2)s1,19,19,True,ok
*c1cc2c3[n+](c1)[B-](F)(F)N(C)c1cc(-c4cc(F)c(-c5sc(*)cc5F)s4)c[n+](c1-3)[B-](F)(F)N2C,13,1,CN1c2cc(-c3cc(F)c(-c4sccc4F)s3)c[n+]3c2-c2c(ccc[n+]2[B-]1(F)F)N(C)[B-]3(F)F,CN1c2c[cH:1]c[n+]3c2-c2c(cc(-c4cc(F)c(-c5s[cH:2]cc5F)s4)c[n+]2[B-]1(F)F)N(C)[B-]3(F)F,13,13,True,ok
*/C=C/c1cc(C)c(-c2cc3c(=O)oc(-c4sc(*)cc4C)cc3c(=O)o2)s1,13,1,C=Cc1cc(C)c(-c2cc3c(=O)oc(-c4sccc4C)cc3c(=O)o2)s1,Cc1cc(C=[CH2:1])sc1-c1cc2c(=O)oc(-c3s[cH:2]cc3C)cc2c(=O)o1,13,13,True,ok
*c1ccc(C2=C3C(=O)N(C)C(c4ccc(-c5cc(F)c(/C=C/c6cc(F)c(*)cc6F)cc5F)s4)=C3C(=O)N2C)s1,19,1,CN1C(=O)C2=C(c3ccc(-c4cc(F)c(/C=C/c5cc(F)ccc5F)cc4F)s3)N(C)C(=O)C2=C1c1cccs1,CN1C(=O)C2=C(c3cc[cH:1]s3)N(C)C(=O)C2=C1c1ccc(-c2cc(F)c(/C=C/c3cc(F)[cH:2]cc3F)cc2F)s1,19,19,True,ok
*c1ccc2c(c1)N(C)C(=O)/C2=C1C=C/C(=C2C=C/C(=C3\C(=O)N(C)c4cc(-c5cnc(-c6ncc(*)s6)s5)ccc43)S/2(=O)=O)S\1(=O)=O,21,1,CN1C(=O)/C(=C2\C=C/C(=C3/C=C/C(=C4\C(=O)N(C)c5cc(-c6cnc(-c7nccs7)s6)ccc54)S3(=O)=O)S2(=O)=O)c2ccccc21,CN1C(=O)/C(=C2\C=C/C(=C3/C=C/C(=C4\C(=O)N(C)c5c[cH:1]ccc54)S3(=O)=O)S2(=O)=O)c2ccc(-c3cnc(-c4nc[cH:2]s4)s3)cc21,21,21,True,ok
*c1ccc(C2=C3C(=O)N(C)C(c4ccc(-c5cc(C)c(-c6cc7sc(-c8sc(*)cc8C)cc7s6)s5)cn4)=C3C(=O)N2C)nc1,22,1,Cc1ccsc1-c1cc2sc(-c3sc(-c4ccc(C5=C6C(=O)N(C)C(c7ccccn7)=C6C(=O)N5C)nc4)cc3C)cc2s1,Cc1cc(-c2ccc(C3=C4C(=O)N(C)C(c5cc[cH:1]cn5)=C4C(=O)N3C)nc2)sc1-c1cc2sc(-c3s[cH:2]cc3C)cc2s1,22,22,True,ok
*c1ccc2c(c1)N(C)C(=O)/C2=C1/C(=O)Oc2cc3c(cc21)OC(=O)/C3=C1/C(=O)N(C)c2cc(-c3sc(-c4cc(C)c(*)s4)cc3C)ccc21,21,1,Cc1csc(-c2cc(C)c(-c3ccc4c(c3)N(C)C(=O)/C4=C3/C(=O)Oc4cc5c(cc43)OC(=O)/C5=C3/C(=O)N(C)c4ccccc43)s2)c1,Cc1cc(-c2cc(C)[cH:2]s2)sc1-c1ccc2c(c1)N(C)C(=O)/C2=C1/C(=O)Oc2cc3c(cc21)OC(=O)/C3=C1/C(=O)N(C)c2c[cH:1]ccc21,21,21,True,ok
*c1ccc(C2=C3C(=O)N(C)C(c4ccc(-c5ccc(-c6ccc(*)s6)s5)s4)=C3C(=O)N2C)nc1,16,1,CN1C(=O)C2=C(c3ccc(-c4ccc(-c5cccs5)s4)s3)N(C)C(=O)C2=C1c1ccccn1,CN1C(=O)C2=C(c3ccc(-c4ccc(-c5cc[cH:2]s5)s4)s3)N(C)C(=O)C2=C1c1cc[cH:1]cn1,16,16,True,ok
*c1ccc2c(c1)N(C)C(=O)/C2=C1/C(=O)N(C)c2cc3c(cc21)c(=O)c1cc2c(cc13)c(=O)c1cc3c(cc12)N(C)C(=O)/C3=C1/C(=O)N(C)c2cc(-c3ccc(/C=C/c4ccc(*)s4)s3)ccc21,30,1,CN1C(=O)/C(=C2/C(=O)N(C)c3cc4c(cc32)c(=O)c2cc3c(cc24)c(=O)c2cc4c(cc23)N(C)C(=O)/C4=C2/C(=O)N(C)c3cc(-c4ccc(/C=C/c5cccs5)s4)ccc32)c2ccccc21,CN1C(=O)/C(=C2/C(=O)N(C)c3cc4c(cc32)c(=O)c2cc3c(cc24)c(=O)c2cc4c(cc23)N(C)C(=O)/C4=C2/C(=O)N(C)c3c[cH:1]ccc32)c2ccc(-c3ccc(/C=C/c4cc[cH:2]s4)s3)cc21,30,30,True,ok
*c1ccc(-c2c(F)c(F)c(-c3ccc(-c4cc5c(s4)c(C)cc4c6cc(*)sc6c(C)cc54)s3)c3nsnc23)s1,17,1,Cc1cc2c3cc(-c4ccc(-c5c(F)c(F)c(-c6cccs6)c6nsnc56)s4)sc3c(C)cc2c2ccsc12,Cc1cc2c3c[cH:2]sc3c(C)cc2c2cc(-c3ccc(-c4c(F)c(F)c(-c5cc[cH:1]s5)c5nsnc45)s3)sc12,17,17,True,ok
*c1ccc2c(n1)N(C)C(=O)/C2=C1/C(=O)Oc2cc3c(cc21)OC(=O)/C3=C1/C(=O)N(C)c2nc(-c3cc(C)c(/C=C/c4sc(*)cc4C)s3)ccc21,23,1,Cc1ccsc1/C=C/c1sc(-c2ccc3c(n2)N(C)C(=O)/C3=C2/C(=O)Oc3cc4c(cc32)OC(=O)/C4=C2/C(=O)N(C)c3ncccc32)cc1C,Cc1cc(-c2ccc3c(n2)N(C)C(=O)/C3=C2/C(=O)Oc3cc4c(cc32)OC(=O)/C4=C2/C(=O)N(C)c3n[cH:1]ccc32)sc1/C=C/c1s[cH:2]cc1C,23,23,True,ok
*c1ccc(C2=c3ccc4c5c(ccc4c3N(C)C2=O)=C(c2ccc(-c3cc4c(OC)c6sc(*)cc6c(OC)c4s3)cc2)C(=O)N5C)cc1,22,1,COc1c2cc(-c3ccc(C4=c5ccc6c7c(ccc6c5N(C)C4=O)=C(c4ccccc4)C(=O)N7C)cc3)sc2c(OC)c2ccsc12,COc1c2c[cH:2]sc2c(OC)c2cc(-c3ccc(C4=c5ccc6c7c(ccc6c5N(C)C4=O)=C(c4cc[cH:1]cc4)C(=O)N7C)cc3)sc12,22,22,True,ok
*c1ccc(C2=C3C(=O)N(C)C(c4cc5ccc(-c6cc(F)c(-c7sc(*)cc7F)s6)cc5s4)=C3C(=O)N2C)s1,17,1,CN1C(=O)C2=C(c3cc4ccc(-c5cc(F)c(-c6sccc6F)s5)cc4s3)N(C)C(=O)C2=C1c1cccs1,CN1C(=O)C2=C(c3cc[cH:1]s3)N(C)C(=O)C2=C1c1cc2ccc(-c3cc(F)c(-c4s[cH:2]cc4F)s3)cc2s1,17,17,True,ok
*c1ccc(/C=C/c2ccc(-c3ccc(C4=C5C(=O)N(C)C(c6ccc(*)s6)=C5C(=O)N4C)s3)o2)o1,17,1,CN1C(=O)C2=C(c3ccc(-c4ccc(/C=C/c5ccco5)o4)s3)N(C)C(=O)C2=C1c1cccs1,CN1C(=O)C2=C(c3cc[cH:2]s3)N(C)C(=O)C2=C1c1ccc(-c2ccc(/C=C/c3cc[cH:1]o3)o2)s1,17,17,True,ok
*c1ccc(/C=C/c2cc(OC)c(/C=C/c3ccc(-c4ccc(C5=C6C(=O)N(C)C(c7ccc(*)s7)=C6C(=O)N5C)s4)s3)cc2OC)s1,23,1,COc1cc(/C=C/c2ccc(-c3ccc(C4=C5C(=O)N(C)C(c6cccs6)=C5C(=O)N4C)s3)s2)c(OC)cc1/C=C/c1cccs1,COc1cc(/C=C/c2cc[cH:1]s2)c(OC)cc1/C=C/c1ccc(-c2ccc(C3=C4C(=O)N(C)C(c5cc[cH:2]s5)=C4C(=O)N3C)s2)s1,23,23,True,ok
*c1ccc2c(c1)N(C)C(=O)/C2=C1/C(=O)Oc2c1ccc1c3c(ccc21)/C(=C1\C(=O)N(C)c2cc(-c4cc(C)c(-c5sc(*)cc5C)s4)ccc21)C(=O)O3,23,1,Cc1ccsc1-c1sc(-c2ccc3c(c2)N(C)C(=O)/C3=C2/C(=O)Oc3c2ccc2c4c(ccc32)/C(=C2\C(=O)N(C)c3ccccc32)C(=O)O4)cc1C,Cc1cc(-c2ccc3c(c2)N(C)C(=O)/C3=C2/C(=O)Oc3c2ccc2c4c(ccc32)/C(=C2\C(=O)N(C)c3c[cH:1]ccc32)C(=O)O4)sc1-c1s[cH:2]cc1C,23,23,True,ok
*c1cc(C)c(/C=C/c2sc(-c3cc(C)c(-c4cc5sc(-c6sc(*)cc6C)cc5s4)s3)cc2C)s1,18,1,Cc1ccsc1/C=C/c1sc(-c2cc(C)c(-c3cc4sc(-c5sccc5C)cc4s3)s2)cc1C,Cc1cc(-c2cc(C)c(-c3cc4sc(-c5s[cH:2]cc5C)cc4s3)s2)sc1/C=C/c1s[cH:1]cc1C,18,18,True,ok
*c1cc(OC)c2cc(-c3ccc(C4=C5C(=O)N(C)C(c6ccc(*)s6)=C5C(=O)N4C)s3)cc(OC)c2c1,15,1,COc1cc(-c2ccc(C3=C4C(=O)N(C)C(c5cccs5)=C4C(=O)N3C)s2)cc2c(OC)cccc12,COc1c[cH:1]cc2c(OC)cc(-c3ccc(C4=C5C(=O)N(C)C(c6cc[cH:2]s6)=C5C(=O)N4C)s3)cc12,15,15,True,ok
*c1ccc(-c2c(F)c(F)c(-c3ccc(-c4sc(-c5c6c(c(-c7cc(C)c(*)s7)c7nn(C)nc57)N=S=N6)cc4C)s3)c(F)c2F)s1,19,1,Cc1csc(-c2c3c(c(-c4cc(C)c(-c5ccc(-c6c(F)c(F)c(-c7cccs7)c(F)c6F)s5)s4)c4nn(C)nc24)N=S=N3)c1,Cc1cc(-c2c3c(c(-c4cc(C)[cH:2]s4)c4nn(C)nc24)N=S=N3)sc1-c1ccc(-c2c(F)c(F)c(-c3cc[cH:1]s3)c(F)c2F)s1,19,19,True,ok
*c1cc2sc3c(c2s1)C(C)(C)c1cc2c(cc1-3)C(C)(C)c1c-2sc2cc(-c3cc4sc5cc(*)sc5c4s3)sc12,18,1,CC1(C)c2cc3c(cc2-c2sc4ccsc4c21)C(C)(C)c1c-3sc2cc(-c3cc4sc5ccsc5c4s3)sc12,CC1(C)c2cc3c(cc2-c2sc4cc(-c5cc6sc7c[cH:2]sc7c6s5)sc4c21)C(C)(C)c1c-3sc2c[cH:1]sc12,18,18,True,ok
*/C=C/c1sc(/C=C/c2ccc(/C=C/c3cc(C)c(*)s3)c3nsnc23)cc1C,15,1,C=Cc1sc(/C=C/c2ccc(/C=C/c3cc(C)cs3)c3nsnc23)cc1C,Cc1cc(/C=C/c2ccc(/C=C/c3cc(C)[cH:2]s3)c3nsnc23)sc1C=[CH2:1],15,15,True,ok
*c1ccc(/C=C/c2ccc(-c3sc(/C=C/c4ccc(/C=C/c5cc(C)c(*)s5)c5nsnc45)cc3C)s2)s1,21,1,Cc1csc(/C=C/c2ccc(/C=C/c3cc(C)c(-c4ccc(/C=C/c5cccs5)s4)s3)c3nsnc23)c1,Cc1cc(/C=C/c2ccc(/C=C/c3cc(C)[cH:2]s3)c3nsnc23)sc1-c1ccc(/C=C/c2cc[cH:1]s2)s1,21,21,True,ok
*c1cc(OC)c(-c2sc(-c3c(C#N)c(C#N)c(*)c4n[se]nc34)cc2C)s1,9,2,COc1ccsc1-c1sc(-c2c(C#N)c(C#N)c(-c3cc(OC)c(-c4sc(-c5c(C#N)c(C#N)cc6n[se]nc56)cc4C)s3)c3n[se]nc23)cc1C,COc1cc(-c2c(C#N)c(C#N)c(-c3cc(C)c(-c4s[cH:1]cc4OC)s3)c3n[se]nc23)sc1-c1sc(-c2c(C#N)c(C#N)[cH:2]c3n[se]nc23)cc1C,19,19,True,ok
*c1ccc(C2=C/C(=C3/C=C(c4ccc(-c5ccc(-c6ccc(*)[se]6)[se]5)s4)N(C)C3=O)C(=O)N2C)s1,17,1,CN1C(=O)/C(=C2\C=C(c3ccc(-c4ccc(-c5ccc[se]5)[se]4)s3)N(C)C2=O)C=C1c1cccs1,CN1C(=O)/C(=C2\C=C(c3cc[cH:1]s3)N(C)C2=O)C=C1c1ccc(-c2ccc(-c3cc[cH:2][se]3)[se]2)s1,17,17,True,ok
*c1ccc(/C=C/c2ccc(-c3ccc(-c4c5nn(C)nc5c(-c5ccc(*)s5)c5n[n+](C)[n-]c45)s3)s2)s1,17,1,Cn1nc2c(-c3cccs3)c3n[n+](C)[n-]c3c(-c3ccc(-c4ccc(/C=C/c5cccs5)s4)s3)c2n1,Cn1nc2c(-c3cc[cH:2]s3)c3n[n+](C)[n-]c3c(-c3ccc(-c4ccc(/C=C/c5cc[cH:1]s5)s4)s3)c2n1,17,17,True,ok
*c1ccc(C#Cc2ccc(-c3sc(C4=C5C(=O)N(C)C(c6cc(C)c(*)s6)=C5C(=O)N4C)cc3C)s2)s1,17,1,Cc1csc(C2=C3C(=O)N(C)C(c4cc(C)c(-c5ccc(C#Cc6cccs6)s5)s4)=C3C(=O)N2C)c1,Cc1cc(C2=C3C(=O)N(C)C(c4cc(C)[cH:2]s4)=C3C(=O)N2C)sc1-c1ccc(C#Cc2cc[cH:1]s2)s1,17,17,True,ok
*c1ccc2c(c1)N(C)C(=O)/C2=C1/C(=O)Oc2cc3c(cc21)OC(=O)/C3=C1/C(=O)N(C)c2cc(-c3cc(OC)c(-c4sc(*)cc4OC)s3)ccc21,21,1,COc1ccsc1-c1sc(-c2ccc3c(c2)N(C)C(=O)/C3=C2/C(=O)Oc3cc4c(cc32)OC(=O)/C4=C2/C(=O)N(C)c3ccccc32)cc1OC,COc1cc(-c2ccc3c(c2)N(C)C(=O)/C3=C2/C(=O)Oc3cc4c(cc32)OC(=O)/C4=C2/C(=O)N(C)c3c[cH:1]ccc32)sc1-c1s[cH:2]cc1OC,21,21,True,ok
*c1cc2sc3c(c2s1)N(C)C(=O)/C3=C1/C(=O)N(C)c2c1sc1cc(-c3ccc(/C=C/c4ccc(*)[se]4)[se]3)sc21,19,1,CN1C(=O)/C(=C2/C(=O)N(C)c3c2sc2cc(-c4ccc(/C=C/c5ccc[se]5)[se]4)sc32)c2sc3ccsc3c21,CN1C(=O)/C(=C2/C(=O)N(C)c3c2sc2c[cH:1]sc32)c2sc3cc(-c4ccc(/C=C/c5cc[cH:2][se]5)[se]4)sc3c21,19,19,True,ok
*c1cc(C#N)c(-c2sc(-c3ccc4c(c3F)N(C)C(=O)/C4=C3/C(=O)N(C)c4c3ccc(*)c4F)cc2C#N)s1,15,1,CN1C(=O)/C(=C2/C(=O)N(C)c3c2ccc(-c2cc(C#N)c(-c4sccc4C#N)s2)c3F)c2cccc(F)c21,CN1C(=O)/C(=C2/C(=O)N(C)c3c2cc[cH:2]c3F)c2ccc(-c3cc(C#N)c(-c4s[cH:1]cc4C#N)s3)c(F)c21,15,15,True,ok
*c1ccc(-c2cc3c(s2)C2=C4C(=O)N5C=C(C)c6cc(*)sc6C5=C4C(=O)N2C=C3C)s1,12,2,CC1=CN2C(=O)C3=C4c5sc(-c6ccc(-c7cc8c(s7)C7=C9C(=O)N%10C=C(C)c%11cc(-c%12cccs%12)sc%11C%10=C9C(=O)N7C=C8C)s6)cc5C(C)=CN4C(=O)C3=C2c2sccc21,CC1=CN2C(=O)C3=C4c5sc(-c6cc[cH:1]s6)cc5C(C)=CN4C(=O)C3=C2c2sc(-c3ccc(-c4cc5c(s4)C4=C6C(=O)N7C=C(C)c8c[cH:2]sc8C7=C6C(=O)N4C=C5C)s3)cc21,25,25,True,ok
*c1ccc(-c2ccc(-c3cc4c(ccc5c4c4c(=O)n(C)c(=O)c4c4c6ccc7sc(*)cc7c6c6c(=O)n(C)c(=O)c6c54)s3)s2)s1,17,1,Cn1c(=O)c2c(c1=O)c1c3ccc4sc(-c5ccc(-c6cccs6)s5)cc4c3c3c(=O)n(C)c(=O)c3c1c1ccc3sccc3c12,Cn1c(=O)c2c(c1=O)c1c3ccc4s[cH:2]cc4c3c3c(=O)n(C)c(=O)c3c1c1ccc3sc(-c4ccc(-c5cc[cH:1]s5)s4)cc3c12,17,17,True,ok
*c1ccc2c(n1)N(C)C(=O)/C2=C1/C(=O)N(C)c2c1ccc1c3c(ccc21)/C(=C1\C(=O)N(C)c2nc(-c4cc(F)c(-c5sc(*)cc5F)s4)ccc21)C(=O)N3C,23,1,CN1C(=O)/C(=C2/C(=O)N(C)c3c2ccc2c4c(ccc32)/C(=C2\C(=O)N(C)c3nc(-c5cc(F)c(-c6sccc6F)s5)ccc32)C(=O)N4C)c2cccnc21,CN1C(=O)/C(=C2/C(=O)N(C)c3c2ccc2c4c(ccc32)/C(=C2\C(=O)N(C)c3n[cH:1]ccc32)C(=O)N4C)c2ccc(-c3cc(F)c(-c4s[cH:2]cc4F)s3)nc21,23,23,True,ok
*c1cc(C)c(/C=C/c2sc(-c3cc4sc(C5=C6C(=O)N(C)C(c7cc8sc(*)cc8s7)=C6C(=O)N5C)cc4s3)cc2C)s1,21,1,Cc1ccsc1/C=C/c1sc(-c2cc3sc(C4=C5C(=O)N(C)C(c6cc7sccc7s6)=C5C(=O)N4C)cc3s2)cc1C,Cc1cc(-c2cc3sc(C4=C5C(=O)N(C)C(c6cc7s[cH:2]cc7s6)=C5C(=O)N4C)cc3s2)sc1/C=C/c1s[cH:1]cc1C,21,21,True,ok
*c1ccc2c(c1)N(C)C(=O)/C2=C1C=C/C(=C2C=C/C(=C3\C(=O)N(C)c4cc(-c5cc6sc(*)cc6s5)ccc43)S/2(=O)=O)S\1(=O)=O,20,1,CN1C(=O)/C(=C2\C=C/C(=C3/C=C/C(=C4\C(=O)N(C)c5cc(-c6cc7sccc7s6)ccc54)S3(=O)=O)S2(=O)=O)c2ccccc21,CN1C(=O)/C(=C2\C=C/C(=C3/C=C/C(=C4\C(=O)N(C)c5c[cH:1]ccc54)S3(=O)=O)S2(=O)=O)c2ccc(-c3cc4s[cH:2]cc4s3)cc21,20,20,True,ok
*c1ccc(-c2ccc(C3=C4C(=O)N(C)C(c5ccc(*)s5)=C4C(=O)N3C)s2)nn1,13,1,CN1C(=O)C2=C(c3ccc(-c4cccnn4)s3)N(C)C(=O)C2=C1c1cccs1,CN1C(=O)C2=C(c3cc[cH:2]s3)N(C)C(=O)C2=C1c1ccc(-c2cc[cH:1]nn2)s1,13,13,True,ok
*c1ccc(-c2c(F)c(F)c(-c3ccc(-c4cc5c(OC)c6cccc7c(*)cc8c(OC)c9cccc4c9c5c8c76)s3)c3nsnc23)s1,17,1,COc1c2cccc3c(-c4ccc(-c5c(F)c(F)c(-c6cccs6)c6nsnc56)s4)cc4c(OC)c5cccc6ccc1c(c65)c4c32,COc1c2cccc3c(-c4ccc(-c5c(F)c(F)c(-c6cc[cH:1]s6)c6nsnc56)s4)cc4c(OC)c5cccc6c5c(c1c[cH:2]6)c4c32,17,17,True,ok
*c1cc(C#N)c(/C=C/c2sc(-c3ccc4c(c3F)N(C)C(=O)/C4=C3/C(=O)N(C)c4c3ccc(*)c4F)cc2C#N)s1,17,1,CN1C(=O)/C(=C2/C(=O)N(C)c3c2ccc(-c2cc(C#N)c(/C=C/c4sccc4C#N)s2)c3F)c2cccc(F)c21,CN1C(=O)/C(=C2/C(=O)N(C)c3c2cc[cH:2]c3F)c2ccc(-c3cc(C#N)c(/C=C/c4s[cH:1]cc4C#N)s3)c(F)c21,17,17,True,ok
*c1ccc(C2=C3C(=O)N(C)C(c4ccc(-c5ccc(-c6nnc(-c7ccc(*)[se]7)s6)[se]5)s4)=C3C(=O)N2C)s1,18,1,CN1C(=O)C2=C(c3ccc(-c4ccc(-c5nnc(-c6ccc[se]6)s5)[se]4)s3)N(C)C(=O)C2=C1c1cccs1,CN1C(=O)C2=C(c3cc[cH:1]s3)N(C)C(=O)C2=C1c1ccc(-c2ccc(-c3nnc(-c4cc[cH:2][se]4)s3)[se]2)s1,18,18,True,ok
*c1ccc(/C(C#N)=C2\C(=O)N(C)c3c2ccc2c4c(ccc32)/C(=C(\C#N)c2ccc(-c3sc(-c5cc(C)c(*)s5)cc3C)s2)C(=O)N4C)s1,21,1,Cc1csc(-c2cc(C)c(-c3ccc(/C(C#N)=C4\C(=O)N(C)c5c4ccc4c6c(ccc54)/C(=C(\C#N)c4cccs4)C(=O)N6C)s3)s2)c1,Cc1cc(-c2cc(C)[cH:2]s2)sc1-c1ccc(/C(C#N)=C2\C(=O)N(C)c3c2ccc2c4c(ccc32)/C(=C(\C#N)c2cc[cH:1]s2)C(=O)N4C)s1,21,21,True,ok
*/C=C/c1ccc2c(c1)N(C)C(=O)/C2=C\c1ccc(/C=C/c2ccc(/C=C3\C(=O)N(C)c4cc(*)ccc43)cc2)cc1,23,1,C=Cc1ccc2c(c1)N(C)C(=O)/C2=C\c1ccc(/C=C/c2ccc(/C=C3\C(=O)N(C)c4ccccc43)cc2)cc1,CN1C(=O)/C(=C\c2ccc(/C=C/c3ccc(/C=C4\C(=O)N(C)c5c[cH:2]ccc54)cc3)cc2)c2ccc(C=[CH2:1])cc21,23,23,True,ok
*c1cc(F)c(-c2sc(-c3ccc4c(c3F)N(C)C(=O)/C4=c3\s/c(=c4/s/c(=C5\C(=O)N(C)c6c5ccc(*)c6F)c(OC)c4OC)c(OC)c3OC)cc2F)s1,21,1,COc1c(OC)/c(=c2\s/c(=C3\C(=O)N(C)c4c3ccc(-c3cc(F)c(-c5sccc5F)s3)c4F)c(OC)c2OC)s/c1=C1\C(=O)N(C)c2c(F)cccc21,COc1c(OC)/c(=c2\s/c(=C3\C(=O)N(C)c4c3cc[cH:2]c4F)c(OC)c2OC)s/c1=C1\C(=O)N(C)c2c1ccc(-c1cc(F)c(-c3s[cH:1]cc3F)s1)c2F,21,21,True,ok
*c1ccc(-c2nnc(-c3ccc(-c4cc5c6c(c(*)cc7c6c4C(=O)N(C)C7=O)C(=O)N(C)C5=O)s3)nn2)s1,15,1,CN1C(=O)c2ccc3c4c(c(-c5ccc(-c6nnc(-c7cccs7)nn6)s5)cc(c24)C1=O)C(=O)N(C)C3=O,CN1C(=O)c2c[cH:2]c3c4c(cc(-c5ccc(-c6nnc(-c7cc[cH:1]s7)nn6)s5)c(c24)C1=O)C(=O)N(C)C3=O,15,15,True,ok
*c1ccc2c(c1)c(OC)c1ccc3c4ccc(-c5sc(-c6ccc(-c7cc(C)c(*)s7)c7nsnc67)cc5C)cc4c(OC)c4ccc2c1c43,21,1,COc1c2ccccc2c2ccc3c(OC)c4cc(-c5sc(-c6ccc(-c7cc(C)cs7)c7nsnc67)cc5C)ccc4c4ccc1c2c34,COc1c2cc(-c3sc(-c4ccc(-c5cc(C)[cH:2]s5)c5nsnc45)cc3C)ccc2c2ccc3c(OC)c4c[cH:1]ccc4c4ccc1c2c34,21,21,True,ok
*c1c[c]2c(s1)-c1sc(-c3sc(/C=C/c4cc(C)c(*)s4)cc3C)c[c]1[Ge]2([CH3])[CH3],13,1,Cc1csc(/C=C/c2cc(C)c(-c3c[c]4c(s3)-c3scc[c]3[Ge]4([CH3])[CH3])s2)c1,Cc1cc(/C=C/c2cc(C)[cH:2]s2)sc1-c1c[c]2c(s1)-c1s[cH:1]c[c]1[Ge]2([CH3])[CH3],13,13,True,ok
*c1ccc(-c2cc(C)c(-c3ccc(-c4sc(*)cc4C)c4nsnc34)s2)s1,12,2,Cc1ccsc1-c1ccc(-c2sc(-c3ccc(-c4cc(C)c(-c5ccc(-c6sc(-c7cccs7)cc6C)c6nsnc56)s4)s3)cc2C)c2nsnc12,Cc1cc(-c2ccc(-c3cc(C)c(-c4ccc(-c5s[cH:2]cc5C)c5nsnc45)s3)s2)sc1-c1ccc(-c2sc(-c3cc[cH:1]s3)cc2C)c2nsnc12,25,25,True,ok
*c1ccc(-c2sc(-c3c(OC)c(OC)c(-c4cc(C)c(*)s4)c4nsnc34)cc2C)[se]1,12,2,COc1c(OC)c(-c2cc(C)c(-c3ccc(-c4sc(-c5c(OC)c(OC)c(-c6cc(C)c(-c7ccc[se]7)s6)c6nsnc56)cc4C)[se]3)s2)c2nsnc2c1-c1cc(C)cs1,COc1c(OC)c(-c2cc(C)c(-c3cc[cH:1][se]3)s2)c2nsnc2c1-c1cc(C)c(-c2ccc(-c3sc(-c4c(OC)c(OC)c(-c5cc(C)[cH:2]s5)c5nsnc45)cc3C)[se]2)s1,25,25,True,ok
*c1ccc(-c2ccc(-c3cc4c(=O)n(C)c(=O)c5cc6c(*)cc7c(=O)n(C)c(=O)c8cc3c(c45)c6c78)s2)s1,11,2,Cn1c(=O)c2ccc3cc4c(=O)n(C)c(=O)c5cc(-c6ccc(-c7ccc(-c8cc9c(=O)n(C)c(=O)c%10cc%11c(-c%12ccc(-c%13cccs%13)s%12)cc%12c(=O)n(C)c(=O)c%13cc8c(c9%10)c%11c%12%13)s7)s6)c6cc(c1=O)c2c3c6c54,Cn1c(=O)c2cc(-c3ccc(-c4ccc(-c5cc6c(=O)n(C)c(=O)c7cc8c9c%10c(cc5c9c67)c(=O)n(C)c(=O)c%10c[cH:2]8)s4)s3)c3cc4c(=O)n(C)c(=O)c5cc(-c6ccc(-c7cc[cH:1]s7)s6)c6cc(c1=O)c2c3c6c54,23,23,True,ok
*c1ccc2c(n1)N(C)C(=O)/C2=C1/C(=O)Oc2cc3c(cc21)OC(=O)/C3=C1/C(=O)N(C)c2nc(-c3sc4c(OC)c(*)sc4c3OC)ccc21,20,1,COc1csc2c(OC)c(-c3ccc4c(n3)N(C)C(=O)/C4=C3/C(=O)Oc4cc5c(cc43)OC(=O)/C5=C3/C(=O)N(C)c4ncccc43)sc12,COc1c(-c2ccc3c(n2)N(C)C(=O)/C3=C2/C(=O)Oc3cc4c(cc32)OC(=O)/C4=C2/C(=O)N(C)c3n[cH:1]ccc32)sc2c(OC)[cH:2]sc12,20,20,True,ok
*c1sc(-c2ncc(-c3cnc(-c4cc(C)c(-c5sc(*)c(F)c5F)s4)c4nsnc34)c3nsnc23)cc1C,16,1,Cc1csc(-c2ncc(-c3cnc(-c4cc(C)c(-c5scc(F)c5F)s4)c4nsnc34)c3nsnc23)c1,Cc1cc(-c2ncc(-c3cnc(-c4cc(C)[cH:1]s4)c4nsnc34)c3nsnc23)sc1-c1s[cH:2]c(F)c1F,16,16,True,ok
*c1ccc(C2=C3C(=O)N(C)C(c4ccc(-c5sc(/C=C/c6sc(*)c(Cl)c6Cl)c(Cl)c5Cl)o4)=C3C(=O)N2C)o1,17,1,CN1C(=O)C2=C(c3ccc(-c4sc(/C=C/c5scc(Cl)c5Cl)c(Cl)c4Cl)o3)N(C)C(=O)C2=C1c1ccco1,CN1C(=O)C2=C(c3cc[cH:1]o3)N(C)C(=O)C2=C1c1ccc(-c2sc(/C=C/c3s[cH:2]c(Cl)c3Cl)c(Cl)c2Cl)o1,17,17,True,ok
*c1cc2c(SC)c3sc(-c4ccc(-c5c(OC)c(OC)c(-c6ccc(*)[se]6)c6nsnc56)[se]4)cc3c(SC)c2s1,16,1,COc1c(OC)c(-c2ccc(-c3cc4c(SC)c5sccc5c(SC)c4s3)[se]2)c2nsnc2c1-c1ccc[se]1,COc1c(OC)c(-c2cc[cH:2][se]2)c2nsnc2c1-c1ccc(-c2cc3c(SC)c4s[cH:1]cc4c(SC)c3s2)[se]1,16,16,True,ok
*c1cc2c(-c3ccc(C)s3)c3sc(-c4sc(-c5c6c(c(-c7cc(C)c(*)s7)c7nsnc57)SC(=C(C#N)C#N)S6)cc4C)cc3c(-c3ccc(C)s3)c2s1,16,1,Cc1csc(-c2c3c(c(-c4cc(C)c(-c5cc6c(-c7ccc(C)s7)c7sccc7c(-c7ccc(C)s7)c6s5)s4)c4nsnc24)SC(=C(C#N)C#N)S3)c1,Cc1ccc(-c2c3c[cH:1]sc3c(-c3ccc(C)s3)c3cc(-c4sc(-c5c6c(c(-c7cc(C)[cH:2]s7)c7nsnc57)SC(=C(C#N)C#N)S6)cc4C)sc23)s1,16,16,True,ok
*c1ccc(C2=C3C(=O)N(C)C(c4ccc(-c5nc6c(s5)c5sc7c(sc8c9sc(*)nc9n(C)c87)c5n6C)s4)=C3C(=O)N2C)s1,20,1,CN1C(=O)C2=C(c3ccc(-c4nc5c(s4)c4sc6c(sc7c8scnc8n(C)c76)c4n5C)s3)N(C)C(=O)C2=C1c1cccs1,CN1C(=O)C2=C(c3cc[cH:1]s3)N(C)C(=O)C2=C1c1ccc(-c2nc3c(s2)c2sc4c(sc5c6s[cH:2]nc6n(C)c54)c2n3C)s1,20,20,True,ok
*c1cc2c(=O)n(C)c(=O)c3cc(-c4cc5c(=O)n(C)c(=O)c6cc(-c7sc(/C=C/c8sc(*)c(F)c8F)c(F)c7F)sc6c5s4)sc3c2s1,19,1,Cn1c(=O)c2ccsc2c2sc(-c3cc4c(=O)n(C)c(=O)c5cc(-c6sc(/C=C/c7scc(F)c7F)c(F)c6F)sc5c4s3)cc2c1=O,Cn1c(=O)c2cc(-c3cc4c(=O)n(C)c(=O)c5c[cH:1]sc5c4s3)sc2c2sc(-c3sc(/C=C/c4s[cH:2]c(F)c4F)c(F)c3F)cc2c1=O,19,19,True,ok
*c1cnc(-c2ccc3c(c2F)N(C)C(=O)/C3=C2/C(=O)N(C)c3c2ccc(-c2ncc(-c4ccc(*)[se]4)s2)c3F)s1,18,1,CN1C(=O)/C(=C2/C(=O)N(C)c3c2ccc(-c2ncc(-c4ccc[se]4)s2)c3F)c2ccc(-c3nccs3)c(F)c21,CN1C(=O)/C(=C2/C(=O)N(C)c3c2ccc(-c2nc[cH:1]s2)c3F)c2ccc(-c3ncc(-c4cc[cH:2][se]4)s3)c(F)c21,18,18,True,ok
*c1ccc(C2=C3C(=O)N(C)C(c4ccc(-c5ccc(-c6c7c(c(-c8ccc(*)s8)c8nsnc68)N=S=N7)s5)s4)=C3C(=O)N2C)s1,19,1,CN1C(=O)C2=C(c3ccc(-c4ccc(-c5c6c(c(-c7cccs7)c7nsnc57)N=S=N6)s4)s3)N(C)C(=O)C2=C1c1cccs1,CN1C(=O)C2=C(c3cc[cH:1]s3)N(C)C(=O)C2=C1c1ccc(-c2ccc(-c3c4c(c(-c5cc[cH:2]s5)c5nsnc35)N=S=N4)s2)s1,19,19,True,ok
*c1ccc2c(c1)N(C)C(=O)/C2=c1\s/c(=C2/C(=O)N(C)c3cc(-c4ccc(-c5ccc(*)s5)s4)ccc32)c2c1SCCS2,18,1,CN1C(=O)/C(=c2\s/c(=C3/C(=O)N(C)c4cc(-c5ccc(-c6cccs6)s5)ccc43)c3c2SCCS3)c2ccccc21,CN1C(=O)/C(=c2\s/c(=C3/C(=O)N(C)c4cc(-c5ccc(-c6cc[cH:2]s6)s5)ccc43)c3c2SCCS3)c2cc[cH:1]cc21,18,18,True,ok
*c1ccc(-c2c(F)c(F)c(-c3ccc(-c4cc5c(cc4F)/C(=C4\C(=O)N(C)c6cc(*)c(F)cc64)C(=O)N5C)s3)c3nsnc23)s1,19,1,CN1C(=O)/C(=C2/C(=O)N(C)c3cc(-c4ccc(-c5c(F)c(F)c(-c6cccs6)c6nsnc56)s4)c(F)cc32)c2cc(F)ccc21,CN1C(=O)/C(=C2/C(=O)N(C)c3c[cH:2]c(F)cc32)c2cc(F)c(-c3ccc(-c4c(F)c(F)c(-c5cc[cH:1]s5)c5nsnc45)s3)cc21,19,19,True,ok
*c1ccc2c(c1)C(=O)N(C)C(=O)/C2=C\c1ccc(/C=C/c2ccc(/C=C3\C(=O)N(C)C(=O)c4cc(-c5cc(F)c(-c6sc(*)cc6F)s5)ccc43)s2)s1,25,1,CN1C(=O)/C(=C\c2ccc(/C=C/c3ccc(/C=C4\C(=O)N(C)C(=O)c5cc(-c6cc(F)c(-c7sccc7F)s6)ccc54)s3)s2)c2ccccc2C1=O,CN1C(=O)/C(=C\c2ccc(/C=C/c3ccc(/C=C4\C(=O)N(C)C(=O)c5c[cH:1]ccc54)s3)s2)c2ccc(-c3cc(F)c(-c4s[cH:2]cc4F)s3)cc2C1=O,25,25,True,ok
*c1cc2c(s1)c1sc(-c3ccc(-c4ccc(*)[se]4)[se]3)cc1c1c3c(=O)n(C)c(=O)c3c3c(=O)n(C)c(=O)c3c21,11,2,Cn1c(=O)c2c3c(=O)n(C)c(=O)c3c3c4cc(-c5ccc(-c6ccc(-c7cc8c(s7)c7sc(-c9ccc(-c%10ccc[se]%10)[se]9)cc7c7c9c(=O)n(C)c(=O)c9c9c(=O)n(C)c(=O)c9c87)[se]6)[se]5)sc4c4sccc4c3c2c1=O,Cn1c(=O)c2c3c(=O)n(C)c(=O)c3c3c4cc(-c5ccc(-c6cc[cH:2][se]6)[se]5)sc4c4sc(-c5ccc(-c6ccc(-c7cc8c(s7)c7s[cH:1]cc7c7c9c(=O)n(C)c(=O)c9c9c(=O)n(C)c(=O)c9c87)[se]6)[se]5)cc4c3c2c1=O,23,23,True,ok
*c1cc2c(=O)n(C)c(=O)c3cc(-c4cc5c6nc7c(nc6c6cc(*)sc6c5s4)C(=O)N(C)C7=O)sc3c2s1,11,2,CN1C(=O)c2nc3c4ccsc4c4sc(-c5cc6c(=O)n(C)c(=O)c7cc(-c8cc9c%10nc%11c(nc%10c%10cc(-c%12cc%13c(=O)n(C)c(=O)c%14ccsc%14c%13s%12)sc%10c9s8)C(=O)N(C)C%11=O)sc7c6s5)cc4c3nc2C1=O,CN1C(=O)c2nc3c4cc(-c5cc6c(=O)n(C)c(=O)c7cc(-c8cc9c%10nc%11c(nc%10c%10c[cH:2]sc%10c9s8)C(=O)N(C)C%11=O)sc7c6s5)sc4c4sc(-c5cc6c(=O)n(C)c(=O)c7c[cH:1]sc7c6s5)cc4c3nc2C1=O,23,23,True,ok
*c1ccc(C2=C3C(=O)N(C)C(c4ccc(-c5ccc(-c6ccc(C7=C8C(OC)=NC(c9ccc(-c%10ccc(C%11=C%12C(=O)N(C)C(c%13ccc(*)s%13)=C%12C(=O)N%11C)s%10)s9)=C8C(=O)N7C)s6)c6nsnc56)s4)=C3C(OC)=N2)s1,33,1,COC1=NC(c2cccs2)=C2C(=O)N(C)C(c3ccc(-c4ccc(-c5ccc(C6=C7C(OC)=NC(c8ccc(-c9ccc(C%10=C%11C(=O)N(C)C(c%12cccs%12)=C%11C(=O)N%10C)s9)s8)=C7C(=O)N6C)s5)c5nsnc45)s3)=C12,COC1=NC(c2ccc(-c3ccc(C4=C5C(=O)N(C)C(c6cc[cH:2]s6)=C5C(=O)N4C)s3)s2)=C2C(=O)N(C)C(c3ccc(-c4ccc(-c5ccc(C6=C7C(OC)=NC(c8cc[cH:1]s8)=C7C(=O)N6C)s5)c5nsnc45)s3)=C12,33,33,True,ok
*c1cc(C)c(-c2cc3c4nsnc4c4c5sc(-c6sc(-c7cc8c(-c9cc(F)c(C)s9)c9sc(*)cc9c(-c9cc(F)c(C)s9)c8s7)cc6C)cc5c5nsnc5c4c3s2)s1,20,1,Cc1ccsc1-c1cc2c3nsnc3c3c4sc(-c5sc(-c6cc7c(-c8cc(F)c(C)s8)c8sccc8c(-c8cc(F)c(C)s8)c7s6)cc5C)cc4c4nsnc4c3c2s1,Cc1cc(-c2cc3c(-c4cc(F)c(C)s4)c4s[cH:2]cc4c(-c4cc(F)c(C)s4)c3s2)sc1-c1cc2c3nsnc3c3c4sc(-c5s[cH:1]cc5C)cc4c4nsnc4c3c2s1,20,20,True,ok
*c1cc2c(s1)-c1cc3ccc4cc5c(c6ccc(c1C2(C)C)c3c46)C(C)(C)c1cc(-c2ccc(*)c3nsnc23)sc1-5,17,1,CC1(C)c2ccsc2-c2cc3ccc4cc5c(c6ccc(c21)c3c46)C(C)(C)c1cc(-c2cccc3nsnc23)sc1-5,CC1(C)c2cc(-c3cc[cH:2]c4nsnc34)sc2-c2cc3ccc4cc5c(c6ccc(c21)c3c46)C(C)(C)c1c[cH:1]sc1-5,17,17,True,ok
*c1ccc2c(c1)N(C)C(=O)C2=c1cc(F)/c(=c2\sc(=C3C(=O)N(C)c4cc(-c5ccc(*)s5)ccc43)cc2F)s1,18,1,CN1C(=O)C(=c2cc(F)/c(=c3\sc(=C4C(=O)N(C)c5cc(-c6cccs6)ccc54)cc3F)s2)c2ccccc21,CN1C(=O)C(=c2cc(F)/c(=c3\sc(=C4C(=O)N(C)c5c[cH:1]ccc54)cc3F)s2)c2ccc(-c3cc[cH:2]s3)cc21,18,18,True,ok
*c1sc(-c2sc(-c3nc4sc(-c5sc(*)c6c5C(=O)N(C)C6=O)nc4s3)c3c2C(=O)N(C)C3=O)c(C#N)c1C#N,13,1,CN1C(=O)c2csc(-c3nc4sc(-c5sc(-c6scc(C#N)c6C#N)c6c5C(=O)N(C)C6=O)nc4s3)c2C1=O,CN1C(=O)c2c(-c3nc4sc(-c5s[cH:2]c6c5C(=O)N(C)C6=O)nc4s3)sc(-c3s[cH:1]c(C#N)c3C#N)c2C1=O,13,13,True,ok
*c1cc(OC)c(C2=C/C(=C3/C=C(c4sc(*)cc4OC)SC3=O)C(=O)S2)s1,11,2,COc1ccsc1C1=C/C(=C2/C=C(c3sc(-c4cc(OC)c(C5=C/C(=C6/C=C(c7sccc7OC)SC6=O)C(=O)S5)s4)cc3OC)SC2=O)C(=O)S1,COc1cc(-c2cc(OC)c(C3=C/C(=C4/C=C(c5s[cH:2]cc5OC)SC4=O)C(=O)S3)s2)sc1C1=C/C(=C2/C=C(c3s[cH:1]cc3OC)SC2=O)C(=O)S1,23,23,True,ok
*c1cc2c3[n+](c1)[B-](F)(F)N(C)c1cc(-c4cc(C#N)c(/C=C/c5sc(*)cc5C#N)s4)c[n+](c1-3)[B-](F)(F)N2C,15,1,CN1c2cc(-c3cc(C#N)c(/C=C/c4sccc4C#N)s3)c[n+]3c2-c2c(ccc[n+]2[B-]1(F)F)N(C)[B-]3(F)F,CN1c2c[cH:1]c[n+]3c2-c2c(cc(-c4cc(C#N)c(/C=C/c5s[cH:2]cc5C#N)s4)c[n+]2[B-]1(F)F)N(C)[B-]3(F)F,15,15,True,ok
*c1ccc2c(c1)N(C)C(=O)/C2=C1/C(=O)N(C)c2cc(-c3sc4c(Cl)c(*)sc4c3Cl)ccc21,14,1,CN1C(=O)/C(=C2/C(=O)N(C)c3cc(-c4sc5c(Cl)csc5c4Cl)ccc32)c2ccccc21,CN1C(=O)/C(=C2/C(=O)N(C)c3c[cH:1]ccc32)c2ccc(-c3sc4c(Cl)[cH:2]sc4c3Cl)cc21,14,14,True,ok
*c1ccc(/C=C/c2ccc(-c3ccc4c(c3F)N(C)C(=O)/C4=C3/C(=O)Oc4cc5c(cc43)OC(=O)/C5=C3/C(=O)N(C)c4c3ccc(*)c4F)s2)s1,23,1,CN1C(=O)/C(=C2/C(=O)Oc3cc4c(cc32)OC(=O)/C4=C2/C(=O)N(C)c3c2ccc(-c2ccc(/C=C/c4cccs4)s2)c3F)c2cccc(F)c21,CN1C(=O)/C(=C2/C(=O)Oc3cc4c(cc32)OC(=O)/C4=C2/C(=O)N(C)c3c2cc[cH:2]c3F)c2ccc(-c3ccc(/C=C/c4cc[cH:1]s4)s3)c(F)c21,23,23,True,ok
*c1ccc2c(n1)N(C)C(=O)/C2=C1/C(=O)N(C)c2cc(/C=C/c3ccc4c(c3)N(C)C(=O)/C4=C3/C(=O)N(C)c4nc(-c5ccc(-c6ccc(-c7ccc(*)s7)c7nsnc67)s5)ccc43)ccc21,31,1,CN1C(=O)/C(=C2/C(=O)N(C)c3ncccc32)c2ccc(/C=C/c3ccc4c(c3)N(C)C(=O)/C4=C3/C(=O)N(C)c4nc(-c5ccc(-c6ccc(-c7cccs7)c7nsnc67)s5)ccc43)cc21,CN1C(=O)/C(=C2/C(=O)N(C)c3nc(-c4ccc(-c5ccc(-c6cc[cH:2]s6)c6nsnc56)s4)ccc32)c2ccc(/C=C/c3ccc4c(c3)N(C)C(=O)/C4=C3/C(=O)N(C)c4n[cH:1]ccc43)cc21,31,31,True,ok
*c1ccc2c(c1)N(C)C(=O)/C2=C1/C(=O)Oc2cc3c(cc21)OC(=O)/C3=C1/C(=O)N(C)c2cc(-c3cnc(-c4ccc(-c5ncc(*)s5)c5nsnc45)s3)ccc21,25,1,CN1C(=O)/C(=C2/C(=O)Oc3cc4c(cc32)OC(=O)/C4=C2/C(=O)N(C)c3cc(-c4cnc(-c5ccc(-c6nccs6)c6nsnc56)s4)ccc32)c2ccccc21,CN1C(=O)/C(=C2/C(=O)Oc3cc4c(cc32)OC(=O)/C4=C2/C(=O)N(C)c3c[cH:1]ccc32)c2ccc(-c3cnc(-c4ccc(-c5nc[cH:2]s5)c5nsnc45)s3)cc21,25,25,True,ok
*c1cc2c(s1)-c1sc(-c3sc(-c4c5nc(C)oc5c(-c5cc(C)c(*)s5)c5nc(C)oc45)cc3C)cc1C2(C)C,15,1,Cc1csc(-c2c3nc(C)oc3c(-c3cc(C)c(-c4cc5c(s4)-c4sccc4C5(C)C)s3)c3nc(C)oc23)c1,Cc1nc2c(-c3cc(C)[cH:2]s3)c3oc(C)nc3c(-c3cc(C)c(-c4cc5c(s4)-c4s[cH:1]cc4C5(C)C)s3)c2o1,15,15,True,ok
*c1cc(C#N)c(/C=C/c2sc(-c3sc(C4=C5SC(=O)C(c6cc(C)c(*)s6)=C5SC4=O)cc3C)cc2C#N)s1,17,1,Cc1csc(C2=C3SC(=O)C(c4cc(C)c(-c5cc(C#N)c(/C=C/c6sccc6C#N)s5)s4)=C3SC2=O)c1,Cc1cc(C2=C3SC(=O)C(c4cc(C)[cH:2]s4)=C3SC2=O)sc1-c1cc(C#N)c(/C=C/c2s[cH:1]cc2C#N)s1,17,17,True,ok
